unified_business_number,company_name,registered_address,paid_in_capital_twd,listing_status,industry_code,stock_code,source_id,source_authority,source_dataset,source_data_date
11913502,臺灣水泥股份有限公司,台北市中山北路2段113號,77231817420,TWSE,01,1101,src_tw_twse_portal,臺灣證券交易所,上市公司基本資料 t187ap03_L,2026-08-15
03244509,亞洲水泥股份有限公司,台北市大安區敦化南路2段207號30、31樓,35465628810,TWSE,01,1102,src_tw_twse_portal,臺灣證券交易所,上市公司基本資料 t187ap03_L,2026-08-15
11892801,嘉新水泥股份有限公司,台北市中山北路二段96號,8328745530,TWSE,01,1103,src_tw_twse_portal,臺灣證券交易所,上市公司基本資料 t187ap03_L,2026-08-15
07568009,環球水泥股份有限公司,台北市南京東路二段125號10樓,6866818160,TWSE,01,1104,src_tw_twse_portal,臺灣證券交易所,上市公司基本資料 t187ap03_L,2026-08-15
40601248,幸福水泥股份有限公司,台北市松江路237號15樓,4047380490,TWSE,01,1108,src_tw_twse_portal,臺灣證券交易所,上市公司基本資料 t187ap03_L,2026-08-15
03279507,信大水泥股份有限公司,台北市寶慶路37號7樓,3411588680,TWSE,01,1109,src_tw_twse_portal,臺灣證券交易所,上市公司基本資料 t187ap03_L,2026-08-15
83078600,東南水泥股份有限公司,高雄市前金區五福三路21號4樓之1,5720007970,TWSE,01,1110,src_tw_twse_portal,臺灣證券交易所,上市公司基本資料 t187ap03_L,2026-08-15
11347802,味全食品工業股份有限公司,台北市松江路125號,5060629140,TWSE,02,1201,src_tw_twse_portal,臺灣證券交易所,上市公司基本資料 t187ap03_L,2026-08-15
07067309,味王股份有限公司,台北市中山北路二段79號5樓,2400000000,TWSE,02,1203,src_tw_twse_portal,臺灣證券交易所,上市公司基本資料 t187ap03_L,2026-08-15
73008303,大成長城企業股份有限公司,台南市永康區蔦松二街三號,8947672220,TWSE,02,1210,src_tw_twse_portal,臺灣證券交易所,上市公司基本資料 t187ap03_L,2026-08-15
35012903,大西洋飲料股份有限公司,桃園市平鎮區南勢里2鄰南東路410號,566226270,TWSE,02,1213,src_tw_twse_portal,臺灣證券交易所,上市公司基本資料 t187ap03_L,2026-08-15
36514783,台灣卜蜂企業股份有限公司,台北市松江路八十七號十七樓,2947900980,TWSE,02,1215,src_tw_twse_portal,臺灣證券交易所,上市公司基本資料 t187ap03_L,2026-08-15
73251209,統一企業股份有限公司,71001台南市永康區中正路301號,56820154210,TWSE,02,1216,src_tw_twse_portal,臺灣證券交易所,上市公司基本資料 t187ap03_L,2026-08-15
65534366,愛之味股份有限公司,嘉義縣民雄鄉工業二路11號,4945133360,TWSE,02,1217,src_tw_twse_portal,臺灣證券交易所,上市公司基本資料 t187ap03_L,2026-08-15
59661701,泰山企業股份有限公司,彰化縣田中鎮興工路6號,4999990380,TWSE,02,1218,src_tw_twse_portal,臺灣證券交易所,上市公司基本資料 t187ap03_L,2026-08-15
56192402,福壽實業股份有限公司,台中市沙鹿區沙田路45號,3412383640,TWSE,02,1219,src_tw_twse_portal,臺灣證券交易所,上市公司基本資料 t187ap03_L,2026-08-15
03543210,台榮產業股份有限公司,台北市中山區南京東路二段206號6樓,1770779440,TWSE,02,1220,src_tw_twse_portal,臺灣證券交易所,上市公司基本資料 t187ap03_L,2026-08-15
22102298,福懋油脂股份有限公司,台中市大肚區沙田路一段453號,2422683060,TWSE,02,1225,src_tw_twse_portal,臺灣證券交易所,上市公司基本資料 t187ap03_L,2026-08-15
22102473,佳格食品股份有限公司,台北市內湖區瑞光路610號10樓,9150895910,TWSE,02,1227,src_tw_twse_portal,臺灣證券交易所,上市公司基本資料 t187ap03_L,2026-08-15
11996904,聯華實業控股股份有限公司,臺北市南港區南港路一段209號10樓,17959606680,TWSE,02,1229,src_tw_twse_portal,臺灣證券交易所,上市公司基本資料 t187ap03_L,2026-08-15
07569627,聯華食品工業股份有限公司,台北市迪化街一段148號,2984544750,TWSE,02,1231,src_tw_twse_portal,臺灣證券交易所,上市公司基本資料 t187ap03_L,2026-08-15
20927014,大統益股份有限公司,台南市官田區二鎮里工業西路32號,1599749150,TWSE,02,1232,src_tw_twse_portal,臺灣證券交易所,上市公司基本資料 t187ap03_L,2026-08-15
18559415,天仁茶業股份有限公司,台北市忠孝東路4段107號6樓,905919480,TWSE,02,1233,src_tw_twse_portal,臺灣證券交易所,上市公司基本資料 t187ap03_L,2026-08-15
20651901,黑松股份有限公司,台北市大安區信義路四段296號3樓,4018710940,TWSE,02,1234,src_tw_twse_portal,臺灣證券交易所,上市公司基本資料 t187ap03_L,2026-08-15
85617982,興泰實業股份有限公司,高雄市仁武區高楠公路10號,1885778360,TWSE,02,1235,src_tw_twse_portal,臺灣證券交易所,上市公司基本資料 t187ap03_L,2026-08-15
34106066,宏亞食品股份有限公司,新北市新店區北新路一段86號20樓之6,866740080,TWSE,02,1236,src_tw_twse_portal,臺灣證券交易所,上市公司基本資料 t187ap03_L,2026-08-15
37759808,鮮活控股股份有限公司,"Suite 102, Cannon Place, P.O. Box 712, North Sound Rd.",357813780,TWSE,02,1256,src_tw_twse_portal,臺灣證券交易所,上市公司基本資料 t187ap03_L,2026-08-15
75708007,台灣塑膠工業股份有限公司,高雄市仁武區水管路100號,63657407810,TWSE,03,1301,src_tw_twse_portal,臺灣證券交易所,上市公司基本資料 t187ap03_L,2026-08-15
75370905,南亞塑膠工業股份有限公司,台北市內湖區南京東路六段380號(A1)7樓,79308215890,TWSE,03,1303,src_tw_twse_portal,臺灣證券交易所,上市公司基本資料 t187ap03_L,2026-08-15
11917107,台灣聚合化學品股份有限公司,台北市內湖區基湖路37號12樓,11887635000,TWSE,03,1304,src_tw_twse_portal,臺灣證券交易所,上市公司基本資料 t187ap03_L,2026-08-15
11686106,華夏海灣塑膠股份有限公司,台北市內湖區基湖路37號12樓,5810504940,TWSE,03,1305,src_tw_twse_portal,臺灣證券交易所,上市公司基本資料 t187ap03_L,2026-08-15
83387850,三芳化學工業股份有限公司,高雄市三民區通化街120號,3978181260,TWSE,03,1307,src_tw_twse_portal,臺灣證券交易所,上市公司基本資料 t187ap03_L,2026-08-15
20747385,亞洲聚合股份有限公司,高雄市林園區工業一路3號,5937439190,TWSE,03,1308,src_tw_twse_portal,臺灣證券交易所,上市公司基本資料 t187ap03_L,2026-08-15
11893409,台達化學工業股份有限公司,台北市內湖區基湖路37號12樓,3975868480,TWSE,03,1309,src_tw_twse_portal,臺灣證券交易所,上市公司基本資料 t187ap03_L,2026-08-15
20844865,台灣苯乙烯工業股份有限公司,台北市中正區羅斯福路一段六號八樓之一,5278697640,TWSE,03,1310,src_tw_twse_portal,臺灣證券交易所,上市公司基本資料 t187ap03_L,2026-08-15
04212250,國喬石油化學股份有限公司,臺北市敦化北路135號8樓,15266203280,TWSE,03,1312,src_tw_twse_portal,臺灣證券交易所,上市公司基本資料 t187ap03_L,2026-08-15
04748660,聯成化學科技股份有限公司,台北市南港區南港路一段209號A棟9樓,13308461070,TWSE,03,1313,src_tw_twse_portal,臺灣證券交易所,上市公司基本資料 t187ap03_L,2026-08-15
03084741,中國石油化學工業開發(股)公司,高雄市大社區經建路1號,37848501300,TWSE,03,1314,src_tw_twse_portal,臺灣證券交易所,上市公司基本資料 t187ap03_L,2026-08-15
51059101,達新工業股份有限公司,台中市西屯區工業區35路51號,990990000,TWSE,03,1315,src_tw_twse_portal,臺灣證券交易所,上市公司基本資料 t187ap03_L,2026-08-15
73654033,上曜建設開發股份有限公司,台南市安平區永華路二段248號20樓之6,4016461500,TWSE,14,1316,src_tw_twse_portal,臺灣證券交易所,上市公司基本資料 t187ap03_L,2026-08-15
68326665,東陽實業廠股份有限公司,台南市安和路二段98號,5914770680,TWSE,12,1319,src_tw_twse_portal,臺灣證券交易所,上市公司基本資料 t187ap03_L,2026-08-15
15024509,大洋塑膠工業股份有限公司,"台北市莒光路310號5,6樓",2272282680,TWSE,03,1321,src_tw_twse_portal,臺灣證券交易所,上市公司基本資料 t187ap03_L,2026-08-15
68192103,永裕塑膠工業股份有限公司,台南市仁德區勝利路88號,912745540,TWSE,03,1323,src_tw_twse_portal,臺灣證券交易所,上市公司基本資料 t187ap03_L,2026-08-15
07147916,地球綜合工業股份有限公司,台北市中山區南京東路3段61號7樓,751218820,TWSE,03,1324,src_tw_twse_portal,臺灣證券交易所,上市公司基本資料 t187ap03_L,2026-08-15
11455800,恒大股份有限公司,台北市林森北路372號10樓,852811980,TWSE,03,1325,src_tw_twse_portal,臺灣證券交易所,上市公司基本資料 t187ap03_L,2026-08-15
58650902,台灣化學纖維股份有限公司,彰化市中山路3段359號,58611862910,TWSE,03,1326,src_tw_twse_portal,臺灣證券交易所,上市公司基本資料 t187ap03_L,2026-08-15
26068617,亞洲塑膠再生資源控股有限公司,高雄市苓雅區四維四路190號12樓之2,2689547290,TWSE,03,1337,src_tw_twse_portal,臺灣證券交易所,上市公司基本資料 t187ap03_L,2026-08-15
26594386,廣華控股有限公司,廣東省東莞市厚街鎮橋頭第三工業區,838400000,TWSE,12,1338,src_tw_twse_portal,臺灣證券交易所,上市公司基本資料 t187ap03_L,2026-08-15
22078327,昭輝實業股份有限公司,彰化縣鹿港鎮興業路8號,741238750,TWSE,12,1339,src_tw_twse_portal,臺灣證券交易所,上市公司基本資料 t187ap03_L,2026-08-15
37722768,勝悅新材料有限公司,中國福建省晉江市青陽蓮嶼工業區,1529228550,TWSE,03,1340,src_tw_twse_portal,臺灣證券交易所,上市公司基本資料 t187ap03_L,2026-08-15
82716171,富林塑膠工業(開曼)控股(股)公司,越南海防市陽京郡海城坊范文同路第9里程,528506340,TWSE,03,1341,src_tw_twse_portal,臺灣證券交易所,上市公司基本資料 t187ap03_L,2026-08-15
12386676,八貫企業股份有限公司,宜蘭縣冬山鄉德興四路6號,780009020,TWSE,20,1342,src_tw_twse_portal,臺灣證券交易所,上市公司基本資料 t187ap03_L,2026-08-15
03522600,遠東新世紀股份有限公司,台北市大安區敦化南路二段207號36樓,53528752270,TWSE,04,1402,src_tw_twse_portal,臺灣證券交易所,上市公司基本資料 t187ap03_L,2026-08-15
07435515,新光合成纖維股份有限公司,臺北市中山區中山北路2段44號14、17樓,16184092860,TWSE,04,1409,src_tw_twse_portal,臺灣證券交易所,上市公司基本資料 t187ap03_L,2026-08-15
35286207,南洋染整股份有限公司,桃園市蘆竹區南山路三段二三三號,620000000,TWSE,04,1410,src_tw_twse_portal,臺灣證券交易所,上市公司基本資料 t187ap03_L,2026-08-15
07220710,宏洲纖維工業股份有限公司,台北市內湖區瑞光路607號7樓,1321124540,TWSE,04,1413,src_tw_twse_portal,臺灣證券交易所,上市公司基本資料 t187ap03_L,2026-08-15
73141105,東和紡織股份有限公司,台北市仁愛路四段376號13樓,1980000000,TWSE,04,1414,src_tw_twse_portal,臺灣證券交易所,上市公司基本資料 t187ap03_L,2026-08-15
43434316,廣豐實業股份有限公司,台北市大安區敦化南路2段97號28樓,1853421680,TWSE,20,1416,src_tw_twse_portal,臺灣證券交易所,上市公司基本資料 t187ap03_L,2026-08-15
11825825,嘉裕股份有限公司,臺北市仁愛路四段25號7樓,1899418400,TWSE,04,1417,src_tw_twse_portal,臺灣證券交易所,上市公司基本資料 t187ap03_L,2026-08-15
11083148,東華龍股份有限公司,台北市新生南路1段56號9樓,568343090,TWSE,04,1418,src_tw_twse_portal,臺灣證券交易所,上市公司基本資料 t187ap03_L,2026-08-15
07435901,新光紡織股份有限公司,台北市中山區中山北路二段44號15樓,3000412800,TWSE,04,1419,src_tw_twse_portal,臺灣證券交易所,上市公司基本資料 t187ap03_L,2026-08-15
11311608,利華羊毛工業股份有限公司,台北市忠孝東路四段310號12樓,996480000,TWSE,04,1423,src_tw_twse_portal,臺灣證券交易所,上市公司基本資料 t187ap03_L,2026-08-15
04690983,大魯閣實業股份有限公司,台中市東區復興路4段186號8樓,1080000000,TWSE,37,1432,src_tw_twse_portal,臺灣證券交易所,上市公司基本資料 t187ap03_L,2026-08-15
14001199,福懋興業股份有限公司,雲林縣斗六市榴中里石榴路317號,16846646370,TWSE,04,1434,src_tw_twse_portal,臺灣證券交易所,上市公司基本資料 t187ap03_L,2026-08-15
03101946,中福國際(股)公司,新北市中和區景平路666號2樓,1397800800,TWSE,20,1435,src_tw_twse_portal,臺灣證券交易所,上市公司基本資料 t187ap03_L,2026-08-15
07510318,華友聯開發股份有限公司,高雄市鳳山區文龍路85號11樓,1941517950,TWSE,14,1436,src_tw_twse_portal,臺灣證券交易所,上市公司基本資料 t187ap03_L,2026-08-15
35535607,勤益投資控股股份有限公司,台北市大安區忠孝東路4段320號9樓,2018712840,TWSE,20,1437,src_tw_twse_portal,臺灣證券交易所,上市公司基本資料 t187ap03_L,2026-08-15
03561011,三地開發地產股份有限公司,高雄市苓雅區中正二路175號16樓之3,1112057590,TWSE,14,1438,src_tw_twse_portal,臺灣證券交易所,上市公司基本資料 t187ap03_L,2026-08-15
11113403,雋揚國際股份有限公司,臺北市南港區經貿一路170號11樓,920000000,TWSE,14,1439,src_tw_twse_portal,臺灣證券交易所,上市公司基本資料 t187ap03_L,2026-08-15
68919301,臺南紡織股份有限公司,臺南市東區裕農路511號,16568158570,TWSE,04,1440,src_tw_twse_portal,臺灣證券交易所,上市公司基本資料 t187ap03_L,2026-08-15
51037304,大東紡織股份有限公司,台北市松山區南京東路三段346號3樓,717443870,TWSE,04,1441,src_tw_twse_portal,臺灣證券交易所,上市公司基本資料 t187ap03_L,2026-08-15
04615057,名軒開發股份有限公司,新北市新莊區中華路三段218號8樓,3662113580,TWSE,14,1442,src_tw_twse_portal,臺灣證券交易所,上市公司基本資料 t187ap03_L,2026-08-15
04287483,立益物流開發股份有限公司,台北市大同區西寧北路70號6樓,1353430110,TWSE,20,1443,src_tw_twse_portal,臺灣證券交易所,上市公司基本資料 t187ap03_L,2026-08-15
07663290,力麗企業股份有限公司,104台北市松江路162號11樓,9955950590,TWSE,04,1444,src_tw_twse_portal,臺灣證券交易所,上市公司基本資料 t187ap03_L,2026-08-15
07015014,大宇紡織股份有限公司,台北市西寧北路62-5號7樓,1306660340,TWSE,04,1445,src_tw_twse_portal,臺灣證券交易所,上市公司基本資料 t187ap03_L,2026-08-15
73641170,宏和精密紡織股份有限公司,台南市永康區中山南路473號,1377095130,TWSE,04,1446,src_tw_twse_portal,臺灣證券交易所,上市公司基本資料 t187ap03_L,2026-08-15
33955322,力鵬企業股份有限公司,104台北市松江路162號6樓,9100712420,TWSE,04,1447,src_tw_twse_portal,臺灣證券交易所,上市公司基本資料 t187ap03_L,2026-08-15
72055019,佳和實業股份有限公司,台南市新市區三舍里復興路533號,1271145720,TWSE,04,1449,src_tw_twse_portal,臺灣證券交易所,上市公司基本資料 t187ap03_L,2026-08-15
22266307,年興紡織股份有限公司,台北市內湖區內湖路一段306號13樓,1980000000,TWSE,04,1451,src_tw_twse_portal,臺灣證券交易所,上市公司基本資料 t187ap03_L,2026-08-15
43121481,宏益纖維工業股份有限公司,台北市塔城街66號6樓,1326414000,TWSE,04,1452,src_tw_twse_portal,臺灣證券交易所,上市公司基本資料 t187ap03_L,2026-08-15
07617901,大將開發股份有限公司,台北市大安區敦化南路二段71號6樓,1132430480,TWSE,14,1453,src_tw_twse_portal,臺灣證券交易所,上市公司基本資料 t187ap03_L,2026-08-15
04301794,台灣富綢纖維股份有限公司,台北市西寧北路70-1號8樓,1298338480,TWSE,04,1454,src_tw_twse_portal,臺灣證券交易所,上市公司基本資料 t187ap03_L,2026-08-15
43295237,集盛實業股份有限公司,台北市西寧北路七十號二樓,5316883800,TWSE,04,1455,src_tw_twse_portal,臺灣證券交易所,上市公司基本資料 t187ap03_L,2026-08-15
33144175,怡華實業股份有限公司,台北市內湖區內湖路一段392號12樓之1,937200000,TWSE,14,1456,src_tw_twse_portal,臺灣證券交易所,上市公司基本資料 t187ap03_L,2026-08-15
07669338,宜進實業股份有限公司,台北市內湖區瑞光路607號7樓,3167300220,TWSE,04,1457,src_tw_twse_portal,臺灣證券交易所,上市公司基本資料 t187ap03_L,2026-08-15
33653494,聯發紡織纖維股份有限公司,台北市環河北路1段73號5樓之5,2689716800,TWSE,04,1459,src_tw_twse_portal,臺灣證券交易所,上市公司基本資料 t187ap03_L,2026-08-15
22817999,宏遠興業股份有限公司,台南市山上區明和里256號,6946434840,TWSE,04,1460,src_tw_twse_portal,臺灣證券交易所,上市公司基本資料 t187ap03_L,2026-08-15
07715023,強盛新投資控股股份有限公司,桃園市大園區大工路一二六號,1732683810,TWSE,04,1463,src_tw_twse_portal,臺灣證券交易所,上市公司基本資料 t187ap03_L,2026-08-15
73686632,得力實業股份有限公司,台南市新市區三舍里005鄰復興路820號,4255757330,TWSE,04,1464,src_tw_twse_portal,臺灣證券交易所,上市公司基本資料 t187ap03_L,2026-08-15
33700601,偉全實業股份有限公司,台北市西寧北路62-5號6樓,1036072670,TWSE,04,1465,src_tw_twse_portal,臺灣證券交易所,上市公司基本資料 t187ap03_L,2026-08-15
22976047,聚隆纖維股份有限公司,彰化縣埔鹽鄉永樂村番金路94號,1111573200,TWSE,04,1466,src_tw_twse_portal,臺灣證券交易所,上市公司基本資料 t187ap03_L,2026-08-15
69559487,南緯實業股份有限公司,台北市中山區林森北路426號2樓,2336246670,TWSE,04,1467,src_tw_twse_portal,臺灣證券交易所,上市公司基本資料 t187ap03_L,2026-08-15
36123364,昶和纖維興業股份有限公司,桃園市蘆竹區南崁路一段277號,1604052440,TWSE,04,1468,src_tw_twse_portal,臺灣證券交易所,上市公司基本資料 t187ap03_L,2026-08-15
22267777,大統新創股份有限公司,台北市塔城街64號4樓,857670000,TWSE,04,1470,src_tw_twse_portal,臺灣證券交易所,上市公司基本資料 t187ap03_L,2026-08-15
07699023,首利實業股份有限公司,新北市五股區五權七路18號3樓,1504145360,TWSE,28,1471,src_tw_twse_portal,臺灣證券交易所,上市公司基本資料 t187ap03_L,2026-08-15
07029919,三洋實業股份有限公司,高雄市大社區嘉保路360號,524880820,TWSE,14,1472,src_tw_twse_portal,臺灣證券交易所,上市公司基本資料 t187ap03_L,2026-08-15
68919702,台南企業股份有限公司,台南市歸仁區中山路三段320號,1461535340,TWSE,04,1473,src_tw_twse_portal,臺灣證券交易所,上市公司基本資料 t187ap03_L,2026-08-15
58003997,弘裕企業股份有限公司,彰化縣伸港鄉全興工業區工西一路60號,1298969690,TWSE,04,1474,src_tw_twse_portal,臺灣證券交易所,上市公司基本資料 t187ap03_L,2026-08-15
23912057,台灣業旺股份有限公司,台北市中正區北平東路36號8樓,660167490,TWSE,04,1475,src_tw_twse_portal,臺灣證券交易所,上市公司基本資料 t187ap03_L,2026-08-15
35884479,儒鴻企業股份有限公司,新北市新莊區中央路738號,2743671110,TWSE,04,1476,src_tw_twse_portal,臺灣證券交易所,上市公司基本資料 t187ap03_L,2026-08-15
23609668,聚陽實業股份有限公司,台北市忠孝東路四段550號8樓,2466937130,TWSE,04,1477,src_tw_twse_portal,臺灣證券交易所,上市公司基本資料 t187ap03_L,2026-08-15
11039306,士林電機廠股份有限公司,台北市士林區中山北路六段88號16樓,5209722230,TWSE,05,1503,src_tw_twse_portal,臺灣證券交易所,上市公司基本資料 t187ap03_L,2026-08-15
11332202,東元電機股份有限公司,臺北市南港區三重路19-9號5樓,23764406840,TWSE,05,1504,src_tw_twse_portal,臺灣證券交易所,上市公司基本資料 t187ap03_L,2026-08-15
68193807,正道工業股份有限公司,台南市仁德區大甲里中正西路1015號,3003885010,TWSE,05,1506,src_tw_twse_portal,臺灣證券交易所,上市公司基本資料 t187ap03_L,2026-08-15
85330636,瑞利企業股份有限公司,高雄市仁武區高楠公路廿二號,981834980,TWSE,12,1512,src_tw_twse_portal,臺灣證券交易所,上市公司基本資料 t187ap03_L,2026-08-15
33029464,中興電工機械股份有限公司,新北市中和區中正路801號3樓,5031125150,TWSE,05,1513,src_tw_twse_portal,臺灣證券交易所,上市公司基本資料 t187ap03_L,2026-08-15
03213392,亞力電機股份有限公司,台北市南港區三重路19-11號12樓,2785706420,TWSE,05,1514,src_tw_twse_portal,臺灣證券交易所,上市公司基本資料 t187ap03_L,2026-08-15
55759180,力山工業股份有限公司,台中市大里區仁化路261號,1814735000,TWSE,05,1515,src_tw_twse_portal,臺灣證券交易所,上市公司基本資料 t187ap03_L,2026-08-15
22071751,川飛能源股份有限公司,台北市信義區光復南路495號6樓之5,400081950,TWSE,20,1516,src_tw_twse_portal,臺灣證券交易所,上市公司基本資料 t187ap03_L,2026-08-15
59008318,利奇機械工業股份有限公司,彰化縣彰化市石牌里石牌路一段112號,2200000070,TWSE,05,1517,src_tw_twse_portal,臺灣證券交易所,上市公司基本資料 t187ap03_L,2026-08-15
33284077,華城電機股份有限公司,桃園市中壢區吉林路10號,3158808440,TWSE,05,1519,src_tw_twse_portal,臺灣證券交易所,上市公司基本資料 t187ap03_L,2026-08-15
69408876,大億交通工業製造股份有限公司,台南市南區新信路11號,762300000,TWSE,12,1521,src_tw_twse_portal,臺灣證券交易所,上市公司基本資料 t187ap03_L,2026-08-15
22269487,堤維西交通工業股份有限公司,台南市新樂路72之2號,3428978810,TWSE,12,1522,src_tw_twse_portal,臺灣證券交易所,上市公司基本資料 t187ap03_L,2026-08-15
22081250,耿鼎企業股份有限公司,338桃園市蘆竹區內溪路48號,1653103970,TWSE,12,1524,src_tw_twse_portal,臺灣證券交易所,上市公司基本資料 t187ap03_L,2026-08-15
35129100,江申工業股份有限公司,桃園市楊梅區新江路100號,734001350,TWSE,12,1525,src_tw_twse_portal,臺灣證券交易所,上市公司基本資料 t187ap03_L,2026-08-15
11099726,日馳企業股份有限公司,桃園市蘆竹區海山中街51號,600000000,TWSE,05,1526,src_tw_twse_portal,臺灣證券交易所,上市公司基本資料 t187ap03_L,2026-08-15
20982120,鑽全實業股份有限公司,台中市工業區36路24號,1385706400,TWSE,05,1527,src_tw_twse_portal,臺灣證券交易所,上市公司基本資料 t187ap03_L,2026-08-15
11551634,恩德科技股份有限公司,臺北市士林區中山北路五段478號6樓,1913310000,TWSE,05,1528,src_tw_twse_portal,臺灣證券交易所,上市公司基本資料 t187ap03_L,2026-08-15
34211074,樂事綠能科技股份有限公司,台南市北區成功路114號7樓之1,1550950740,TWSE,05,1529,src_tw_twse_portal,臺灣證券交易所,上市公司基本資料 t187ap03_L,2026-08-15
22224692,亞崴機電股份有限公司,新竹縣新埔鎮文山里關埔路水車頭段629號,945941710,TWSE,05,1530,src_tw_twse_portal,臺灣證券交易所,上市公司基本資料 t187ap03_L,2026-08-15
29538509,高林股份有限公司,台北市松山區105敦化北路167號8樓,1821080800,TWSE,05,1531,src_tw_twse_portal,臺灣證券交易所,上市公司基本資料 t187ap03_L,2026-08-15
03474311,勤美股份有限公司,台北市106大安區仁愛路四段八十五號四樓,4226042710,TWSE,05,1532,src_tw_twse_portal,臺灣證券交易所,上市公司基本資料 t187ap03_L,2026-08-15
04827138,車王電子股份有限公司,台中市大雅區中清路4段85號,985474860,TWSE,12,1533,src_tw_twse_portal,臺灣證券交易所,上市公司基本資料 t187ap03_L,2026-08-15
84252401,中宇環保工程股份有限公司,高雄市前鎮區成功二路88號8樓,1237425520,TWSE,05,1535,src_tw_twse_portal,臺灣證券交易所,上市公司基本資料 t187ap03_L,2026-08-15
52264848,和大工業股份有限公司,台中市大里區仁化路115號,2789595130,TWSE,12,1536,src_tw_twse_portal,臺灣證券交易所,上市公司基本資料 t187ap03_L,2026-08-15
23556563,廣隆光電科技股份有限公司,南投市自立三路6號,820627940,TWSE,05,1537,src_tw_twse_portal,臺灣證券交易所,上市公司基本資料 t187ap03_L,2026-08-15
44947686,正峰工業股份有限公司,320 桃園市中壢區民族路六段576巷39弄28號,323000000,TWSE,05,1538,src_tw_twse_portal,臺灣證券交易所,上市公司基本資料 t187ap03_L,2026-08-15
52646207,巨庭機械股份有限公司,台中市太平區永豐路78號,653700000,TWSE,05,1539,src_tw_twse_portal,臺灣證券交易所,上市公司基本資料 t187ap03_L,2026-08-15
52903090,喬福機械工業股份有限公司,台中市神岡區中山路1056號,854736120,TWSE,05,1540,src_tw_twse_portal,臺灣證券交易所,上市公司基本資料 t187ap03_L,2026-08-15
23248433,錩泰工業股份有限公司,台中市后里區南村路41號,788000000,TWSE,05,1541,src_tw_twse_portal,臺灣證券交易所,上市公司基本資料 t187ap03_L,2026-08-15
55754185,伸興工業股份有限公司,台中市太平區永成路78號,645356310,TWSE,05,1558,src_tw_twse_portal,臺灣證券交易所,上市公司基本資料 t187ap03_L,2026-08-15
03089008,中國砂輪企業股份有限公司,新北市鶯歌區中山路64號,1489252710,TWSE,05,1560,src_tw_twse_portal,臺灣證券交易所,上市公司基本資料 t187ap03_L,2026-08-15
84980915,巧新科技工業股份有限公司,640雲林縣斗六市雲科路三段八十號,2256081400,TWSE,12,1563,src_tw_twse_portal,臺灣證券交易所,上市公司基本資料 t187ap03_L,2026-08-15
66654986,倉佑實業股份有限公司,62154嘉義縣民雄鄉福樂村中山路18號,1030865590,TWSE,12,1568,src_tw_twse_portal,臺灣證券交易所,上市公司基本資料 t187ap03_L,2026-08-15
35966577,信錦企業股份有限公司,新北市中和區建康路168號9樓,1442686040,TWSE,28,1582,src_tw_twse_portal,臺灣證券交易所,上市公司基本資料 t187ap03_L,2026-08-15
52353530,程泰機械股份有限公司,台中市西屯區協和里工業區五路十三號,1094003720,TWSE,05,1583,src_tw_twse_portal,臺灣證券交易所,上市公司基本資料 t187ap03_L,2026-08-15
24157564,吉茂精密股份有限公司,(52861)彰化縣芳苑鄉後寮村工區路28號,800556720,TWSE,12,1587,src_tw_twse_portal,臺灣證券交易所,上市公司基本資料 t187ap03_L,2026-08-15
41048746,永冠能源科技集團有限公司,台北市內湖區新湖一路93號4樓,1531359410,TWSE,05,1589,src_tw_twse_portal,臺灣證券交易所,上市公司基本資料 t187ap03_L,2026-08-15
53666460,亞德客國際集團,台北市中山區民生東路三段10號9樓,1999999980,TWSE,05,1590,src_tw_twse_portal,臺灣證券交易所,上市公司基本資料 t187ap03_L,2026-08-15
16755427,直得科技股份有限公司,74145 台南市新市區大利一路3號,892618040,TWSE,05,1597,src_tw_twse_portal,臺灣證券交易所,上市公司基本資料 t187ap03_L,2026-08-15
23751545,岱宇國際股份有限公司,(104)台北市中山區松江路111號12樓,1791420920,TWSE,37,1598,src_tw_twse_portal,臺灣證券交易所,上市公司基本資料 t187ap03_L,2026-08-15
35882520,中華電線電纜股份有限公司,台北市中山區中山北路三段58號4樓,1916880000,TWSE,06,1603,src_tw_twse_portal,臺灣證券交易所,上市公司基本資料 t187ap03_L,2026-08-15
03607500,聲寶股份有限公司,桃園市龜山區大華里頂湖26-3號,3842000000,TWSE,06,1604,src_tw_twse_portal,臺灣證券交易所,上市公司基本資料 t187ap03_L,2026-08-15
35412204,華新麗華股份有限公司,台北市信義區松智路1號25樓,44313329480,TWSE,06,1605,src_tw_twse_portal,臺灣證券交易所,上市公司基本資料 t187ap03_L,2026-08-15
79460007,華榮電線電纜股份有限公司,高雄巿前金區中正四路170號,6327735060,TWSE,06,1608,src_tw_twse_portal,臺灣證券交易所,上市公司基本資料 t187ap03_L,2026-08-15
68035907,大亞電線電纜股份有限公司,台南市關廟區中山路二段249號,7852619440,TWSE,06,1609,src_tw_twse_portal,臺灣證券交易所,上市公司基本資料 t187ap03_L,2026-08-15
03086001,中國電器股份有限公司,台北市行善路124號2樓,3227357420,TWSE,06,1611,src_tw_twse_portal,臺灣證券交易所,上市公司基本資料 t187ap03_L,2026-08-15
43125162,宏泰電工股份有限公司,桃園市328觀音區樹林里國建一路2號,3160800630,TWSE,06,1612,src_tw_twse_portal,臺灣證券交易所,上市公司基本資料 t187ap03_L,2026-08-15
03564501,台灣三洋電機股份有限公司,台北市中山區松江路266號10F,2691134060,TWSE,06,1614,src_tw_twse_portal,臺灣證券交易所,上市公司基本資料 t187ap03_L,2026-08-15
64829434,大山電線電纜股份有限公司,雲林縣斗六市雲林路三段369號,1966637020,TWSE,06,1615,src_tw_twse_portal,臺灣證券交易所,上市公司基本資料 t187ap03_L,2026-08-15
22819700,億泰電線電纜股份有限公司,台北市中正區仁愛路二段九十一巷一號一樓,1941485150,TWSE,06,1616,src_tw_twse_portal,臺灣證券交易所,上市公司基本資料 t187ap03_L,2026-08-15
73341336,榮星電線工業股份有限公司,台南市仁德區中正路三段231號,1695147000,TWSE,06,1617,src_tw_twse_portal,臺灣證券交易所,上市公司基本資料 t187ap03_L,2026-08-15
23206102,合機電線電纜股份有限公司,台北市中山區復興南路一段36之9號3樓,1926917470,TWSE,06,1618,src_tw_twse_portal,臺灣證券交易所,上市公司基本資料 t187ap03_L,2026-08-15
18523000,大東電業廠股份有限公司,桃園市楊梅區梅獅路二段349巷3號,660000000,TWSE,06,1623,src_tw_twse_portal,臺灣證券交易所,上市公司基本資料 t187ap03_L,2026-08-15
34995738,艾美特(開曼)國際有限公司,台南市新忠路11號,1498217210,TWSE,06,1626,src_tw_twse_portal,臺灣證券交易所,上市公司基本資料 t187ap03_L,2026-08-15
07305506,南僑投資控股股份有限公司,台北市延平北路四段100號,2941329620,TWSE,02,1702,src_tw_twse_portal,臺灣證券交易所,上市公司基本資料 t187ap03_L,2026-08-15
11880517,葡萄王生技股份有限公司,桃園市平鎮區金陵路二段402號,1481373730,TWSE,22,1707,src_tw_twse_portal,臺灣證券交易所,上市公司基本資料 t187ap03_L,2026-08-15
11384405,東南實業股份有限公司,台北市敦化南路2段99號23樓,2490016510,TWSE,21,1708,src_tw_twse_portal,臺灣證券交易所,上市公司基本資料 t187ap03_L,2026-08-15
04312878,和益化學工業股份有限公司,台北市萬華區柳州街80號7樓,4770162720,TWSE,21,1709,src_tw_twse_portal,臺灣證券交易所,上市公司基本資料 t187ap03_L,2026-08-15
14057995,東聯化學股份有限公司,台北市復興北路101號13樓,8857030290,TWSE,21,1710,src_tw_twse_portal,臺灣證券交易所,上市公司基本資料 t187ap03_L,2026-08-15
15458455,臺灣永光化學工業股份有限公司,台北市敦化南路二段77號5~6樓,5477522260,TWSE,21,1711,src_tw_twse_portal,臺灣證券交易所,上市公司基本資料 t187ap03_L,2026-08-15
51911712,興農股份有限公司,臺中市大肚區南榮路101號1樓,4204925850,TWSE,21,1712,src_tw_twse_portal,臺灣證券交易所,上市公司基本資料 t187ap03_L,2026-08-15
03375001,國泰化工廠股份有限公司,台北市忠孝東路四段320號12樓,1509517000,TWSE,21,1713,src_tw_twse_portal,臺灣證券交易所,上市公司基本資料 t187ap03_L,2026-08-15
12526607,和桐化學股份有限公司,高雄市仁武區竹後里竹工二巷1號,9918248080,TWSE,21,1714,src_tw_twse_portal,臺灣證券交易所,上市公司基本資料 t187ap03_L,2026-08-15
75339004,長興材料工業股份有限公司,高雄市三民區建工路578號,11722454830,TWSE,21,1717,src_tw_twse_portal,臺灣證券交易所,上市公司基本資料 t187ap03_L,2026-08-15
07066907,中國人造纖維股份有限公司,高雄市大社區經建路8號,16859057450,TWSE,21,1718,src_tw_twse_portal,臺灣證券交易所,上市公司基本資料 t187ap03_L,2026-08-15
71122503,生達化學製藥股份有限公司,台南市新營區土庫里土庫6-20號,1786960890,TWSE,22,1720,src_tw_twse_portal,臺灣證券交易所,上市公司基本資料 t187ap03_L,2026-08-15
55738290,國慶科技股份有限公司,台中市西區中興街229號5樓,1848840920,TWSE,21,1721,src_tw_twse_portal,臺灣證券交易所,上市公司基本資料 t187ap03_L,2026-08-15
03795101,台灣肥料股份有限公司,台北市南港區經貿一路170號17樓,9800000000,TWSE,21,1722,src_tw_twse_portal,臺灣證券交易所,上市公司基本資料 t187ap03_L,2026-08-15
23221384,中鋼碳素化學股份有限公司,高雄市前鎮區成功二路88號25樓,2369044800,TWSE,21,1723,src_tw_twse_portal,臺灣證券交易所,上市公司基本資料 t187ap03_L,2026-08-15
12132033,元禎企業股份有限公司,台北市民生東路四段五十四號三樓之三,1818299780,TWSE,21,1725,src_tw_twse_portal,臺灣證券交易所,上市公司基本資料 t187ap03_L,2026-08-15
75137605,永記造漆工業股份有限公司,高雄市小港區沿海三路26、28號,1620000000,TWSE,21,1726,src_tw_twse_portal,臺灣證券交易所,上市公司基本資料 t187ap03_L,2026-08-15
03558206,臺灣中華化學工業股份有限公司,桃園市觀音區樹林里工業五路15號,1280195590,TWSE,21,1727,src_tw_twse_portal,臺灣證券交易所,上市公司基本資料 t187ap03_L,2026-08-15
07708830,花仙子企業股份有限公司,台北市大同區承德路三段230號13樓,632338510,TWSE,21,1730,src_tw_twse_portal,臺灣證券交易所,上市公司基本資料 t187ap03_L,2026-08-15
14089976,美吾華股份有限公司,台北市復興北路167號5樓,1329152440,TWSE,22,1731,src_tw_twse_portal,臺灣證券交易所,上市公司基本資料 t187ap03_L,2026-08-15
34245356,毛寶股份有限公司,新竹縣湖口鄉實踐路19號,424439570,TWSE,21,1732,src_tw_twse_portal,臺灣證券交易所,上市公司基本資料 t187ap03_L,2026-08-15
16130182,五鼎生物技術股份有限公司,新竹科學園區新竹巿力行五路七號,999501920,TWSE,22,1733,src_tw_twse_portal,臺灣證券交易所,上市公司基本資料 t187ap03_L,2026-08-15
42042734,杏輝藥品工業股份有限公司,宜蘭縣冬山鄉中山村中山路八十四號,1901967740,TWSE,22,1734,src_tw_twse_portal,臺灣證券交易所,上市公司基本資料 t187ap03_L,2026-08-15
23263551,日勝化工股份有限公司,南投市南崗工業區工業南二路七號,993880000,TWSE,21,1735,src_tw_twse_portal,臺灣證券交易所,上市公司基本資料 t187ap03_L,2026-08-15
52347361,喬山健康科技股份有限公司,台中市大雅區東大路二段999號,3033946170,TWSE,37,1736,src_tw_twse_portal,臺灣證券交易所,上市公司基本資料 t187ap03_L,2026-08-15
89397503,臺鹽實業股份有限公司,台南市南區健康路一段297號,2000000000,TWSE,02,1737,src_tw_twse_portal,臺灣證券交易所,上市公司基本資料 t187ap03_L,2026-08-15
69275313,南光化學製藥股份有限公司,台南市新化區中山路1001號,1009884720,TWSE,22,1752,src_tw_twse_portal,臺灣證券交易所,上市公司基本資料 t187ap03_L,2026-08-15
04742997,寶齡富錦生技股份有限公司,台北市南港區園區街3號16F(F棟),857390130,TWSE,22,1760,src_tw_twse_portal,臺灣證券交易所,上市公司基本資料 t187ap03_L,2026-08-15
03088704,中化合成生技股份有限公司,新北市樹林區東興街一號,769180000,TWSE,22,1762,src_tw_twse_portal,臺灣證券交易所,上市公司基本資料 t187ap03_L,2026-08-15
75970680,勝一化工股份有限公司,高雄市永安區永工一路5號,3000000000,TWSE,21,1773,src_tw_twse_portal,臺灣證券交易所,上市公司基本資料 t187ap03_L,2026-08-15
47061800,展宇科技材料股份有限公司,新竹縣湖口鄉鳳凰村光復路71號,601069520,TWSE,21,1776,src_tw_twse_portal,臺灣證券交易所,上市公司基本資料 t187ap03_L,2026-08-15
16749811,和康生物科技股份有限公司,桃園市龜山區科技一路88號,896981150,TWSE,22,1783,src_tw_twse_portal,臺灣證券交易所,上市公司基本資料 t187ap03_L,2026-08-15
13159100,科妍生物科技股份有限公司,(806011)高雄市前鎮區南一路1號,748276410,TWSE,22,1786,src_tw_twse_portal,臺灣證券交易所,上市公司基本資料 t187ap03_L,2026-08-15
16130161,台灣神隆股份有限公司,南部科學園區台南市善化區南科八路一號,7907392220,TWSE,22,1789,src_tw_twse_portal,臺灣證券交易所,上市公司基本資料 t187ap03_L,2026-08-15
11456110,美時化學製藥股份有限公司,臺北市信義區松仁路277號17樓,2668738120,TWSE,22,1795,src_tw_twse_portal,臺灣證券交易所,上市公司基本資料 t187ap03_L,2026-08-15
11914002,台灣玻璃工業股份有限公司,台北市松山區南京東路三段261號台玻大樓11樓,29080608000,TWSE,08,1802,src_tw_twse_portal,臺灣證券交易所,上市公司基本資料 t187ap03_L,2026-08-15
12179563,寶徠建設股份有限公司,台北市內湖區新湖一路303號4樓,1349704550,TWSE,14,1805,src_tw_twse_portal,臺灣證券交易所,上市公司基本資料 t187ap03_L,2026-08-15
49701774,冠軍建材股份有限公司,苗栗縣竹南鎮大埔里竹篙厝200-7號,3904038700,TWSE,08,1806,src_tw_twse_portal,臺灣證券交易所,上市公司基本資料 t187ap03_L,2026-08-15
34149369,潤隆建設股份有限公司,台北市中山區樂群二路267號8樓,8930317430,TWSE,14,1808,src_tw_twse_portal,臺灣證券交易所,上市公司基本資料 t187ap03_L,2026-08-15
47056834,中國製釉股份有限公司,新竹縣竹東鎮中興路四段一三六號,1670419370,TWSE,08,1809,src_tw_twse_portal,臺灣證券交易所,上市公司基本資料 t187ap03_L,2026-08-15
03228304,和成欣業股份有限公司,台北市內湖區行善路398號1樓,3023037190,TWSE,08,1810,src_tw_twse_portal,臺灣證券交易所,上市公司基本資料 t187ap03_L,2026-08-15
22746550,凱撒衛浴股份有限公司,新北市三重區興德路111-8號7樓,726000000,TWSE,08,1817,src_tw_twse_portal,臺灣證券交易所,上市公司基本資料 t187ap03_L,2026-08-15
11038101,士林紙業股份有限公司,台北市士林區福德路31號,2600391210,TWSE,09,1903,src_tw_twse_portal,臺灣證券交易所,上市公司基本資料 t187ap03_L,2026-08-15
33085508,正隆股份有限公司,板橋區民生路一段一號,11082745220,TWSE,09,1904,src_tw_twse_portal,臺灣證券交易所,上市公司基本資料 t187ap03_L,2026-08-15
94025264,中華紙漿股份有限公司,台北市重慶南路二段51號,11028353160,TWSE,09,1905,src_tw_twse_portal,臺灣證券交易所,上市公司基本資料 t187ap03_L,2026-08-15
12030606,寶隆國際股份有限公司,雲林縣斗六市十三北路25號,1510000000,TWSE,09,1906,src_tw_twse_portal,臺灣證券交易所,上市公司基本資料 t187ap03_L,2026-08-15
85066002,永豐餘投資控股股份有限公司,台北市重慶南路二段51號,16603714950,TWSE,09,1907,src_tw_twse_portal,臺灣證券交易所,上市公司基本資料 t187ap03_L,2026-08-15
34202841,榮成紙業股份有限公司,彰化縣二林鎮廣興里廣興巷1-1號,13276857270,TWSE,09,1909,src_tw_twse_portal,臺灣證券交易所,上市公司基本資料 t187ap03_L,2026-08-15
30414175,中國鋼鐵股份有限公司,高雄市小港區中鋼路1號,157731289960,TWSE,10,2002,src_tw_twse_portal,臺灣證券交易所,上市公司基本資料 t187ap03_L,2026-08-15
75280209,東和鋼鐵企業股份有限公司,台北市長安東路一段九號六樓,7302138180,TWSE,10,2006,src_tw_twse_portal,臺灣證券交易所,上市公司基本資料 t187ap03_L,2026-08-15
75992214,燁興企業股份有限公司,高雄市岡山區白米里寶米路369號,5306516130,TWSE,10,2007,src_tw_twse_portal,臺灣證券交易所,上市公司基本資料 t187ap03_L,2026-08-15
75466009,高興昌鋼鐵股份有限公司,高雄市中華一路318號,1908522930,TWSE,10,2008,src_tw_twse_portal,臺灣證券交易所,上市公司基本資料 t187ap03_L,2026-08-15
82001528,第一伸銅科技股份有限公司,高雄巿前金區中正四路170號4樓,3596221650,TWSE,10,2009,src_tw_twse_portal,臺灣證券交易所,上市公司基本資料 t187ap03_L,2026-08-15
11529802,春源鋼鐵工業股份有限公司,台北市復興北路502號7樓,6476553900,TWSE,10,2010,src_tw_twse_portal,臺灣證券交易所,上市公司基本資料 t187ap03_L,2026-08-15
88187108,春雨工廠股份有限公司,高雄市岡山區大寶街100號(總部地址:高雄市岡山區新樂街169號),3021627000,TWSE,10,2012,src_tw_twse_portal,臺灣證券交易所,上市公司基本資料 t187ap03_L,2026-08-15
85800192,中國鋼鐵結構股份有限公司,高雄市燕巢區中興路500號,2000000000,TWSE,10,2013,src_tw_twse_portal,臺灣證券交易所,上市公司基本資料 t187ap03_L,2026-08-15
07838854,中鴻鋼鐵股份有限公司,825高雄市橋頭區芋寮路317號,14355444460,TWSE,10,2014,src_tw_twse_portal,臺灣證券交易所,上市公司基本資料 t187ap03_L,2026-08-15
55389357,豐興鋼鐵股份有限公司,台中市后里區甲后路一段998號,5815994240,TWSE,10,2015,src_tw_twse_portal,臺灣證券交易所,上市公司基本資料 t187ap03_L,2026-08-15
72065240,官田鋼鐵股份有限公司,台南市南區新建路47號4樓,4468746910,TWSE,10,2017,src_tw_twse_portal,臺灣證券交易所,上市公司基本資料 t187ap03_L,2026-08-15
44680700,美亞鋼管廠股份有限公司,台北市中山區民權東路3段二之1號12樓,2670313200,TWSE,10,2020,src_tw_twse_portal,臺灣證券交易所,上市公司基本資料 t187ap03_L,2026-08-15
79841479,聚亨企業股份有限公司,高雄市岡山區新樂街79-1號,3371681380,TWSE,10,2022,src_tw_twse_portal,臺灣證券交易所,上市公司基本資料 t187ap03_L,2026-08-15
75947936,燁輝企業股份有限公司,高雄市橋頭區芋寮路369號,18412402140,TWSE,10,2023,src_tw_twse_portal,臺灣證券交易所,上市公司基本資料 t187ap03_L,2026-08-15
43633504,志聯工業股份有限公司,桃園市新屋區中興路480號,975000000,TWSE,10,2024,src_tw_twse_portal,臺灣證券交易所,上市公司基本資料 t187ap03_L,2026-08-15
70005915,千興不銹鋼(股)公司,台南市麻豆區工業路222號,1726605360,TWSE,10,2025,src_tw_twse_portal,臺灣證券交易所,上市公司基本資料 t187ap03_L,2026-08-15
22318348,大成不銹鋼工業股份有限公司,台南市仁德區新田二街125號,25842606150,TWSE,10,2027,src_tw_twse_portal,臺灣證券交易所,上市公司基本資料 t187ap03_L,2026-08-15
69771636,威致鋼鐵工業股份有限公司,台南市官田區南部里南部123號,3257148000,TWSE,10,2028,src_tw_twse_portal,臺灣證券交易所,上市公司基本資料 t187ap03_L,2026-08-15
79837539,盛餘股份有限公司,高雄市小港區中林路11號,3211800000,TWSE,10,2029,src_tw_twse_portal,臺灣證券交易所,上市公司基本資料 t187ap03_L,2026-08-15
60330130,彰源企業股份有限公司,雲林縣斗六市工業區工業路122號,2805260270,TWSE,10,2030,src_tw_twse_portal,臺灣證券交易所,上市公司基本資料 t187ap03_L,2026-08-15
35836625,新光鋼鐵股份有限公司,新北市三重區重新路4段97號25樓,3211463410,TWSE,10,2031,src_tw_twse_portal,臺灣證券交易所,上市公司基本資料 t187ap03_L,2026-08-15
34008635,新鋼工業股份有限公司,新北市新莊區大安路8號,1305215450,TWSE,10,2032,src_tw_twse_portal,臺灣證券交易所,上市公司基本資料 t187ap03_L,2026-08-15
72072615,佳大世界股份有限公司,台南市永康區永運五路2號,806945360,TWSE,10,2033,src_tw_twse_portal,臺灣證券交易所,上市公司基本資料 t187ap03_L,2026-08-15
59068700,允強實業股份有限公司,彰化縣溪州鄉舊眉村中山路四段二七０號,5289955890,TWSE,10,2034,src_tw_twse_portal,臺灣證券交易所,上市公司基本資料 t187ap03_L,2026-08-15
75470524,海光企業股份有限公司,高雄市小港區沿海二路12號,1941343030,TWSE,10,2038,src_tw_twse_portal,臺灣證券交易所,上市公司基本資料 t187ap03_L,2026-08-15
23503047,上銀科技股份有限公司,台中市南屯區文山里精科路7號,3537922400,TWSE,05,2049,src_tw_twse_portal,臺灣證券交易所,上市公司基本資料 t187ap03_L,2026-08-15
22274989,川湖科技股份有限公司,高雄市路竹區順安路275巷136號,952970720,TWSE,28,2059,src_tw_twse_portal,臺灣證券交易所,上市公司基本資料 t187ap03_L,2026-08-15
59353423,橋椿金屬股份有限公司,中部科學園區臺中市大雅區科雅路11號,1999941520,TWSE,38,2062,src_tw_twse_portal,臺灣證券交易所,上市公司基本資料 t187ap03_L,2026-08-15
22533297,運錩鋼鐵股份有限公司,高雄市前金區中正四路235號13樓之1,1663868360,TWSE,10,2069,src_tw_twse_portal,臺灣證券交易所,上市公司基本資料 t187ap03_L,2026-08-15
69651695,世紀離岸風電設備股份有限公司,新北市八里區下罟里5鄰中山路3段388之5號,1920000000,TWSE,35,2072,src_tw_twse_portal,臺灣證券交易所,上市公司基本資料 t187ap03_L,2026-08-15
11520909,南港輪胎股份有限公司,台北市大安區仁愛路三段136號6樓608室,7339349040,TWSE,11,2101,src_tw_twse_portal,臺灣證券交易所,上市公司基本資料 t187ap03_L,2026-08-15
44721408,泰豐輪胎股份有限公司,桃園市中壢區環北路398號2樓之2,4733292070,TWSE,11,2102,src_tw_twse_portal,臺灣證券交易所,上市公司基本資料 t187ap03_L,2026-08-15
03553737,台橡股份有限公司,高雄市大社區興工路2號,8257099780,TWSE,11,2103,src_tw_twse_portal,臺灣證券交易所,上市公司基本資料 t187ap03_L,2026-08-15
04382114,國際中橡投資控股股份有限公司,台北市中山北路二段113號8樓,9847336250,TWSE,11,2104,src_tw_twse_portal,臺灣證券交易所,上市公司基本資料 t187ap03_L,2026-08-15
59504506,正新橡膠工業股份有限公司,彰化縣大村鄉黃厝村美港路215號,32414155360,TWSE,11,2105,src_tw_twse_portal,臺灣證券交易所,上市公司基本資料 t187ap03_L,2026-08-15
59619900,建大工業股份有限公司,彰化縣員林市中山路一段一四六號,9548900000,TWSE,11,2106,src_tw_twse_portal,臺灣證券交易所,上市公司基本資料 t187ap03_L,2026-08-15
03283306,厚生股份有限公司,臺北市漢口街一段82號8樓,3035934000,TWSE,11,2107,src_tw_twse_portal,臺灣證券交易所,上市公司基本資料 t187ap03_L,2026-08-15
12209807,南帝化學工業股份有限公司,高雄市林園區工業一路九號,4924166590,TWSE,11,2108,src_tw_twse_portal,臺灣證券交易所,上市公司基本資料 t187ap03_L,2026-08-15
59760104,華豐橡膠工業股份有限公司,彰化縣大村鄉村上村中山路二段300號,2793491340,TWSE,11,2109,src_tw_twse_portal,臺灣證券交易所,上市公司基本資料 t187ap03_L,2026-08-15
51704734,鑫永銓股份有限公司,南投市南崗工業區南崗三路294號,779917070,TWSE,11,2114,src_tw_twse_portal,臺灣證券交易所,上市公司基本資料 t187ap03_L,2026-08-15
38773146,六暉控股股份有限公司,"The Grand Pavilion Commercial Centre, Oleander Way, 802 West",1043731630,TWSE,12,2115,src_tw_twse_portal,臺灣證券交易所,上市公司基本資料 t187ap03_L,2026-08-15
03489200,裕隆汽車製造股份有限公司,苗栗縣三義鄉西湖村伯公坑39號之1,10700012510,TWSE,12,2201,src_tw_twse_portal,臺灣證券交易所,上市公司基本資料 t187ap03_L,2026-08-15
03098415,中華汽車工業股份有限公司,台北市敦化南路二段二號十一樓,5536203420,TWSE,12,2204,src_tw_twse_portal,臺灣證券交易所,上市公司基本資料 t187ap03_L,2026-08-15
24004006,三陽工業股份有限公司,新竹縣湖口鄉鳳山村中華路3號,7736756040,TWSE,12,2206,src_tw_twse_portal,臺灣證券交易所,上市公司基本資料 t187ap03_L,2026-08-15
03251108,和泰汽車股份有限公司,台北市中山區松江路121號8~14樓,5571027680,TWSE,12,2207,src_tw_twse_portal,臺灣證券交易所,上市公司基本資料 t187ap03_L,2026-08-15
04695235,台灣國際造船股份有限公司,高雄市小港區中鋼路3號,12745394490,TWSE,15,2208,src_tw_twse_portal,臺灣證券交易所,上市公司基本資料 t187ap03_L,2026-08-15
81188829,長榮鋼鐵股份有限公司,台北市中山區長安東路2段100號11樓,4170914630,TWSE,10,2211,src_tw_twse_portal,臺灣證券交易所,上市公司基本資料 t187ap03_L,2026-08-15
80032530,裕隆日產汽車股份有限公司,苗栗縣三義鄉西湖村伯公坑三十九號之二,3000000000,TWSE,12,2227,src_tw_twse_portal,臺灣證券交易所,上市公司基本資料 t187ap03_L,2026-08-15
04359789,劍麟股份有限公司,(221)新北市汐止區新台五路一段98號19樓,797796920,TWSE,12,2228,src_tw_twse_portal,臺灣證券交易所,上市公司基本資料 t187ap03_L,2026-08-15
23219346,為升電裝工業股份有限公司,彰化縣福興鄉番婆村彰鹿路六段546巷6號,1359318700,TWSE,12,2231,src_tw_twse_portal,臺灣證券交易所,上市公司基本資料 t187ap03_L,2026-08-15
22702791,宇隆科技股份有限公司,台中市梧棲區經二路27號,602888890,TWSE,12,2233,src_tw_twse_portal,臺灣證券交易所,上市公司基本資料 t187ap03_L,2026-08-15
42299452,百達精密工業股份有限公司,臺北市松山區敦化北路205號3樓,631309350,TWSE,12,2236,src_tw_twse_portal,臺灣證券交易所,上市公司基本資料 t187ap03_L,2026-08-15
27579308,華德動能科技股份有限公司,桃園市大園區五青路291巷33號,1289379010,TWSE,12,2237,src_tw_twse_portal,臺灣證券交易所,上市公司基本資料 t187ap03_L,2026-08-15
47423487,開曼英利工業股份有限公司,彰化縣彰化市中山路二段349號8樓,1177125930,TWSE,12,2239,src_tw_twse_portal,臺灣證券交易所,上市公司基本資料 t187ap03_L,2026-08-15
53418357,艾姆勒科技股份有限公司,新北市林口區文化三路二段455號10樓,1046023060,TWSE,12,2241,src_tw_twse_portal,臺灣證券交易所,上市公司基本資料 t187ap03_L,2026-08-15
55996613,宏旭控股股份有限公司,24447新北市林口區文化一路一段86號2樓,773735960,TWSE,12,2243,src_tw_twse_portal,臺灣證券交易所,上市公司基本資料 t187ap03_L,2026-08-15
20838245,汎德永業汽車股份有限公司,台北市內湖區行愛路100號6樓,807087350,TWSE,12,2247,src_tw_twse_portal,臺灣證券交易所,上市公司基本資料 t187ap03_L,2026-08-15
73676873,華勝汽車電子股份有限公司,台北市中山區南京東路二段150號7樓729室,476000000,TWSE,12,2248,src_tw_twse_portal,臺灣證券交易所,上市公司基本資料 t187ap03_L,2026-08-15
91165085,第一化成控股(開曼)股份有限公司,新竹縣關西鎮深坑子3-1號,363882260,TWSE,12,2250,src_tw_twse_portal,臺灣證券交易所,上市公司基本資料 t187ap03_L,2026-08-15
54297090,巨鎧精密工業股份有限公司,臺南市安南區科技二路50號,639076800,TWSE,12,2254,src_tw_twse_portal,臺灣證券交易所,上市公司基本資料 t187ap03_L,2026-08-15
83167722,鴻華先進科技股份有限公司,新北市新店區寶高路26號7樓,17510768000,TWSE,12,2258,src_tw_twse_portal,臺灣證券交易所,上市公司基本資料 t187ap03_L,2026-08-15
23357403,光寶科技股份有限公司,台北市內湖區瑞光路392號22樓,23161077630,TWSE,25,2301,src_tw_twse_portal,臺灣證券交易所,上市公司基本資料 t187ap03_L,2026-08-15
04982433,麗正國際科技股份有限公司,新北市土城區中山路71號,1663028810,TWSE,24,2302,src_tw_twse_portal,臺灣證券交易所,上市公司基本資料 t187ap03_L,2026-08-15
47217677,聯華電子股份有限公司,新竹科學園區新竹市力行二路三號,125700938990,TWSE,24,2303,src_tw_twse_portal,臺灣證券交易所,上市公司基本資料 t187ap03_L,2026-08-15
47226140,全友電腦股份有限公司,新竹市科學園區工業東三路六號,2056608270,TWSE,25,2305,src_tw_twse_portal,臺灣證券交易所,上市公司基本資料 t187ap03_L,2026-08-15
34051920,台達電子工業股份有限公司,台北市內湖區瑞光路186號,25975433290,TWSE,28,2308,src_tw_twse_portal,臺灣證券交易所,上市公司基本資料 t187ap03_L,2026-08-15
04370927,金寶電子工業股份有限公司,(105)臺北市南京東路五段99號10樓,15057812110,TWSE,31,2312,src_tw_twse_portal,臺灣證券交易所,上市公司基本資料 t187ap03_L,2026-08-15
04401392,華通電腦股份有限公司,桃園市蘆竹區新莊里大新路814巷91號,12338205890,TWSE,28,2313,src_tw_twse_portal,臺灣證券交易所,上市公司基本資料 t187ap03_L,2026-08-15
47255762,台揚科技股份有限公司,新竹科學園區新竹市創新二路一號,1085964220,TWSE,27,2314,src_tw_twse_portal,臺灣證券交易所,上市公司基本資料 t187ap03_L,2026-08-15
76026851,楠梓電子股份有限公司,高雄市楠梓區開發路37號,1827405360,TWSE,28,2316,src_tw_twse_portal,臺灣證券交易所,上市公司基本資料 t187ap03_L,2026-08-15
04541302,鴻海精密工業股份有限公司,新北市土城區自由街2號,140286486260,TWSE,31,2317,src_tw_twse_portal,臺灣證券交易所,上市公司基本資料 t187ap03_L,2026-08-15
47224065,東訊股份有限公司,新竹科學園區新竹市研發二路23號,165550600,TWSE,27,2321,src_tw_twse_portal,臺灣證券交易所,上市公司基本資料 t187ap03_L,2026-08-15
12205020,中環股份有限公司,台北市中山區民權西路53號15樓,10893483280,TWSE,26,2323,src_tw_twse_portal,臺灣證券交易所,上市公司基本資料 t187ap03_L,2026-08-15
21222725,仁寶電腦工業股份有限公司,台北市內湖區瑞光路581號及581之1號,44071466250,TWSE,25,2324,src_tw_twse_portal,臺灣證券交易所,上市公司基本資料 t187ap03_L,2026-08-15
22636630,國巨股份有限公司,新北市新店區寶橋路233-1號3樓,5146826720,TWSE,28,2327,src_tw_twse_portal,臺灣證券交易所,上市公司基本資料 t187ap03_L,2026-08-15
03546618,廣宇科技股份有限公司,235新北市中和區碧河里建八路200號6樓,5183462820,TWSE,28,2328,src_tw_twse_portal,臺灣證券交易所,上市公司基本資料 t187ap03_L,2026-08-15
89004161,華泰電子股份有限公司,高雄市楠梓區中三街9號,6589483330,TWSE,24,2329,src_tw_twse_portal,臺灣證券交易所,上市公司基本資料 t187ap03_L,2026-08-15
22099131,台灣積體電路製造股份有限公司,新竹科學園區力行六路8號,259323700670,TWSE,24,2330,src_tw_twse_portal,臺灣證券交易所,上市公司基本資料 t187ap03_L,2026-08-15
22449566,精英電腦股份有限公司,臺北市中山區中山北路3段22-1號9樓,5574029680,TWSE,25,2331,src_tw_twse_portal,臺灣證券交易所,上市公司基本資料 t187ap03_L,2026-08-15
22099189,友訊科技股份有限公司,台北市內湖區新湖三路289號,6021703730,TWSE,27,2332,src_tw_twse_portal,臺灣證券交易所,上市公司基本資料 t187ap03_L,2026-08-15
22099548,旺宏電子股份有限公司,新竹科學園區新竹巿力行路16號,19813088200,TWSE,24,2337,src_tw_twse_portal,臺灣證券交易所,上市公司基本資料 t187ap03_L,2026-08-15
22099408,台灣光罩股份有限公司,新竹科學園區新竹縣寶山鄉創新一路十一號,3668491830,TWSE,24,2338,src_tw_twse_portal,臺灣證券交易所,上市公司基本資料 t187ap03_L,2026-08-15
47255947,台亞半導體股份有限公司,新竹科學園區新竹市力行五路1號,4386228460,TWSE,24,2340,src_tw_twse_portal,臺灣證券交易所,上市公司基本資料 t187ap03_L,2026-08-15
22099110,台灣茂矽電子股份有限公司,新竹市科學園區研新一路一號,1574747440,TWSE,24,2342,src_tw_twse_portal,臺灣證券交易所,上市公司基本資料 t187ap03_L,2026-08-15
22099218,華邦電子股份有限公司,台中市大雅區中部科學園區科雅一路8號,45000001930,TWSE,24,2344,src_tw_twse_portal,臺灣證券交易所,上市公司基本資料 t187ap03_L,2026-08-15
22099287,智邦科技股份有限公司,新竹縣竹北市北興里智慧一路1號,5611178970,TWSE,27,2345,src_tw_twse_portal,臺灣證券交易所,上市公司基本資料 t187ap03_L,2026-08-15
23060541,聯強國際股份有限公司,臺北市南港區市民大道八段205號27樓,16679469680,TWSE,29,2347,src_tw_twse_portal,臺灣證券交易所,上市公司基本資料 t187ap03_L,2026-08-15
22624873,海悅國際開發股份有限公司,台北市松山區敦化北路260號7樓,1818988530,TWSE,20,2348,src_tw_twse_portal,臺灣證券交易所,上市公司基本資料 t187ap03_L,2026-08-15
23218873,錸德科技股份有限公司,新竹縣湖口鄉光復北路42號,6936796630,TWSE,26,2349,src_tw_twse_portal,臺灣證券交易所,上市公司基本資料 t187ap03_L,2026-08-15
58506816,順德工業股份有限公司,彰化市大竹里彰南路二段260號,1937340610,TWSE,24,2351,src_tw_twse_portal,臺灣證券交易所,上市公司基本資料 t187ap03_L,2026-08-15
12490306,佳世達科技股份有限公司,桃園市龜山區山鶯路157號,15805065050,TWSE,25,2352,src_tw_twse_portal,臺灣證券交易所,上市公司基本資料 t187ap03_L,2026-08-15
20828393,宏碁股份有限公司,台北市松山區復興北路369號7樓之5,30478538280,TWSE,25,2353,src_tw_twse_portal,臺灣證券交易所,上市公司基本資料 t187ap03_L,2026-08-15
23707801,鴻準精密工業股份有限公司,新北市土城區中山路3-2號,14144851920,TWSE,31,2354,src_tw_twse_portal,臺灣證券交易所,上市公司基本資料 t187ap03_L,2026-08-15
43816068,敬鵬工業股份有限公司,桃園市蘆竹區內厝里內厝街46號,3974954200,TWSE,28,2355,src_tw_twse_portal,臺灣證券交易所,上市公司基本資料 t187ap03_L,2026-08-15
04322046,英業達股份有限公司,北市後港街六十六號,35874750660,TWSE,25,2356,src_tw_twse_portal,臺灣證券交易所,上市公司基本資料 t187ap03_L,2026-08-15
23638777,華碩電腦股份有限公司,台北市北投區立德路15號,7427602800,TWSE,25,2357,src_tw_twse_portal,臺灣證券交易所,上市公司基本資料 t187ap03_L,2026-08-15
23640801,所羅門股份有限公司,台北市內湖區行忠路四十二號6樓,1714710520,TWSE,31,2359,src_tw_twse_portal,臺灣證券交易所,上市公司基本資料 t187ap03_L,2026-08-15
09461025,致茂電子股份有限公司,桃園市龜山區文茂路88號,4252457420,TWSE,31,2360,src_tw_twse_portal,臺灣證券交易所,上市公司基本資料 t187ap03_L,2026-08-15
09424319,藍天電腦股份有限公司,新北市新莊區思源路555號35樓,6222630000,TWSE,25,2362,src_tw_twse_portal,臺灣證券交易所,上市公司基本資料 t187ap03_L,2026-08-15
22099202,矽統科技股份有限公司,新竹市公道五路二段180號,5149881610,TWSE,24,2363,src_tw_twse_portal,臺灣證券交易所,上市公司基本資料 t187ap03_L,2026-08-15
79883646,倫飛電腦實業股份有限公司,臺北市內湖區瑞光路550號9樓,523897100,TWSE,25,2364,src_tw_twse_portal,臺灣證券交易所,上市公司基本資料 t187ap03_L,2026-08-15
05141520,昆盈企業股份有限公司,新北市三重區重新路五段492號1-8樓,2215284960,TWSE,25,2365,src_tw_twse_portal,臺灣證券交易所,上市公司基本資料 t187ap03_L,2026-08-15
05637971,燿華電子股份有限公司,新北市土城區中山路4巷3號,7062531750,TWSE,28,2367,src_tw_twse_portal,臺灣證券交易所,上市公司基本資料 t187ap03_L,2026-08-15
30955404,金像電子(股)公司,桃園市中壢區西園路113號,5229329730,TWSE,28,2368,src_tw_twse_portal,臺灣證券交易所,上市公司基本資料 t187ap03_L,2026-08-15
55625676,菱生精密工業股份有限公司,台中市潭子區南二路五之一號,3801023440,TWSE,24,2369,src_tw_twse_portal,臺灣證券交易所,上市公司基本資料 t187ap03_L,2026-08-15
11026506,大同股份有限公司,台北市中山北路3段22號,21508348510,TWSE,05,2371,src_tw_twse_portal,臺灣證券交易所,上市公司基本資料 t187ap03_L,2026-08-15
03568400,震旦行股份有限公司,台北市信義路五段二號十五樓,2362025180,TWSE,31,2373,src_tw_twse_portal,臺灣證券交易所,上市公司基本資料 t187ap03_L,2026-08-15
11394902,佳能企業股份有限公司,新北市新莊區中環路三段200號18樓,3379921330,TWSE,26,2374,src_tw_twse_portal,臺灣證券交易所,上市公司基本資料 t187ap03_L,2026-08-15
34230543,凱美電機股份有限公司,新北市汐止區新台五路一段81號13樓,1086753340,TWSE,28,2375,src_tw_twse_portal,臺灣證券交易所,上市公司基本資料 t187ap03_L,2026-08-15
22044755,技嘉科技股份有限公司,新北市新店區寶強路六號,6698888860,TWSE,25,2376,src_tw_twse_portal,臺灣證券交易所,上市公司基本資料 t187ap03_L,2026-08-15
22178368,微星科技股份有限公司,新北市中和區立德街69號,8448561990,TWSE,25,2377,src_tw_twse_portal,臺灣證券交易所,上市公司基本資料 t187ap03_L,2026-08-15
22671299,瑞昱半導體股份有限公司,新竹科學園區創新二路2號,5155126410,TWSE,24,2379,src_tw_twse_portal,臺灣證券交易所,上市公司基本資料 t187ap03_L,2026-08-15
22099759,虹光精密工業股份有限公司,新竹縣新竹科學園區研新一路二十號,600000000,TWSE,25,2380,src_tw_twse_portal,臺灣證券交易所,上市公司基本資料 t187ap03_L,2026-08-15
22822281,廣達電腦股份有限公司,桃園市龜山區文化里文化二路188號,38626274320,TWSE,25,2382,src_tw_twse_portal,臺灣證券交易所,上市公司基本資料 t187ap03_L,2026-08-15
86521351,台光電子材料股份有限公司,桃園巿觀音區觀音工業區大同一路18號,3583211140,TWSE,28,2383,src_tw_twse_portal,臺灣證券交易所,上市公司基本資料 t187ap03_L,2026-08-15
20954200,群光電子股份有限公司,新北市三重區光復路二段69號,7657211880,TWSE,28,2385,src_tw_twse_portal,臺灣證券交易所,上市公司基本資料 t187ap03_L,2026-08-15
86244265,精元電腦股份有限公司,台中市大雅區昌平路四段475號,1952510510,TWSE,25,2387,src_tw_twse_portal,臺灣證券交易所,上市公司基本資料 t187ap03_L,2026-08-15
86870786,威盛電子股份有限公司,新北市新店區中正路535號8樓,5559359410,TWSE,24,2388,src_tw_twse_portal,臺灣證券交易所,上市公司基本資料 t187ap03_L,2026-08-15
34412092,云辰電子開發股份有限公司,新北市土城區中華路一段50號3樓,1926194420,TWSE,31,2390,src_tw_twse_portal,臺灣證券交易所,上市公司基本資料 t187ap03_L,2026-08-15
22223510,正崴精密工業股份有限公司,新北市土城區中山路18號,5123269400,TWSE,28,2392,src_tw_twse_portal,臺灣證券交易所,上市公司基本資料 t187ap03_L,2026-08-15
34516147,億光電子工業股份有限公司,新北市樹林區中華路6之8號,4433930860,TWSE,26,2393,src_tw_twse_portal,臺灣證券交易所,上市公司基本資料 t187ap03_L,2026-08-15
05155853,研華股份有限公司,台北市內湖區瑞光路26巷20弄1號,8682544870,TWSE,25,2395,src_tw_twse_portal,臺灣證券交易所,上市公司基本資料 t187ap03_L,2026-08-15
30950652,友通資訊股份有限公司,新北市汐止區新台五路一 段97號10樓,1144888570,TWSE,25,2397,src_tw_twse_portal,臺灣證券交易所,上市公司基本資料 t187ap03_L,2026-08-15
23826200,映泰股份有限公司,新北市新店區民權路108-2號2樓,1781000000,TWSE,25,2399,src_tw_twse_portal,臺灣證券交易所,上市公司基本資料 t187ap03_L,2026-08-15
23821182,凌陽科技股份有限公司,新竹科學園區創新一路十九號,5919949190,TWSE,24,2401,src_tw_twse_portal,臺灣證券交易所,上市公司基本資料 t187ap03_L,2026-08-15
23588039,毅嘉科技股份有限公司,桃園市龜山區華亞二路268號,3075365330,TWSE,28,2402,src_tw_twse_portal,臺灣證券交易所,上市公司基本資料 t187ap03_L,2026-08-15
20938096,漢唐集成股份有限公司,新北市中和區橋和路13號13樓,1905866980,TWSE,31,2404,src_tw_twse_portal,臺灣證券交易所,上市公司基本資料 t187ap03_L,2026-08-15
20980880,輔信科技股份有限公司,台北市內湖區瑞光路76巷30號,3434273030,TWSE,25,2405,src_tw_twse_portal,臺灣證券交易所,上市公司基本資料 t187ap03_L,2026-08-15
97178376,國碩科技工業股份有限公司,新竹縣湖口鄉工業一路3號,3509056890,TWSE,26,2406,src_tw_twse_portal,臺灣證券交易所,上市公司基本資料 t187ap03_L,2026-08-15
89390656,南亞科技股份有限公司,新北市泰山區大科里南林路98號,34502058940,TWSE,24,2408,src_tw_twse_portal,臺灣證券交易所,上市公司基本資料 t187ap03_L,2026-08-15
84149738,友達光電股份有限公司,新竹市科學園區力行二路一號,75470989720,TWSE,26,2409,src_tw_twse_portal,臺灣證券交易所,上市公司基本資料 t187ap03_L,2026-08-15
96979933,中華電信股份有限公司,台北市信義路一段二十一之三號,77574465450,TWSE,27,2412,src_tw_twse_portal,臺灣證券交易所,上市公司基本資料 t187ap03_L,2026-08-15
52878846,環隆科技股份有限公司,台中市工業區27路3號,1273592000,TWSE,28,2413,src_tw_twse_portal,臺灣證券交易所,上市公司基本資料 t187ap03_L,2026-08-15
12215548,精技電腦股份有限公司,台北市內湖區新湖二路236號3樓,1617358460,TWSE,29,2414,src_tw_twse_portal,臺灣證券交易所,上市公司基本資料 t187ap03_L,2026-08-15
44913118,錩新科技股份有限公司,台北市中山區遼寧街179號20樓,900000000,TWSE,28,2415,src_tw_twse_portal,臺灣證券交易所,上市公司基本資料 t187ap03_L,2026-08-15
23611974,圓剛科技股份有限公司,新北市中和區建一路135號,1572188640,TWSE,25,2417,src_tw_twse_portal,臺灣證券交易所,上市公司基本資料 t187ap03_L,2026-08-15
22029190,仲琦科技股份有限公司,新竹科學園區新竹市力行一路1-8號,3213172290,TWSE,27,2419,src_tw_twse_portal,臺灣證券交易所,上市公司基本資料 t187ap03_L,2026-08-15
20970807,新巨企業股份有限公司,新北市五股區五權路48號4樓,1526486880,TWSE,28,2420,src_tw_twse_portal,臺灣證券交易所,上市公司基本資料 t187ap03_L,2026-08-15
81448796,建準電機工業股份有限公司,高雄市前鎮區新衙路296巷30號,2869436690,TWSE,28,2421,src_tw_twse_portal,臺灣證券交易所,上市公司基本資料 t187ap03_L,2026-08-15
04735004,固緯電子實業股份有限公司,新北市土城區中興路7之1號,1450472890,TWSE,31,2423,src_tw_twse_portal,臺灣證券交易所,上市公司基本資料 t187ap03_L,2026-08-15
04926876,隴華電子股份有限公司,台北市松山區八德路三段32號15樓,595850000,TWSE,27,2424,src_tw_twse_portal,臺灣證券交易所,上市公司基本資料 t187ap03_L,2026-08-15
22332192,承啟科技股份有限公司,新北市新店區民權路48-3號3樓,964988310,TWSE,25,2425,src_tw_twse_portal,臺灣證券交易所,上市公司基本資料 t187ap03_L,2026-08-15
22434156,鼎元光電科技股份有限公司,新竹科學園區苗栗縣竹南鎮科中路15號,3006222520,TWSE,26,2426,src_tw_twse_portal,臺灣證券交易所,上市公司基本資料 t187ap03_L,2026-08-15
31275691,三商電腦股份有限公司,台北市信義路五段150巷2號3樓,1979995730,TWSE,30,2427,src_tw_twse_portal,臺灣證券交易所,上市公司基本資料 t187ap03_L,2026-08-15
83639504,興勤電子工業股份有限公司,高雄市三民區民族一路373巷21號,1281127260,TWSE,28,2428,src_tw_twse_portal,臺灣證券交易所,上市公司基本資料 t187ap03_L,2026-08-15
12206203,銘旺科技股份有限公司,桃園市中壢區高鐵站前西路一段286號3樓之1,855000000,TWSE,26,2429,src_tw_twse_portal,臺灣證券交易所,上市公司基本資料 t187ap03_L,2026-08-15
69568009,燦坤實業股份有限公司,台北市內湖區堤頂大道一段331號3樓,1168000000,TWSE,29,2430,src_tw_twse_portal,臺灣證券交易所,上市公司基本資料 t187ap03_L,2026-08-15
35568331,聯昌電子企業股份有限公司,台北市內湖區南京東路六段501號11樓,1109270140,TWSE,28,2431,src_tw_twse_portal,臺灣證券交易所,上市公司基本資料 t187ap03_L,2026-08-15
22089345,倚天酷碁股份有限公司,台北市松山區復興北路369號7樓之5,618600000,TWSE,25,2432,src_tw_twse_portal,臺灣證券交易所,上市公司基本資料 t187ap03_L,2026-08-15
12516241,互盛股份有限公司,臺北市信義區信義路5段2號7樓,1444960110,TWSE,31,2433,src_tw_twse_portal,臺灣證券交易所,上市公司基本資料 t187ap03_L,2026-08-15
22404266,統懋半導體股份有限公司,台南市新市區中山路76號,370000000,TWSE,24,2434,src_tw_twse_portal,臺灣證券交易所,上市公司基本資料 t187ap03_L,2026-08-15
22099499,偉詮電子股份有限公司,新竹科學園區新竹縣寶山鄉工業東九路24號2樓,2000931750,TWSE,24,2436,src_tw_twse_portal,臺灣證券交易所,上市公司基本資料 t187ap03_L,2026-08-15
12364770,翔耀實業股份有限公司,臺北市松山區南京東路四段1號3樓,711956410,TWSE,26,2438,src_tw_twse_portal,臺灣證券交易所,上市公司基本資料 t187ap03_L,2026-08-15
52375605,美律實業股份有限公司,台中市南屯區寶山里工業區23路22號,2536449140,TWSE,27,2439,src_tw_twse_portal,臺灣證券交易所,上市公司基本資料 t187ap03_L,2026-08-15
01887370,太空梭高傳真資訊科技(股)公司,新竹縣竹北市環科一路23號9樓之2,1391172710,TWSE,28,2440,src_tw_twse_portal,臺灣證券交易所,上市公司基本資料 t187ap03_L,2026-08-15
05126366,超豐電子股份有限公司,苗栗縣竹南鎮公義路136號,5688459210,TWSE,24,2441,src_tw_twse_portal,臺灣證券交易所,上市公司基本資料 t187ap03_L,2026-08-15
22006274,新美齊股份有限公司,台北市內湖區瑞光路2號7樓,3252320210,TWSE,14,2442,src_tw_twse_portal,臺灣證券交易所,上市公司基本資料 t187ap03_L,2026-08-15
89549446,兆勁科技股份有限公司,新竹科學園區苗栗縣竹南鎮科研路50-8號2樓,1015695730,TWSE,27,2444,src_tw_twse_portal,臺灣證券交易所,上市公司基本資料 t187ap03_L,2026-08-15
22507241,京元電子股份有限公司,新竹市公道五路二段81號,12227450650,TWSE,24,2449,src_tw_twse_portal,臺灣證券交易所,上市公司基本資料 t187ap03_L,2026-08-15
12228473,神腦國際企業股份有限公司,新北市新店區中正路531號2樓,2582526570,TWSE,27,2450,src_tw_twse_portal,臺灣證券交易所,上市公司基本資料 t187ap03_L,2026-08-15
23446187,創見資訊股份有限公司,台北市內湖區行忠路70號,4313456750,TWSE,24,2451,src_tw_twse_portal,臺灣證券交易所,上市公司基本資料 t187ap03_L,2026-08-15
04967550,凌群電腦股份有限公司,台北市峨眉街115號6樓,1000000000,TWSE,30,2453,src_tw_twse_portal,臺灣證券交易所,上市公司基本資料 t187ap03_L,2026-08-15
84149961,聯發科技股份有限公司,新竹科學園區篤行一路1號,16038954070,TWSE,24,2454,src_tw_twse_portal,臺灣證券交易所,上市公司基本資料 t187ap03_L,2026-08-15
97170472,全新光電科技股份有限公司,桃園市平鎮區工業一路16號,1849059180,TWSE,27,2455,src_tw_twse_portal,臺灣證券交易所,上市公司基本資料 t187ap03_L,2026-08-15
30435973,飛宏科技股份有限公司,桃園市龜山區復興三路568號,4247724160,TWSE,28,2457,src_tw_twse_portal,臺灣證券交易所,上市公司基本資料 t187ap03_L,2026-08-15
84149224,義隆電子股份有限公司,新竹科學園區新竹縣創新一路十二號,3038803920,TWSE,24,2458,src_tw_twse_portal,臺灣證券交易所,上市公司基本資料 t187ap03_L,2026-08-15
20863763,敦吉科技股份有限公司,臺北市內湖路1段120巷8號,1055956150,TWSE,31,2459,src_tw_twse_portal,臺灣證券交易所,上市公司基本資料 t187ap03_L,2026-08-15
84433564,建通精密工業股份有限公司,高雄市路竹區大同路513巷138號,1692000000,TWSE,28,2460,src_tw_twse_portal,臺灣證券交易所,上市公司基本資料 t187ap03_L,2026-08-15
22099322,光群雷射科技股份有限公司,新竹市科學工業園區力行六路一號,1918879630,TWSE,31,2461,src_tw_twse_portal,臺灣證券交易所,上市公司基本資料 t187ap03_L,2026-08-15
04877657,台灣良得電子股份有限公司,(22206)新北市深坑區北深路三段272號,1507844820,TWSE,28,2462,src_tw_twse_portal,臺灣證券交易所,上市公司基本資料 t187ap03_L,2026-08-15
22099478,盟立自動化股份有限公司,新竹市科學園區研發二路3號,2166804340,TWSE,31,2464,src_tw_twse_portal,臺灣證券交易所,上市公司基本資料 t187ap03_L,2026-08-15
22325002,麗臺科技股份有限公司,新北市中和區建一路166號18樓,939460310,TWSE,25,2465,src_tw_twse_portal,臺灣證券交易所,上市公司基本資料 t187ap03_L,2026-08-15
34348590,冠西電子企業股份有限公司,新北市中和區連城路258號11樓,1734586970,TWSE,26,2466,src_tw_twse_portal,臺灣證券交易所,上市公司基本資料 t187ap03_L,2026-08-15
07618057,志聖工業股份有限公司,新北市林口區工二工業區工八路2-1號,1568553480,TWSE,28,2467,src_tw_twse_portal,臺灣證券交易所,上市公司基本資料 t187ap03_L,2026-08-15
12115702,華經資訊企業股份有限公司,台北市內湖區行愛路78巷25號6樓,699612490,TWSE,30,2468,src_tw_twse_portal,臺灣證券交易所,上市公司基本資料 t187ap03_L,2026-08-15
20873360,資通電腦股份有限公司,台北市中山北路2段111號3樓,472538900,TWSE,30,2471,src_tw_twse_portal,臺灣證券交易所,上市公司基本資料 t187ap03_L,2026-08-15
52358985,立隆電子工業股份有限公司,台中市大里區國光路一段147號,1647351370,TWSE,28,2472,src_tw_twse_portal,臺灣證券交易所,上市公司基本資料 t187ap03_L,2026-08-15
69905810,可成科技股份有限公司,台南市永康區仁愛街398號,5388210680,TWSE,31,2474,src_tw_twse_portal,臺灣證券交易所,上市公司基本資料 t187ap03_L,2026-08-15
04403568,鉅祥企業股份有限公司,桃園市新屋區九斗里8鄰九洲路1號,2180809980,TWSE,28,2476,src_tw_twse_portal,臺灣證券交易所,上市公司基本資料 t187ap03_L,2026-08-15
33750329,美隆工業股份有限公司,桃園市桃園區幸福路99號,1585732440,TWSE,31,2477,src_tw_twse_portal,臺灣證券交易所,上市公司基本資料 t187ap03_L,2026-08-15
23534301,大毅科技股份有限公司,桃園市蘆竹區山鼻里5鄰南山路三段17巷4號1樓,1447313390,TWSE,28,2478,src_tw_twse_portal,臺灣證券交易所,上市公司基本資料 t187ap03_L,2026-08-15
84218848,敦陽科技股份有限公司,新竹市東大路二段83號12F之1,1063602910,TWSE,30,2480,src_tw_twse_portal,臺灣證券交易所,上市公司基本資料 t187ap03_L,2026-08-15
22145016,強茂股份有限公司,高雄市岡山區岡山北路24號,3821149270,TWSE,24,2481,src_tw_twse_portal,臺灣證券交易所,上市公司基本資料 t187ap03_L,2026-08-15
38430938,連宇股份有限公司,新北市土城區自強街15巷1號1樓,778827110,TWSE,31,2482,src_tw_twse_portal,臺灣證券交易所,上市公司基本資料 t187ap03_L,2026-08-15
52753108,百容電子股份有限公司,台中市南屯區工業區25路20號,1078898070,TWSE,28,2483,src_tw_twse_portal,臺灣證券交易所,上市公司基本資料 t187ap03_L,2026-08-15
22771229,希華晶體科技股份有限公司,427台中市潭子區中山路三段111巷1-1號,1594210220,TWSE,28,2484,src_tw_twse_portal,臺灣證券交易所,上市公司基本資料 t187ap03_L,2026-08-15
12320400,兆赫電子股份有限公司,新北市中和區員山路512號7樓,3176890370,TWSE,27,2485,src_tw_twse_portal,臺灣證券交易所,上市公司基本資料 t187ap03_L,2026-08-15
35866232,一詮精密工業股份有限公司,新北市新莊區新知八路28號11樓,2339585790,TWSE,26,2486,src_tw_twse_portal,臺灣證券交易所,上市公司基本資料 t187ap03_L,2026-08-15
68889236,漢平電子工業股份有限公司,台南市仁德區中正路三段256號,799994330,TWSE,31,2488,src_tw_twse_portal,臺灣證券交易所,上市公司基本資料 t187ap03_L,2026-08-15
84929896,瑞軒科技股份有限公司,新北市中和區連城路268號17樓,6100000000,TWSE,26,2489,src_tw_twse_portal,臺灣證券交易所,上市公司基本資料 t187ap03_L,2026-08-15
89380545,吉祥全球實業股份有限公司,新北市新店區中正路54巷6號,820080000,TWSE,26,2491,src_tw_twse_portal,臺灣證券交易所,上市公司基本資料 t187ap03_L,2026-08-15
19004316,華新科技股份有限公司,台北市松智路1號24樓,4852047740,TWSE,28,2492,src_tw_twse_portal,臺灣證券交易所,上市公司基本資料 t187ap03_L,2026-08-15
30929883,揚博科技股份有限公司,台北市信義區松德路171號17樓,1267966290,TWSE,28,2493,src_tw_twse_portal,臺灣證券交易所,上市公司基本資料 t187ap03_L,2026-08-15
84166074,普安科技股份有限公司,新北市中和區中山路三段102號8樓,2735515380,TWSE,25,2495,src_tw_twse_portal,臺灣證券交易所,上市公司基本資料 t187ap03_L,2026-08-15
22099786,卓越成功股份有限公司,台北市中正區忠孝西路一段50號22樓之11,191004400,TWSE,20,2496,src_tw_twse_portal,臺灣證券交易所,上市公司基本資料 t187ap03_L,2026-08-15
59334664,怡利電子工業股份有限公司,彰化縣伸港鄉溪底村工東一路37號,1308876760,TWSE,12,2497,src_tw_twse_portal,臺灣證券交易所,上市公司基本資料 t187ap03_L,2026-08-15
16003518,宏達國際電子股份有限公司,桃園市桃園區興華路21巷1號,8360650860,TWSE,27,2498,src_tw_twse_portal,臺灣證券交易所,上市公司基本資料 t187ap03_L,2026-08-15
03374306,國泰建設股份有限公司,台北市敦化南路二段218號2樓,11595610590,TWSE,14,2501,src_tw_twse_portal,臺灣證券交易所,上市公司基本資料 t187ap03_L,2026-08-15
24060203,國產建材實業股份有限公司,台北市內湖區新湖一路8號7樓,11800000000,TWSE,14,2504,src_tw_twse_portal,臺灣證券交易所,上市公司基本資料 t187ap03_L,2026-08-15
11603817,國揚實業股份有限公司,台北市南港區經貿一路170號11樓之8,3800000000,TWSE,14,2505,src_tw_twse_portal,臺灣證券交易所,上市公司基本資料 t187ap03_L,2026-08-15
11099009,太平洋建設股份有限公司,台北市信義區光復南路495號,3870000000,TWSE,14,2506,src_tw_twse_portal,臺灣證券交易所,上市公司基本資料 t187ap03_L,2026-08-15
04921056,全坤建設開發股份有限公司,台北市內湖區新湖二路329號6樓,2245505300,TWSE,14,2509,src_tw_twse_portal,臺灣證券交易所,上市公司基本資料 t187ap03_L,2026-08-15
72058206,太子建設開發股份有限公司,臺南市東區中華東路1段398號8樓,16233261470,TWSE,14,2511,src_tw_twse_portal,臺灣證券交易所,上市公司基本資料 t187ap03_L,2026-08-15
22817273,龍邦國際興業股份有限公司,台北市中正區忠孝西路一段50號9樓,3947292780,TWSE,20,2514,src_tw_twse_portal,臺灣證券交易所,上市公司基本資料 t187ap03_L,2026-08-15
75094900,中華工程股份有限公司,台北市松山區東興路12號6樓,16079040840,TWSE,14,2515,src_tw_twse_portal,臺灣證券交易所,上市公司基本資料 t187ap03_L,2026-08-15
11762504,新亞建設開發股份有限公司,臺北市八德路四段760號15-16樓,2262784570,TWSE,14,2516,src_tw_twse_portal,臺灣證券交易所,上市公司基本資料 t187ap03_L,2026-08-15
30900892,冠德建設股份有限公司,台北市松山區民權東路三段169號10樓,6094871100,TWSE,14,2520,src_tw_twse_portal,臺灣證券交易所,上市公司基本資料 t187ap03_L,2026-08-15
06667446,京城建設股份有限公司,高雄市左營區博愛二路150號16樓,3659835450,TWSE,14,2524,src_tw_twse_portal,臺灣證券交易所,上市公司基本資料 t187ap03_L,2026-08-15
22344508,宏璟建設股份有限公司,台北市基隆路一段420號10樓,2703060000,TWSE,14,2527,src_tw_twse_portal,臺灣證券交易所,上市公司基本資料 t187ap03_L,2026-08-15
81271967,皇普建設股份有限公司,桃園市中壢區領航南路三段307號17樓,4359964670,TWSE,14,2528,src_tw_twse_portal,臺灣證券交易所,上市公司基本資料 t187ap03_L,2026-08-15
11059409,大華建設股份有限公司,台北市內湖區成功路五段460號16樓,8412557310,TWSE,14,2530,src_tw_twse_portal,臺灣證券交易所,上市公司基本資料 t187ap03_L,2026-08-15
22221180,宏盛建設股份有限公司,台北市松山區敦化北路168號14樓,4742279700,TWSE,14,2534,src_tw_twse_portal,臺灣證券交易所,上市公司基本資料 t187ap03_L,2026-08-15
18997007,達欣工程股份有限公司,台北市大安區敦化南路二段92號9樓,2707939670,TWSE,14,2535,src_tw_twse_portal,臺灣證券交易所,上市公司基本資料 t187ap03_L,2026-08-15
23113054,宏普建設股份有限公司,台北市大安區敦化南路二段19號9樓,3328086520,TWSE,14,2536,src_tw_twse_portal,臺灣證券交易所,上市公司基本資料 t187ap03_L,2026-08-15
22659295,聯上開發股份有限公司,台北市信義區忠孝東路五段68號36樓,3005577950,TWSE,14,2537,src_tw_twse_portal,臺灣證券交易所,上市公司基本資料 t187ap03_L,2026-08-15
12251662,基泰建設股份有限公司,台北市中正區衡陽路五十一號十樓,4450254950,TWSE,14,2538,src_tw_twse_portal,臺灣證券交易所,上市公司基本資料 t187ap03_L,2026-08-15
22491640,櫻花建設股份有限公司,台中市西區臺灣大道二段239號4樓,11931025810,TWSE,14,2539,src_tw_twse_portal,臺灣證券交易所,上市公司基本資料 t187ap03_L,2026-08-15
22190686,愛山林建設開發股份有限公司,台北市中山區龍江路128號2樓,9448739650,TWSE,14,2540,src_tw_twse_portal,臺灣證券交易所,上市公司基本資料 t187ap03_L,2026-08-15
12305479,興富發建設股份有限公司,台北市中山區樂群二路267號10樓,21530835390,TWSE,14,2542,src_tw_twse_portal,臺灣證券交易所,上市公司基本資料 t187ap03_L,2026-08-15
34342717,皇昌營造股份有限公司,台北市內湖區潭美街539號23樓,5285419610,TWSE,14,2543,src_tw_twse_portal,臺灣證券交易所,上市公司基本資料 t187ap03_L,2026-08-15
86379024,皇翔建設股份有限公司,台北市博愛路38號8樓,3797348080,TWSE,14,2545,src_tw_twse_portal,臺灣證券交易所,上市公司基本資料 t187ap03_L,2026-08-15
43876760,根基營造股份有限公司,台北市松山區民權東路三段169號9樓,1305241930,TWSE,14,2546,src_tw_twse_portal,臺灣證券交易所,上市公司基本資料 t187ap03_L,2026-08-15
12373243,日勝生活科技股份有限公司,台北市大同區市民大道一段209號14樓,10350946490,TWSE,14,2547,src_tw_twse_portal,臺灣證券交易所,上市公司基本資料 t187ap03_L,2026-08-15
23358846,華固建設股份有限公司,台北市信義路四段456號7樓,3197186970,TWSE,14,2548,src_tw_twse_portal,臺灣證券交易所,上市公司基本資料 t187ap03_L,2026-08-15
66394146,潤弘精密工程事業股份有限公司,台北市中山區八德路二段308號10樓,3107160000,TWSE,14,2597,src_tw_twse_portal,臺灣證券交易所,上市公司基本資料 t187ap03_L,2026-08-15
03353007,益航股份有限公司,台北市復興南路二段237號14樓,8247760670,TWSE,15,2601,src_tw_twse_portal,臺灣證券交易所,上市公司基本資料 t187ap03_L,2026-08-15
11337775,長榮海運股份有限公司,台北市中山區民生東路二段166號,21650429960,TWSE,15,2603,src_tw_twse_portal,臺灣證券交易所,上市公司基本資料 t187ap03_L,2026-08-15
11812103,新興航運股份有限公司,台北市大安區復興南路一段368號14樓,5853532970,TWSE,15,2605,src_tw_twse_portal,臺灣證券交易所,上市公司基本資料 t187ap03_L,2026-08-15
47067419,裕民航運股份有限公司,台北市敦化南路二段207號29樓,8450557120,TWSE,15,2606,src_tw_twse_portal,臺灣證券交易所,上市公司基本資料 t187ap03_L,2026-08-15
04406559,長榮國際儲運股份有限公司,桃園市桃園區經國路899號,5335705470,TWSE,15,2607,src_tw_twse_portal,臺灣證券交易所,上市公司基本資料 t187ap03_L,2026-08-15
51015548,嘉里大榮物流股份有限公司,台北市中正區新生南路一段50號14樓,4670004980,TWSE,15,2608,src_tw_twse_portal,臺灣證券交易所,上市公司基本資料 t187ap03_L,2026-08-15
04200199,陽明海運股份有限公司,基隆市七堵區明德一路271號,34921042700,TWSE,15,2609,src_tw_twse_portal,臺灣證券交易所,上市公司基本資料 t187ap03_L,2026-08-15
11145904,中華航空股份有限公司,桃園市大園區航站南路一號,61199649370,TWSE,15,2610,src_tw_twse_portal,臺灣證券交易所,上市公司基本資料 t187ap03_L,2026-08-15
33853232,志信國際股份有限公司,台北市大安區市民大道三段206號6樓,1890022720,TWSE,15,2611,src_tw_twse_portal,臺灣證券交易所,上市公司基本資料 t187ap03_L,2026-08-15
43778070,中國航運股份有限公司,台北市濟南路一段15號9樓,1974845930,TWSE,15,2612,src_tw_twse_portal,臺灣證券交易所,上市公司基本資料 t187ap03_L,2026-08-15
39014517,中國貨櫃運輸股份有限公司,新北市汐止區大同路三段二七五號,1484234580,TWSE,15,2613,src_tw_twse_portal,臺灣證券交易所,上市公司基本資料 t187ap03_L,2026-08-15
04964250,東森國際股份有限公司,台北市復興南路一段368號8樓,3272649460,TWSE,20,2614,src_tw_twse_portal,臺灣證券交易所,上市公司基本資料 t187ap03_L,2026-08-15
11395000,萬海航運股份有限公司,台北市松江路136號10樓,28061462930,TWSE,15,2615,src_tw_twse_portal,臺灣證券交易所,上市公司基本資料 t187ap03_L,2026-08-15
33983853,山隆通運股份有限公司,新北市板橋區民生路一段1-2號1樓,1372818270,TWSE,23,2616,src_tw_twse_portal,臺灣證券交易所,上市公司基本資料 t187ap03_L,2026-08-15
03564713,台灣航業股份有限公司,台北市濟南路二段29號,4172944870,TWSE,15,2617,src_tw_twse_portal,臺灣證券交易所,上市公司基本資料 t187ap03_L,2026-08-15
23225229,長榮航空股份有限公司,桃園市蘆竹區新南路一段376號,54004443350,TWSE,15,2618,src_tw_twse_portal,臺灣證券交易所,上市公司基本資料 t187ap03_L,2026-08-15
11381701,亞洲航空股份有限公司,台南市仁德區仁愛里機場路1050號,2094382040,TWSE,15,2630,src_tw_twse_portal,臺灣證券交易所,上市公司基本資料 t187ap03_L,2026-08-15
16446274,台灣高速鐵路股份有限公司,(11568)台北市南港區經貿二路66號13樓,56282930580,TWSE,15,2633,src_tw_twse_portal,臺灣證券交易所,上市公司基本資料 t187ap03_L,2026-08-15
97160544,漢翔航空工業股份有限公司,台中市西屯區漢翔路1號,9418671010,TWSE,15,2634,src_tw_twse_portal,臺灣證券交易所,上市公司基本資料 t187ap03_L,2026-08-15
22358734,台驊國際控股股份有限公司,台北市信義區忠孝東路四段 563 號 12樓,1418352300,TWSE,15,2636,src_tw_twse_portal,臺灣證券交易所,上市公司基本資料 t187ap03_L,2026-08-15
25637751,慧洋海運股份有限公司,"Windward 3,Regatta Office Park,PO Box 1350,Grand Cayman KY1",7464091990,TWSE,15,2637,src_tw_twse_portal,臺灣證券交易所,上市公司基本資料 t187ap03_L,2026-08-15
70624227,台灣宅配通股份有限公司,241020新北市三重區神農街426號,954670000,TWSE,15,2642,src_tw_twse_portal,臺灣證券交易所,上市公司基本資料 t187ap03_L,2026-08-15
16097775,長榮航太科技股份有限公司,桃園市大園區航站南路6號,3745709620,TWSE,15,2645,src_tw_twse_portal,臺灣證券交易所,上市公司基本資料 t187ap03_L,2026-08-15
51712072,星宇航空股份有限公司,臺北市信義區忠孝東路四段525號11樓,30087350000,TWSE,15,2646,src_tw_twse_portal,臺灣證券交易所,上市公司基本資料 t187ap03_L,2026-08-15
15415013,萬華企業股份有限公司,台北市峨嵋街52號,4499678380,TWSE,16,2701,src_tw_twse_portal,臺灣證券交易所,上市公司基本資料 t187ap03_L,2026-08-15
75560601,華園飯店股份有限公司,高雄市苓雅區四維三路6號23樓B室,1566132490,TWSE,16,2702,src_tw_twse_portal,臺灣證券交易所,上市公司基本資料 t187ap03_L,2026-08-15
11636802,國賓大飯店股份有限公司,臺北市中山區中山北路2段65巷9號2樓,3669233430,TWSE,16,2704,src_tw_twse_portal,臺灣證券交易所,上市公司基本資料 t187ap03_L,2026-08-15
11081274,六福開發股份有限公司,新竹縣關西鎮仁安里拱子溝六十號,1913128300,TWSE,16,2705,src_tw_twse_portal,臺灣證券交易所,上市公司基本資料 t187ap03_L,2026-08-15
11587957,第一華僑大飯店股份有限公司,台北市南京東路二段六十三號,4999983460,TWSE,16,2706,src_tw_twse_portal,臺灣證券交易所,上市公司基本資料 t187ap03_L,2026-08-15
04268726,晶華國際酒店股份有限公司,台北市中山北路2段39巷3號1-20樓,1274032380,TWSE,16,2707,src_tw_twse_portal,臺灣證券交易所,上市公司基本資料 t187ap03_L,2026-08-15
23986016,遠雄悅來大飯店股份有限公司,974花蓮縣壽豐鄉鹽寮村山嶺18號,1050000000,TWSE,16,2712,src_tw_twse_portal,臺灣證券交易所,上市公司基本資料 t187ap03_L,2026-08-15
89434676,夏都國際開發股份有限公司,屏東縣恆春鎮網紗里環城北路218巷15號,1431696960,TWSE,16,2722,src_tw_twse_portal,臺灣證券交易所,上市公司基本資料 t187ap03_L,2026-08-15
39682101,開曼美食達人股份有限公司,台中市南屯區工業23路35號,1800000000,TWSE,16,2723,src_tw_twse_portal,臺灣證券交易所,上市公司基本資料 t187ap03_L,2026-08-15
84630426,王品餐飲股份有限公司,臺中市西區臺灣大道二段218號29樓,829401090,TWSE,16,2727,src_tw_twse_portal,臺灣證券交易所,上市公司基本資料 t187ap03_L,2026-08-15
04655091,雄獅旅行社股份有限公司,台北市內湖區石潭路151號9樓,932777390,TWSE,16,2731,src_tw_twse_portal,臺灣證券交易所,上市公司基本資料 t187ap03_L,2026-08-15
70471881,寒舍餐旅管理顧問股份有限公司,台北市中正區忠孝東路一段12號,915260000,TWSE,16,2739,src_tw_twse_portal,臺灣證券交易所,上市公司基本資料 t187ap03_L,2026-08-15
54023418,雲品國際酒店股份有限公司,台北市中山區中山北路二段96號8樓,1057787400,TWSE,16,2748,src_tw_twse_portal,臺灣證券交易所,上市公司基本資料 t187ap03_L,2026-08-15
70472679,八方雲集國際股份有限公司,新北市淡水區中正東路二段27號18樓,666447960,TWSE,16,2753,src_tw_twse_portal,臺灣證券交易所,上市公司基本資料 t187ap03_L,2026-08-15
94497159,世界健身股份有限公司,台中市西屯區市政路402號36樓,1125000000,TWSE,37,2762,src_tw_twse_portal,臺灣證券交易所,上市公司基本資料 t187ap03_L,2026-08-15
51811609,彰化商業銀行股份有限公司,臺中市自由路二段三八號,117660462530,TWSE,17,2801,src_tw_twse_portal,臺灣證券交易所,上市公司基本資料 t187ap03_L,2026-08-15
51816908,台中商業銀行股份有限公司,台中市民權路87號,60216259210,TWSE,17,2812,src_tw_twse_portal,臺灣證券交易所,上市公司基本資料 t187ap03_L,2026-08-15
03110001,旺旺友聯產物保險股份有限公司,台北巿大安區忠孝東路四段219號12樓,2236080000,TWSE,17,2816,src_tw_twse_portal,臺灣證券交易所,上市公司基本資料 t187ap03_L,2026-08-15
12198359,中華票券金融股份有限公司,台北市內湖區堤頂大道二段99號4樓,13429600000,TWSE,17,2820,src_tw_twse_portal,臺灣證券交易所,上市公司基本資料 t187ap03_L,2026-08-15
03557115,台灣產物保險股份有限公司,臺北市館前路49號8樓,2535402800,TWSE,17,2832,src_tw_twse_portal,臺灣證券交易所,上市公司基本資料 t187ap03_L,2026-08-15
03793407,臺灣中小企業銀行股份有限公司,台北市塔城街三十號,97180618490,TWSE,17,2834,src_tw_twse_portal,臺灣證券交易所,上市公司基本資料 t187ap03_L,2026-08-15
79854797,高雄銀行股份有限公司,高雄市左營區博愛二路168號,18799169850,TWSE,17,2836,src_tw_twse_portal,臺灣證券交易所,上市公司基本資料 t187ap03_L,2026-08-15
86380802,聯邦商業銀行股份有限公司,台北市松山區民生東路三段109號1、2樓,45405517790,TWSE,17,2838,src_tw_twse_portal,臺灣證券交易所,上市公司基本資料 t187ap03_L,2026-08-15
86517096,遠東國際商業銀行股份有限公司,"台北市敦化南路二段207號26, 27樓",48652847310,TWSE,17,2845,src_tw_twse_portal,臺灣證券交易所,上市公司基本資料 t187ap03_L,2026-08-15
86928561,安泰商業銀行股份有限公司,臺北市信義區信義路五段7號16樓、40樓及41樓,19576093490,TWSE,17,2849,src_tw_twse_portal,臺灣證券交易所,上市公司基本資料 t187ap03_L,2026-08-15
03458403,新光產物保險股份有限公司,台北市民權東路三段171號3樓,3159633000,TWSE,17,2850,src_tw_twse_portal,臺灣證券交易所,上市公司基本資料 t187ap03_L,2026-08-15
11081991,中央再保險股份有限公司,台北市南京東路二段53號12樓,8003887500,TWSE,17,2851,src_tw_twse_portal,臺灣證券交易所,上市公司基本資料 t187ap03_L,2026-08-15
03359109,第一產物保險股份有限公司,台北市中正區忠孝東路一段五十四號,3011637840,TWSE,17,2852,src_tw_twse_portal,臺灣證券交易所,上市公司基本資料 t187ap03_L,2026-08-15
23218183,統一綜合證券股份有限公司,台北市東興路8號1樓,16014144780,TWSE,17,2855,src_tw_twse_portal,臺灣證券交易所,上市公司基本資料 t187ap03_L,2026-08-15
84443471,三商美邦人壽保險股份有限公司,台北市內湖區石潭路58號1樓,58995010440,TWSE,17,2867,src_tw_twse_portal,臺灣證券交易所,上市公司基本資料 t187ap03_L,2026-08-15
70826764,華南金融控股股份有限公司,台北市信義區松仁路123號,139169650890,TWSE,17,2880,src_tw_twse_portal,臺灣證券交易所,上市公司基本資料 t187ap03_L,2026-08-15
03374805,富邦金融控股股份有限公司,臺北市中山區遼寧街179號15樓、16樓,156073549520,TWSE,17,2881,src_tw_twse_portal,臺灣證券交易所,上市公司基本資料 t187ap03_L,2026-08-15
70827406,國泰金融控股股份有限公司,台北市仁愛路四段296號,162025101280,TWSE,17,2882,src_tw_twse_portal,臺灣證券交易所,上市公司基本資料 t187ap03_L,2026-08-15
70827383,凱基金融控股股份有限公司,台北市松山區敦化北路135號8、12、13及18樓,185569894140,TWSE,17,2883,src_tw_twse_portal,臺灣證券交易所,上市公司基本資料 t187ap03_L,2026-08-15
70796305,玉山金融控股股份有限公司,臺北市松山區民生東路三段117號14樓及115號1樓,161920000000,TWSE,17,2884,src_tw_twse_portal,臺灣證券交易所,上市公司基本資料 t187ap03_L,2026-08-15
70796749,元大金融控股股份有限公司,臺北市大安區仁愛路三段157號6樓、8樓、10樓、13樓、16樓至20樓,133311499460,TWSE,17,2885,src_tw_twse_portal,臺灣證券交易所,上市公司基本資料 t187ap03_L,2026-08-15
70796754,兆豐金融控股股份有限公司,台北市忠孝東路二段123號14至17樓、20至21樓,148333782820,TWSE,17,2886,src_tw_twse_portal,臺灣證券交易所,上市公司基本資料 t187ap03_L,2026-08-15
80328055,台新新光金融控股股份有限公司,台北市大安區仁愛路4段118號12、13、15、16、21、22及23樓,296061505490,TWSE,17,2887,src_tw_twse_portal,臺灣證券交易所,上市公司基本資料 t187ap03_L,2026-08-15
80330257,國票金融控股股份有限公司,台北市樂群三路128號17樓,36335634710,TWSE,17,2889,src_tw_twse_portal,臺灣證券交易所,上市公司基本資料 t187ap03_L,2026-08-15
80333183,永豐金融控股股份有限公司,台北市中山區八德路2段306號3樓、5至13樓及308號6樓之1、6樓之2,147921687210,TWSE,17,2890,src_tw_twse_portal,臺灣證券交易所,上市公司基本資料 t187ap03_L,2026-08-15
80333992,中國信託金融控股股份有限公司,臺北市南港區經貿二路168號27樓、29樓,201759228060,TWSE,17,2891,src_tw_twse_portal,臺灣證券交易所,上市公司基本資料 t187ap03_L,2026-08-15
80351999,第一金融控股股份有限公司,台北市重慶南路一段30號,143794686500,TWSE,17,2892,src_tw_twse_portal,臺灣證券交易所,上市公司基本資料 t187ap03_L,2026-08-15
70745361,王道商業銀行股份有限公司,(114)台北市內湖區堤頂大道二段九十九號,30553578780,TWSE,17,2897,src_tw_twse_portal,臺灣證券交易所,上市公司基本資料 t187ap03_L,2026-08-15
11364230,欣欣大眾市場股份有限公司,台北市林森北路247號,730432830,TWSE,18,2901,src_tw_twse_portal,臺灣證券交易所,上市公司基本資料 t187ap03_L,2026-08-15
03521905,遠東百貨股份有限公司,新北市板橋區新站路16號18樓,14169405890,TWSE,18,2903,src_tw_twse_portal,臺灣證券交易所,上市公司基本資料 t187ap03_L,2026-08-15
12195466,匯僑股份有限公司,台北市民生東路三段一三一號五樓,778344320,TWSE,20,2904,src_tw_twse_portal,臺灣證券交易所,上市公司基本資料 t187ap03_L,2026-08-15
11052709,三商投資控股股份有限公司,台北市建國北路二段145號地下1樓及1~18樓,11103717030,TWSE,18,2905,src_tw_twse_portal,臺灣證券交易所,上市公司基本資料 t187ap03_L,2026-08-15
11547230,高林實業股份有限公司,新北市汐止區新台五路一段95號21樓之8,2091166480,TWSE,18,2906,src_tw_twse_portal,臺灣證券交易所,上市公司基本資料 t187ap03_L,2026-08-15
20795246,特力股份有限公司,台北市內湖區新湖三路23號6樓,5098875580,TWSE,18,2908,src_tw_twse_portal,臺灣證券交易所,上市公司基本資料 t187ap03_L,2026-08-15
20937863,統領百貨股份有限公司,台北市大安區忠孝東路四段197號10樓之6,1754030000,TWSE,18,2910,src_tw_twse_portal,臺灣證券交易所,上市公司基本資料 t187ap03_L,2026-08-15
04377371,麗嬰房股份有限公司,台北市內湖區陽光街321巷60號,1051259990,TWSE,18,2911,src_tw_twse_portal,臺灣證券交易所,上市公司基本資料 t187ap03_L,2026-08-15
22555003,統一超商股份有限公司,台北市東興路65號2樓,10396222550,TWSE,18,2912,src_tw_twse_portal,臺灣證券交易所,上市公司基本資料 t187ap03_L,2026-08-15
07525207,台灣農林股份有限公司,新竹縣湖口鄉中華路3號,7900000000,TWSE,18,2913,src_tw_twse_portal,臺灣證券交易所,上市公司基本資料 t187ap03_L,2026-08-15
14053007,潤泰全球股份有限公司,台北市八德路二段三０八號十三樓之一,11043187720,TWSE,18,2915,src_tw_twse_portal,臺灣證券交易所,上市公司基本資料 t187ap03_L,2026-08-15
31896684,鼎固控股有限公司,臺北市信義區基隆路一段420號10樓(臺北聯絡處),17402969820,TWSE,14,2923,src_tw_twse_portal,臺灣證券交易所,上市公司基本資料 t187ap03_L,2026-08-15
54381224,淘帝國際控股有限公司,台北市內湖區新湖一路97號2樓,1094938380,TWSE,18,2929,src_tw_twse_portal,臺灣證券交易所,上市公司基本資料 t187ap03_L,2026-08-15
72768516,永邑國際集團股份有限公司,新北市中和區建八路216號13樓,455486650,TWSE,18,2939,src_tw_twse_portal,臺灣證券交易所,上市公司基本資料 t187ap03_L,2026-08-15
54164937,三商家購股份有限公司,台北市中山區民權東路三段４號地下一層,675000000,TWSE,18,2945,src_tw_twse_portal,臺灣證券交易所,上市公司基本資料 t187ap03_L,2026-08-15
31306250,歐格電子股份有限公司,台北市內湖區內湖路一段88號5樓,1020000000,TWSE,25,3002,src_tw_twse_portal,臺灣證券交易所,上市公司基本資料 t187ap03_L,2026-08-15
59276051,健和興端子股份有限公司,彰化縣線西鄉彰濱東三路8號,1556548900,TWSE,28,3003,src_tw_twse_portal,臺灣證券交易所,上市公司基本資料 t187ap03_L,2026-08-15
16095404,豐達科技股份有限公司,桃園市平鎮區太平東路5號,643650550,TWSE,10,3004,src_tw_twse_portal,臺灣證券交易所,上市公司基本資料 t187ap03_L,2026-08-15
22099532,神基控股股份有限公司,臺北市南港區南港路一段209號5樓,6243101500,TWSE,25,3005,src_tw_twse_portal,臺灣證券交易所,上市公司基本資料 t187ap03_L,2026-08-15
16130280,晶豪科技股份有限公司,新竹科學園區新竹市工業東四路23號,2981278410,TWSE,24,3006,src_tw_twse_portal,臺灣證券交易所,上市公司基本資料 t187ap03_L,2026-08-15
22480876,大立光電股份有限公司,台中市南屯區精科路11號,1307981970,TWSE,26,3008,src_tw_twse_portal,臺灣證券交易所,上市公司基本資料 t187ap03_L,2026-08-15
75514419,華立企業股份有限公司,高雄市前金區中正四路235號10樓,2594368170,TWSE,29,3010,src_tw_twse_portal,臺灣證券交易所,上市公司基本資料 t187ap03_L,2026-08-15
20950226,今皓實業股份有限公司,新北市新店區寶興路53號,1296008510,TWSE,28,3011,src_tw_twse_portal,臺灣證券交易所,上市公司基本資料 t187ap03_L,2026-08-15
04777186,晟銘電子科技股份有限公司,台北市內湖區民權東路六段27號2~6F,2051389300,TWSE,25,3013,src_tw_twse_portal,臺灣證券交易所,上市公司基本資料 t187ap03_L,2026-08-15
84149717,聯陽半導體股份有限公司,新竹縣新竹科學園區創新一路13號3樓,1659541240,TWSE,24,3014,src_tw_twse_portal,臺灣證券交易所,上市公司基本資料 t187ap03_L,2026-08-15
84239055,全漢企業股份有限公司,桃園市桃園區建國東路22號,1872619500,TWSE,28,3015,src_tw_twse_portal,臺灣證券交易所,上市公司基本資料 t187ap03_L,2026-08-15
16130388,嘉晶電子股份有限公司,新竹市科學工業園區篤行一路10號,2903569030,TWSE,24,3016,src_tw_twse_portal,臺灣證券交易所,上市公司基本資料 t187ap03_L,2026-08-15
86427715,奇鋐科技股份有限公司,高雄市前鎮區新生路248之27號,3925430070,TWSE,25,3017,src_tw_twse_portal,臺灣證券交易所,上市公司基本資料 t187ap03_L,2026-08-15
96924451,隆銘綠能科技工程股份有限公司,臺北市中山區明水路602號3樓,753777150,TWSE,31,3018,src_tw_twse_portal,臺灣證券交易所,上市公司基本資料 t187ap03_L,2026-08-15
55921894,亞洲光學股份有限公司,台中市潭子區南二路22-3號,2792439010,TWSE,26,3019,src_tw_twse_portal,臺灣證券交易所,上市公司基本資料 t187ap03_L,2026-08-15
84274833,鴻名企業股份有限公司,台北市東興路59號6樓,948900000,TWSE,28,3021,src_tw_twse_portal,臺灣證券交易所,上市公司基本資料 t187ap03_L,2026-08-15
97445303,威強電工業電腦股份有限公司,新北市汐止區中興路29號,1765977900,TWSE,25,3022,src_tw_twse_portal,臺灣證券交易所,上市公司基本資料 t187ap03_L,2026-08-15
23542766,信邦電子股份有限公司,苗栗市國華路582號,2400690140,TWSE,28,3023,src_tw_twse_portal,臺灣證券交易所,上市公司基本資料 t187ap03_L,2026-08-15
44955117,憶聲電子股份有限公司,桃園市中壢區中園路198號,2771574960,TWSE,26,3024,src_tw_twse_portal,臺灣證券交易所,上市公司基本資料 t187ap03_L,2026-08-15
22099863,星通資訊股份有限公司,新竹科學工業園區新安路八號七樓,567364400,TWSE,27,3025,src_tw_twse_portal,臺灣證券交易所,上市公司基本資料 t187ap03_L,2026-08-15
20891326,禾伸堂企業股份有限公司,台北市內湖區環山路二段六十二號一樓,1658903180,TWSE,28,3026,src_tw_twse_portal,臺灣證券交易所,上市公司基本資料 t187ap03_L,2026-08-15
33659498,盛達電業股份有限公司,新北市新店區中興路2段192號8樓,1299602990,TWSE,27,3027,src_tw_twse_portal,臺灣證券交易所,上市公司基本資料 t187ap03_L,2026-08-15
12401698,增你強股份有限公司,台北市內湖區新湖二路250巷8號,2372411930,TWSE,29,3028,src_tw_twse_portal,臺灣證券交易所,上市公司基本資料 t187ap03_L,2026-08-15
30922431,零壹科技股份有限公司,台北市內湖區內湖路一段360巷8號10樓,1670052120,TWSE,30,3029,src_tw_twse_portal,臺灣證券交易所,上市公司基本資料 t187ap03_L,2026-08-15
23292535,德律科技股份有限公司,台北市士林區德行西路45號7樓,2362160000,TWSE,31,3030,src_tw_twse_portal,臺灣證券交易所,上市公司基本資料 t187ap03_L,2026-08-15
34452164,佰鴻工業股份有限公司,新北市板橋區和平路19~25號3樓,1732032240,TWSE,26,3031,src_tw_twse_portal,臺灣證券交易所,上市公司基本資料 t187ap03_L,2026-08-15
69577160,偉訓科技股份有限公司,台南市安南區安和路二段54巷225號,1132856260,TWSE,28,3032,src_tw_twse_portal,臺灣證券交易所,上市公司基本資料 t187ap03_L,2026-08-15
04648938,威健實業股份有限公司,台北市內湖區內湖路一段308號11樓,5165594480,TWSE,29,3033,src_tw_twse_portal,臺灣證券交易所,上市公司基本資料 t187ap03_L,2026-08-15
84149955,聯詠科技股份有限公司,新竹科學園區創新一路13號2樓,6085114690,TWSE,24,3034,src_tw_twse_portal,臺灣證券交易所,上市公司基本資料 t187ap03_L,2026-08-15
84149060,智原科技股份有限公司,新竹科學園區新竹市力行三路5號,2605503130,TWSE,24,3035,src_tw_twse_portal,臺灣證券交易所,上市公司基本資料 t187ap03_L,2026-08-15
84498860,文曄科技股份有限公司,新北市中和區中正路738號14樓,12691483010,TWSE,29,3036,src_tw_twse_portal,臺灣證券交易所,上市公司基本資料 t187ap03_L,2026-08-15
23535435,欣興電子股份有限公司,桃園市龜山區山鶯路179號,15888729560,TWSE,28,3037,src_tw_twse_portal,臺灣證券交易所,上市公司基本資料 t187ap03_L,2026-08-15
89261652,全台晶像股份有限公司,高雄市前鎮區中一路5號,1574076030,TWSE,26,3038,src_tw_twse_portal,臺灣證券交易所,上市公司基本資料 t187ap03_L,2026-08-15
22050221,遠見科技股份有限公司,新北市板橋區文化路二段287號35樓,662245380,TWSE,20,3040,src_tw_twse_portal,臺灣證券交易所,上市公司基本資料 t187ap03_L,2026-08-15
84149054,揚智科技股份有限公司,台北市內湖區內湖路一段246號6樓,1402236470,TWSE,24,3041,src_tw_twse_portal,臺灣證券交易所,上市公司基本資料 t187ap03_L,2026-08-15
21204867,台灣晶技股份有限公司,桃園市平鎮區工業六路4號,3429929710,TWSE,28,3042,src_tw_twse_portal,臺灣證券交易所,上市公司基本資料 t187ap03_L,2026-08-15
22485794,科風股份有限公司,新北市中和區連城路246號9樓,389756340,TWSE,31,3043,src_tw_twse_portal,臺灣證券交易所,上市公司基本資料 t187ap03_L,2026-08-15
86379707,健鼎科技股份有限公司,桃園市平鎮區平鎮工業區工業五路21號,5256058980,TWSE,28,3044,src_tw_twse_portal,臺灣證券交易所,上市公司基本資料 t187ap03_L,2026-08-15
97176270,台灣大哥大股份有限公司,台北市信義區菸廠路88號12樓,37232618110,TWSE,27,3045,src_tw_twse_portal,臺灣證券交易所,上市公司基本資料 t187ap03_L,2026-08-15
97306457,建碁股份有限公司,臺北市松山區民福里復興北路369號7樓之5,784480130,TWSE,25,3046,src_tw_twse_portal,臺灣證券交易所,上市公司基本資料 t187ap03_L,2026-08-15
22164580,訊舟科技股份有限公司,台北市內湖區新湖一路278號,2247616080,TWSE,27,3047,src_tw_twse_portal,臺灣證券交易所,上市公司基本資料 t187ap03_L,2026-08-15
97099302,益登科技股份有限公司,台北市內湖區基湖路10巷50號8樓,2698297940,TWSE,29,3048,src_tw_twse_portal,臺灣證券交易所,上市公司基本資料 t187ap03_L,2026-08-15
70750217,精金科技股份有限公司,南部科學園區台南市善化區北園一路7號,8020105290,TWSE,26,3049,src_tw_twse_portal,臺灣證券交易所,上市公司基本資料 t187ap03_L,2026-08-15
84785413,鈺德科技股份有限公司,桃園市龜山區華亞二路222號,1549844500,TWSE,26,3050,src_tw_twse_portal,臺灣證券交易所,上市公司基本資料 t187ap03_L,2026-08-15
16439169,力特光電科技股份有限公司,桃園市平鎮區平東路659巷37號,1670000000,TWSE,26,3051,src_tw_twse_portal,臺灣證券交易所,上市公司基本資料 t187ap03_L,2026-08-15
20730758,夆典科技開發股份有限公司,新北市中和區新民街112號4樓,2332457710,TWSE,14,3052,src_tw_twse_portal,臺灣證券交易所,上市公司基本資料 t187ap03_L,2026-08-15
86143822,立萬利創新股份有限公司,台北巿內湖區潭美街537號9樓,806510410,TWSE,02,3054,src_tw_twse_portal,臺灣證券交易所,上市公司基本資料 t187ap03_L,2026-08-15
22729784,蔚華科技股份有限公司,新竹市水源街95號,1149749180,TWSE,29,3055,src_tw_twse_portal,臺灣證券交易所,上市公司基本資料 t187ap03_L,2026-08-15
16264908,富華創新股份有限公司,臺中市北屯區太原路三段1315號,4805550510,TWSE,14,3056,src_tw_twse_portal,臺灣證券交易所,上市公司基本資料 t187ap03_L,2026-08-15
22099738,喬鼎資訊股份有限公司,新竹科學園區工業東四路二十一號五樓,678646290,TWSE,25,3057,src_tw_twse_portal,臺灣證券交易所,上市公司基本資料 t187ap03_L,2026-08-15
38019280,立德電子股份有限公司,新北市新店區寶橋路235巷138號8樓,2017227790,TWSE,28,3058,src_tw_twse_portal,臺灣證券交易所,上市公司基本資料 t187ap03_L,2026-08-15
97307625,華晶科技股份有限公司,新竹市科學園區力行路12號,3077020250,TWSE,26,3059,src_tw_twse_portal,臺灣證券交易所,上市公司基本資料 t187ap03_L,2026-08-15
30897480,銘異科技股份有限公司,桃園市龜山區萬壽路1段492-1號10樓之1,1375631900,TWSE,25,3060,src_tw_twse_portal,臺灣證券交易所,上市公司基本資料 t187ap03_L,2026-08-15
16594892,建漢科技股份有限公司,新竹科學園區新竹縣寶山鄉園區三路99號,3300918180,TWSE,27,3062,src_tw_twse_portal,臺灣證券交易所,上市公司基本資料 t187ap03_L,2026-08-15
84116878,日電貿股份有限公司,新北市新店區中正路四維巷一弄四號一樓,2875671500,TWSE,28,3090,src_tw_twse_portal,臺灣證券交易所,上市公司基本資料 t187ap03_L,2026-08-15
86318408,鴻碩精密電工股份有限公司,台北市內湖區行愛路169號,1066492500,TWSE,28,3092,src_tw_twse_portal,臺灣證券交易所,上市公司基本資料 t187ap03_L,2026-08-15
84149759,聯傑國際股份有限公司,新竹科學園區力行六路6號,831170890,TWSE,24,3094,src_tw_twse_portal,臺灣證券交易所,上市公司基本資料 t187ap03_L,2026-08-15
84598349,一零四資訊科技股份有限公司,新北市新店區寶中路119-1號10樓,331907000,TWSE,36,3130,src_tw_twse_portal,臺灣證券交易所,上市公司基本資料 t187ap03_L,2026-08-15
16561718,凌航科技股份有限公司,新北市中和區中原街101號10樓,900714910,TWSE,24,3135,src_tw_twse_portal,臺灣證券交易所,上市公司基本資料 t187ap03_L,2026-08-15
23573774,耀登科技股份有限公司,(334)桃園市八德區和平路772巷19號,517324260,TWSE,27,3138,src_tw_twse_portal,臺灣證券交易所,上市公司基本資料 t187ap03_L,2026-08-15
97049373,正達國際光電股份有限公司,36647苗栗縣銅鑼鄉中興工業區中興路99號,2262336040,TWSE,26,3149,src_tw_twse_portal,臺灣證券交易所,上市公司基本資料 t187ap03_L,2026-08-15
16372688,鈺寶科技股份有限公司,新竹市公道五路2段101號10樓之1,443770010,TWSE,24,3150,src_tw_twse_portal,臺灣證券交易所,上市公司基本資料 t187ap03_L,2026-08-15
12715847,景岳生物科技股份有限公司,台南科學工業園區台南市善化區南科七路八號,860103640,TWSE,22,3164,src_tw_twse_portal,臺灣證券交易所,上市公司基本資料 t187ap03_L,2026-08-15
43938484,大量科技股份有限公司,(334) 桃園市八德區豐田路68號,895134910,TWSE,05,3167,src_tw_twse_portal,臺灣證券交易所,上市公司基本資料 t187ap03_L,2026-08-15
16274722,眾福科技股份有限公司,(221)新北市汐止區新台五路一段93號30F,750996490,TWSE,26,3168,src_tw_twse_portal,臺灣證券交易所,上市公司基本資料 t187ap03_L,2026-08-15
70785139,景碩科技股份有限公司,桃園市新屋區中華路1245號,5269103600,TWSE,24,3189,src_tw_twse_portal,臺灣證券交易所,上市公司基本資料 t187ap03_L,2026-08-15
86027892,全科科技股份有限公司,台北市內湖區瑞光路360號9樓,2353911890,TWSE,29,3209,src_tw_twse_portal,臺灣證券交易所,上市公司基本資料 t187ap03_L,2026-08-15
22570840,晟鈦股份有限公司,新北市新莊區瓊林南路305巷2號,642630000,TWSE,28,3229,src_tw_twse_portal,臺灣證券交易所,上市公司基本資料 t187ap03_L,2026-08-15
12868358,緯創資通股份有限公司,新竹縣竹北市智慧路1號,31800522500,TWSE,25,3231,src_tw_twse_portal,臺灣證券交易所,上市公司基本資料 t187ap03_L,2026-08-15
16130417,虹冠電子工業股份有限公司,新竹科學工業園區新竹市東區園區二路11號5樓,798235900,TWSE,24,3257,src_tw_twse_portal,臺灣證券交易所,上市公司基本資料 t187ap03_L,2026-08-15
84141187,昇陽建設企業股份有限公司,台北市大安區忠孝東路四段289號12樓,3523143090,TWSE,14,3266,src_tw_twse_portal,臺灣證券交易所,上市公司基本資料 t187ap03_L,2026-08-15
12702977,勝德國際研發股份有限公司,新北市中和區中山路二段407號10樓,967244500,TWSE,28,3296,src_tw_twse_portal,臺灣證券交易所,上市公司基本資料 t187ap03_L,2026-08-15
04789211,昇貿科技股份有限公司,桃園市觀音區大潭北路665號,1432866690,TWSE,31,3305,src_tw_twse_portal,臺灣證券交易所,上市公司基本資料 t187ap03_L,2026-08-15
22749711,聯德電子股份有限公司,桃園市龜山區科技一路69號,600000000,TWSE,28,3308,src_tw_twse_portal,臺灣證券交易所,上市公司基本資料 t187ap03_L,2026-08-15
12956063,閎暉實業股份有限公司,新北市淡水區奎柔山路73號,1000000000,TWSE,27,3311,src_tw_twse_portal,臺灣證券交易所,上市公司基本資料 t187ap03_L,2026-08-15
89613636,弘憶國際股份有限公司,台北市內湖區行忠路57號2樓,1826268150,TWSE,29,3312,src_tw_twse_portal,臺灣證券交易所,上市公司基本資料 t187ap03_L,2026-08-15
23983947,同泰電子科技股份有限公司,台中市大甲區東二街28號,861137690,TWSE,28,3321,src_tw_twse_portal,臺灣證券交易所,上市公司基本資料 t187ap03_L,2026-08-15
89858152,泰碩電子股份有限公司,(114)台北市內湖區瑞光路302號3樓,879081410,TWSE,28,3338,src_tw_twse_portal,臺灣證券交易所,上市公司基本資料 t187ap03_L,2026-08-15
16992625,麗清科技股份有限公司,新北市中和區中原街97號5樓,1212283520,TWSE,12,3346,src_tw_twse_portal,臺灣證券交易所,上市公司基本資料 t187ap03_L,2026-08-15
16302558,奇偶科技股份有限公司,台北市內湖區內湖路一段246號9樓,685504220,TWSE,26,3356,src_tw_twse_portal,臺灣證券交易所,上市公司基本資料 t187ap03_L,2026-08-15
35424073,新日興股份有限公司,新北市樹林區俊英街一七四號,1957638220,TWSE,28,3376,src_tw_twse_portal,臺灣證券交易所,上市公司基本資料 t187ap03_L,2026-08-15
12800392,明泰科技股份有限公司,新竹科學園區新竹市力行七路8號,5417184600,TWSE,27,3380,src_tw_twse_portal,臺灣證券交易所,上市公司基本資料 t187ap03_L,2026-08-15
23572557,玉晶光電股份有限公司,台中市大雅區中部科學工業園區科雅東路一號,1127430630,TWSE,26,3406,src_tw_twse_portal,臺灣證券交易所,上市公司基本資料 t187ap03_L,2026-08-15
12858252,京鼎精密科技股份有限公司,(35053)新竹科學園區苗栗縣竹南鎮科中路16號,1107622800,TWSE,24,3413,src_tw_twse_portal,臺灣證券交易所,上市公司基本資料 t187ap03_L,2026-08-15
96930209,融程電訊股份有限公司,新北市三重區中興南街18號,804937690,TWSE,25,3416,src_tw_twse_portal,臺灣證券交易所,上市公司基本資料 t187ap03_L,2026-08-15
47250470,譁裕實業股份有限公司,新竹市公道五路二段326號,1204804170,TWSE,27,3419,src_tw_twse_portal,臺灣證券交易所,上市公司基本資料 t187ap03_L,2026-08-15
22928881,台端興業股份有限公司,新北市中和區中正路880號13樓,422300000,TWSE,28,3432,src_tw_twse_portal,臺灣證券交易所,上市公司基本資料 t187ap03_L,2026-08-15
70634323,榮創能源科技股份有限公司,新竹縣湖口鄉新竹工業區工業五路13號,1445480000,TWSE,26,3437,src_tw_twse_portal,臺灣證券交易所,上市公司基本資料 t187ap03_L,2026-08-15
16299879,創意電子股份有限公司,新竹科學工業園區新竹市力行六路十號,1340119110,TWSE,24,3443,src_tw_twse_portal,臺灣證券交易所,上市公司基本資料 t187ap03_L,2026-08-15
16045290,展達通訊股份有限公司,新北市三重區光復路二段69號22樓,774491200,TWSE,27,3447,src_tw_twse_portal,臺灣證券交易所,上市公司基本資料 t187ap03_L,2026-08-15
12624467,聯鈞光電股份有限公司,新北市中和區橋安街35號10樓,1456813820,TWSE,24,3450,src_tw_twse_portal,臺灣證券交易所,上市公司基本資料 t187ap03_L,2026-08-15
12800225,群創光電股份有限公司,新竹科學園區苗栗縣竹南鎮科學路160號,79891973370,TWSE,26,3481,src_tw_twse_portal,臺灣證券交易所,上市公司基本資料 t187ap03_L,2026-08-15
70801588,誠研科技股份有限公司,新北市新店區北新路三段207-2號7樓,948000000,TWSE,25,3494,src_tw_twse_portal,臺灣證券交易所,上市公司基本資料 t187ap03_L,2026-08-15
80272361,維熹科技股份有限公司,台北市內湖區新湖三路196號,1182579270,TWSE,28,3501,src_tw_twse_portal,臺灣證券交易所,上市公司基本資料 t187ap03_L,2026-08-15
12800061,揚明光學股份有限公司,新竹科學園區新安路7號,1140597850,TWSE,26,3504,src_tw_twse_portal,臺灣證券交易所,上市公司基本資料 t187ap03_L,2026-08-15
80333613,華擎科技股份有限公司,臺北市北投區中央南路二段37號2樓,1235440490,TWSE,25,3515,src_tw_twse_portal,臺灣證券交易所,上市公司基本資料 t187ap03_L,2026-08-15
89732154,柏騰科技股份有限公司,桃園市蘆竹區南山路一段108巷2號,1024672300,TWSE,31,3518,src_tw_twse_portal,臺灣證券交易所,上市公司基本資料 t187ap03_L,2026-08-15
12676056,安馳科技股份有限公司,新北市汐止區新台五路一段75號21樓,666392160,TWSE,29,3528,src_tw_twse_portal,臺灣證券交易所,上市公司基本資料 t187ap03_L,2026-08-15
27298412,晶相光電股份有限公司,新竹市科學工業園區力行一路10-2號4樓,774759000,TWSE,24,3530,src_tw_twse_portal,臺灣證券交易所,上市公司基本資料 t187ap03_L,2026-08-15
89406518,台塑勝高科技股份有限公司,台北市內湖區南京東路六段380號 (台塑企業內湖大樓A1棟8樓),3878483000,TWSE,24,3532,src_tw_twse_portal,臺灣證券交易所,上市公司基本資料 t187ap03_L,2026-08-15
22244141,嘉澤端子工業股份有限公司,基隆市安樂區武訓街15號,1125346910,TWSE,28,3533,src_tw_twse_portal,臺灣證券交易所,上市公司基本資料 t187ap03_L,2026-08-15
70720798,晶彩科技股份有限公司,新竹縣竹北市環北路二段197號,790523560,TWSE,26,3535,src_tw_twse_portal,臺灣證券交易所,上市公司基本資料 t187ap03_L,2026-08-15
70526133,州巧科技股份有限公司,(30351)新竹縣湖口鄉新竹工業區光復路42號,1102631500,TWSE,26,3543,src_tw_twse_portal,臺灣證券交易所,上市公司基本資料 t187ap03_L,2026-08-15
28069900,敦泰電子股份有限公司,新竹縣竹北市環科一路23號11樓之1,2224560160,TWSE,24,3545,src_tw_twse_portal,臺灣證券交易所,上市公司基本資料 t187ap03_L,2026-08-15
22488639,聯穎科技股份有限公司,新北市中和區建八路16號4樓,1075500000,TWSE,28,3550,src_tw_twse_portal,臺灣證券交易所,上市公司基本資料 t187ap03_L,2026-08-15
27717512,嘉威生活股份有限公司,臺北市大安區信義路4段296號14樓之4,843154350,TWSE,38,3557,src_tw_twse_portal,臺灣證券交易所,上市公司基本資料 t187ap03_L,2026-08-15
16522758,牧德科技股份有限公司,新竹科學園區工業東二路2之3號,639608580,TWSE,26,3563,src_tw_twse_portal,臺灣證券交易所,上市公司基本資料 t187ap03_L,2026-08-15
27763753,聯合再生能源股份有限公司,新竹科學工業園區新竹市力行三路7號,16277953750,TWSE,26,3576,src_tw_twse_portal,臺灣證券交易所,上市公司基本資料 t187ap03_L,2026-08-15
30901647,辛耘企業股份有限公司,台北市內湖區瑞光路208號11樓,803460800,TWSE,24,3583,src_tw_twse_portal,臺灣證券交易所,上市公司基本資料 t187ap03_L,2026-08-15
80254357,通嘉科技股份有限公司,新竹縣竹北市台元二街1號4F-1,619931820,TWSE,24,3588,src_tw_twse_portal,臺灣證券交易所,上市公司基本資料 t187ap03_L,2026-08-15
12907747,艾笛森光電股份有限公司,新北市中和區橋和路17號17樓,1303868350,TWSE,26,3591,src_tw_twse_portal,臺灣證券交易所,上市公司基本資料 t187ap03_L,2026-08-15
80532726,瑞鼎科技股份有限公司,(30078)新竹科學園區新竹市力行路23號2樓,758552260,TWSE,24,3592,src_tw_twse_portal,臺灣證券交易所,上市公司基本資料 t187ap03_L,2026-08-15
80617029,力銘科技股份有限公司,高雄市左營區菜公一路62巷15號,608254490,TWSE,28,3593,src_tw_twse_portal,臺灣證券交易所,上市公司基本資料 t187ap03_L,2026-08-15
12800294,智易科技股份有限公司,新竹市東區光復路二段8號8樓,2203543210,TWSE,27,3596,src_tw_twse_portal,臺灣證券交易所,上市公司基本資料 t187ap03_L,2026-08-15
97257738,宏致電子股份有限公司,桃園市中壢區過嶺路二段530-6號,1746974410,TWSE,28,3605,src_tw_twse_portal,臺灣證券交易所,上市公司基本資料 t187ap03_L,2026-08-15
23414349,谷崧精密工業股份有限公司,桃園市中壢區中正路1274巷48號,1216622390,TWSE,28,3607,src_tw_twse_portal,臺灣證券交易所,上市公司基本資料 t187ap03_L,2026-08-15
97474067,碩天科技股份有限公司,台北市內湖區金莊路26號11樓,947660490,TWSE,31,3617,src_tw_twse_portal,臺灣證券交易所,上市公司基本資料 t187ap03_L,2026-08-15
80260061,洋華光電股份有限公司,桃園市觀音區觀音工業區經建一路31號,1513276000,TWSE,26,3622,src_tw_twse_portal,臺灣證券交易所,上市公司基本資料 t187ap03_L,2026-08-15
70776899,達邁科技股份有限公司,新竹縣新埔鎮文德路三段127號,1367542070,TWSE,28,3645,src_tw_twse_portal,臺灣證券交易所,上市公司基本資料 t187ap03_L,2026-08-15
28913512,精聯電子股份有限公司,新北市新店區寶橋路235巷136號5樓,750975000,TWSE,25,3652,src_tw_twse_portal,臺灣證券交易所,上市公司基本資料 t187ap03_L,2026-08-15
22415854,健策精密工業股份有限公司,桃園市龜山區文化里19鄰科技一路40號,1467328030,TWSE,28,3653,src_tw_twse_portal,臺灣證券交易所,上市公司基本資料 t187ap03_L,2026-08-15
31659649,世芯電子股份有限公司,114 台北市內湖區文湖街12號9樓,862047220,TWSE,24,3661,src_tw_twse_portal,臺灣證券交易所,上市公司基本資料 t187ap03_L,2026-08-15
26644007,貿聯控股(BizLink Holding Inc.),23553新北市中和區建一路186號3樓,1950784050,TWSE,31,3665,src_tw_twse_portal,臺灣證券交易所,上市公司基本資料 t187ap03_L,2026-08-15
28428722,圓展科技股份有限公司,新北市土城區大安路157號8樓,929199500,TWSE,27,3669,src_tw_twse_portal,臺灣證券交易所,上市公司基本資料 t187ap03_L,2026-08-15
31805657,"TPK Holding Co., Ltd.",台北市內湖區民權東路六段13之18號(訴訟及非訟代理人聯絡處),4066637590,TWSE,26,3673,src_tw_twse_portal,臺灣證券交易所,上市公司基本資料 t187ap03_L,2026-08-15
36011776,新至陞科技股份有限公司,新北市新莊區化成路11巷36號,630222290,TWSE,28,3679,src_tw_twse_portal,臺灣證券交易所,上市公司基本資料 t187ap03_L,2026-08-15
28823511,達能科技股份有限公司,新竹市東區慈雲路118號19樓之8,764951180,TWSE,24,3686,src_tw_twse_portal,臺灣證券交易所,上市公司基本資料 t187ap03_L,2026-08-15
27667787,海華科技股份有限公司,新北市新店區寶中路94號8樓,1549292080,TWSE,27,3694,src_tw_twse_portal,臺灣證券交易所,上市公司基本資料 t187ap03_L,2026-08-15
27242184,大眾全球投資控股股份有限公司,台北市內湖區陽光街300號1至9樓,2366376160,TWSE,25,3701,src_tw_twse_portal,臺灣證券交易所,上市公司基本資料 t187ap03_L,2026-08-15
27928328,大聯大控股股份有限公司,臺北市南港區經貿二路189號22樓,16836206990,TWSE,29,3702,src_tw_twse_portal,臺灣證券交易所,上市公司基本資料 t187ap03_L,2026-08-15
28993629,欣陸投資控股股份有限公司,臺北市大安區敦化南路二段九十五號,8232159800,TWSE,14,3703,src_tw_twse_portal,臺灣證券交易所,上市公司基本資料 t187ap03_L,2026-08-15
28999503,合勤投資控股股份有限公司,新竹市公道五路2段363號3樓,4154449700,TWSE,27,3704,src_tw_twse_portal,臺灣證券交易所,上市公司基本資料 t187ap03_L,2026-08-15
53004906,永信國際投資控股股份有限公司,台北市松山區民權東路三段181號12樓,2664229830,TWSE,22,3705,src_tw_twse_portal,臺灣證券交易所,上市公司基本資料 t187ap03_L,2026-08-15
53677966,神達控股股份有限公司,桃園市龜山區文化二路202號,13272124680,TWSE,25,3706,src_tw_twse_portal,臺灣證券交易所,上市公司基本資料 t187ap03_L,2026-08-15
43238308,上緯國際控股股份有限公司,南投市東閔路588號,921053840,TWSE,35,3708,src_tw_twse_portal,臺灣證券交易所,上市公司基本資料 t187ap03_L,2026-08-15
29187308,日月光投資控股股份有限公司,高雄市楠梓區經三路26號,44705722820,TWSE,24,3711,src_tw_twse_portal,臺灣證券交易所,上市公司基本資料 t187ap03_L,2026-08-15
24813370,永崴投資控股股份有限公司,新北市土城區中央路四段49號,2462421460,TWSE,25,3712,src_tw_twse_portal,臺灣證券交易所,上市公司基本資料 t187ap03_L,2026-08-15
83202930,富采控股股份有限公司,苗栗縣竹南鎮科義街1號1樓,7379404600,TWSE,26,3714,src_tw_twse_portal,臺灣證券交易所,上市公司基本資料 t187ap03_L,2026-08-15
90302792,定穎投資控股股份有限公司,桃園市蘆竹區民權路50號6樓,2835745840,TWSE,28,3715,src_tw_twse_portal,臺灣證券交易所,上市公司基本資料 t187ap03_L,2026-08-15
22854522,佳醫健康事業股份有限公司,新北市中和區中正路880號17樓,1883674560,TWSE,22,4104,src_tw_twse_portal,臺灣證券交易所,上市公司基本資料 t187ap03_L,2026-08-15
23632773,雃博股份有限公司,新北巿土城區民生街九號,1009115570,TWSE,22,4106,src_tw_twse_portal,臺灣證券交易所,上市公司基本資料 t187ap03_L,2026-08-15
16766281,懷特生技新藥股份有限公司,台北市復興北路167號5樓之1,1986188790,TWSE,22,4108,src_tw_twse_portal,臺灣證券交易所,上市公司基本資料 t187ap03_L,2026-08-15
22662545,旭富製藥科技股份有限公司,桃園市蘆竹區濱海里13鄰海湖北路309巷61號,1195086340,TWSE,22,4119,src_tw_twse_portal,臺灣證券交易所,上市公司基本資料 t187ap03_L,2026-08-15
12974421,亞諾法生技股份有限公司,台北市內湖區洲子街108號9樓,605535940,TWSE,22,4133,src_tw_twse_portal,臺灣證券交易所,上市公司基本資料 t187ap03_L,2026-08-15
38488868,麗豐股份有限公司,台北市信義區松仁路107號10樓,824923500,TWSE,22,4137,src_tw_twse_portal,臺灣證券交易所,上市公司基本資料 t187ap03_L,2026-08-15
33259508,國光生物科技股份有限公司,427台中市潭子區潭興路一段3號,4295077500,TWSE,22,4142,src_tw_twse_portal,臺灣證券交易所,上市公司基本資料 t187ap03_L,2026-08-15
42527358,全宇生技控股有限公司,台北市松山區復興北路181號7樓之4(訴訟及非訟代理人聯絡處),672357010,TWSE,22,4148,src_tw_twse_portal,臺灣證券交易所,上市公司基本資料 t187ap03_L,2026-08-15
27453928,訊映光電股份有限公司,300新竹市公道五路二段91號,1446841640,TWSE,22,4155,src_tw_twse_portal,臺灣證券交易所,上市公司基本資料 t187ap03_L,2026-08-15
24483414,承業生醫投資控股股份有限公司,台北市內湖區行愛路88號,1953109890,TWSE,22,4164,src_tw_twse_portal,臺灣證券交易所,上市公司基本資料 t187ap03_L,2026-08-15
16307131,泰宗生物科技股份有限公司,(221)新北市汐止區新台五路一段97號24樓之8,664316120,TWSE,22,4169,src_tw_twse_portal,臺灣證券交易所,上市公司基本資料 t187ap03_L,2026-08-15
47423851,佐登妮絲集團股份有限公司,"Oleander Way, 802 West Bay Road, P.O.Box 32052, Grand Cayman",614459570,TWSE,22,4190,src_tw_twse_portal,臺灣證券交易所,上市公司基本資料 t187ap03_L,2026-08-15
12953452,基龍米克斯生物科技股份有限公司,新北市汐止區新台五路一段100號14樓,800000570,TWSE,22,4195,src_tw_twse_portal,臺灣證券交易所,上市公司基本資料 t187ap03_L,2026-08-15
35894259,炎洲股份有限公司,臺北市內湖區行善路397號7樓,6767572160,TWSE,03,4306,src_tw_twse_portal,臺灣證券交易所,上市公司基本資料 t187ap03_L,2026-08-15
49744324,如興股份有限公司,台北市松山區復興北路57號13樓之4,2637957730,TWSE,04,4414,src_tw_twse_portal,臺灣證券交易所,上市公司基本資料 t187ap03_L,2026-08-15
16229261,利勤實業股份有限公司,雲林縣斗六市斗工十二路5號,1726771980,TWSE,04,4426,src_tw_twse_portal,臺灣證券交易所,上市公司基本資料 t187ap03_L,2026-08-15
89620361,廣越企業股份有限公司,台北市內湖區瑞光路607號6樓,1134254550,TWSE,04,4438,src_tw_twse_portal,臺灣證券交易所,上市公司基本資料 t187ap03_L,2026-08-15
76545523,冠星集團控股有限公司,臺北市中山區南京東路2段178號7樓(台灣分公司),381162010,TWSE,04,4439,src_tw_twse_portal,臺灣證券交易所,上市公司基本資料 t187ap03_L,2026-08-15
54332940,宜新實業股份有限公司,台北巿內湖區瑞光路268號11樓,675980000,TWSE,04,4440,src_tw_twse_portal,臺灣證券交易所,上市公司基本資料 t187ap03_L,2026-08-15
86010365,振大環球股份有限公司,台北市松山區復興北路73 號4 樓,681755780,TWSE,04,4441,src_tw_twse_portal,臺灣證券交易所,上市公司基本資料 t187ap03_L,2026-08-15
88120872,東台精機股份有限公司,高雄市路竹區路科三路三號,2548264610,TWSE,05,4526,src_tw_twse_portal,臺灣證券交易所,上市公司基本資料 t187ap03_L,2026-08-15
23603284,瑞智精密股份有限公司,桃園市觀音區成功路二段943號,4948951050,TWSE,05,4532,src_tw_twse_portal,臺灣證券交易所,上市公司基本資料 t187ap03_L,2026-08-15
52590175,拓凱實業股份有限公司,(421)臺中市后里區廣福里星科路18號,908200000,TWSE,37,4536,src_tw_twse_portal,臺灣證券交易所,上市公司基本資料 t187ap03_L,2026-08-15
29168533,全球傳動科技股份有限公司,新北市樹林區三多路123號,1151867240,TWSE,05,4540,src_tw_twse_portal,臺灣證券交易所,上市公司基本資料 t187ap03_L,2026-08-15
12738623,銘鈺精密工業股份有限公司,桃園市觀音區國瑞路2號,770000000,TWSE,28,4545,src_tw_twse_portal,臺灣證券交易所,上市公司基本資料 t187ap03_L,2026-08-15
22363342,智伸科技股份有限公司,新北市汐止區新台五路一段102號16樓,1152224980,TWSE,12,4551,src_tw_twse_portal,臺灣證券交易所,上市公司基本資料 t187ap03_L,2026-08-15
51016510,力達控股有限公司,台北市大安區忠孝東路四段270號17樓,1160000000,TWSE,05,4552,src_tw_twse_portal,臺灣證券交易所,上市公司基本資料 t187ap03_L,2026-08-15
22301178,台灣氣立股份有限公司,新北市泰山區貴鳳街21 號,699876530,TWSE,05,4555,src_tw_twse_portal,臺灣證券交易所,上市公司基本資料 t187ap03_L,2026-08-15
42323896,永新控股股份有限公司,嘉義市吳鳳北路381號5樓,479718400,TWSE,12,4557,src_tw_twse_portal,臺灣證券交易所,上市公司基本資料 t187ap03_L,2026-08-15
50721361,強信機械科技股份有限公司,桃園市龜山區建國東路89號,680972400,TWSE,05,4560,src_tw_twse_portal,臺灣證券交易所,上市公司基本資料 t187ap03_L,2026-08-15
28919500,穎漢科技股份有限公司,台南市安南區科技一路50號,875460000,TWSE,05,4562,src_tw_twse_portal,臺灣證券交易所,上市公司基本資料 t187ap03_L,2026-08-15
23019109,元翎精密工業股份有限公司,雲林縣虎尾鎮科虎三路18號,2327883030,TWSE,05,4564,src_tw_twse_portal,臺灣證券交易所,上市公司基本資料 t187ap03_L,2026-08-15
24262159,時碩工業股份有限公司,新北市汐止區新台五路一段94號15樓,1099930470,TWSE,05,4566,src_tw_twse_portal,臺灣證券交易所,上市公司基本資料 t187ap03_L,2026-08-15
93107034,六方科技股份有限公司,臺北市信義區基隆路2段189號4樓之2,306000000,TWSE,12,4569,src_tw_twse_portal,臺灣證券交易所,上市公司基本資料 t187ap03_L,2026-08-15
85282254,鈞興機電國際股份有限公司,台北市大安區信義路三段106號4樓之3,530171150,TWSE,05,4571,src_tw_twse_portal,臺灣證券交易所,上市公司基本資料 t187ap03_L,2026-08-15
23830154,駐龍精密機械股份有限公司,高雄市仁武區仁發一路1號,400000000,TWSE,05,4572,src_tw_twse_portal,臺灣證券交易所,上市公司基本資料 t187ap03_L,2026-08-15
97413843,大銀微系統股份有限公司,台中市南屯區春社里精科中路6號,1198018480,TWSE,05,4576,src_tw_twse_portal,臺灣證券交易所,上市公司基本資料 t187ap03_L,2026-08-15
87027821,World Known MFG(Cayman)Limited,台中市大雅區雅潭路三段470號,338990000,TWSE,12,4581,src_tw_twse_portal,臺灣證券交易所,上市公司基本資料 t187ap03_L,2026-08-15
16452612,聚恆科技股份有限公司,臺南市永康區永科環路168號,754800000,TWSE,35,4582,src_tw_twse_portal,臺灣證券交易所,上市公司基本資料 t187ap03_L,2026-08-15
70647919,台灣精銳科技股份有限公司,台中市西屯區科園三路 10 號,801713510,TWSE,05,4583,src_tw_twse_portal,臺灣證券交易所,上市公司基本資料 t187ap03_L,2026-08-15
42643271,達明機器人股份有限公司,桃園市龜山區華亞二路58-2號5樓,1046090000,TWSE,31,4585,src_tw_twse_portal,臺灣證券交易所,上市公司基本資料 t187ap03_L,2026-08-15
27736932,玖鼎電力資訊股份有限公司,新竹科學園區新竹縣寶山鄉工業東九路3-2號4樓,429850000,TWSE,31,4588,src_tw_twse_portal,臺灣證券交易所,上市公司基本資料 t187ap03_L,2026-08-15
22802861,富田電機股份有限公司,苗栗縣銅鑼鄉銅科六路6號,548384000,TWSE,05,4590,src_tw_twse_portal,臺灣證券交易所,上市公司基本資料 t187ap03_L,2026-08-15
04465521,德淵企業股份有限公司,新北市五股區五權六路9號,1145160370,TWSE,21,4720,src_tw_twse_portal,臺灣證券交易所,上市公司基本資料 t187ap03_L,2026-08-15
75975242,國精化學股份有限公司,高雄市永安區維新里永工五路2號,1027849140,TWSE,21,4722,src_tw_twse_portal,臺灣證券交易所,上市公司基本資料 t187ap03_L,2026-08-15
16584326,泰博科技股份有限公司,新北市五股區五工二路127號6樓,953744690,TWSE,22,4736,src_tw_twse_portal,臺灣證券交易所,上市公司基本資料 t187ap03_L,2026-08-15
80310225,華廣生技股份有限公司,台中市南區大慶街二段100號,773280530,TWSE,22,4737,src_tw_twse_portal,臺灣證券交易所,上市公司基本資料 t187ap03_L,2026-08-15
86757124,康普材料科技股份有限公司,新竹縣湖口鄉文化路11號,1246492690,TWSE,21,4739,src_tw_twse_portal,臺灣證券交易所,上市公司基本資料 t187ap03_L,2026-08-15
96922622,台耀化學股份有限公司,桃園市蘆竹區坑口里和平街36號,1202559630,TWSE,22,4746,src_tw_twse_portal,臺灣證券交易所,上市公司基本資料 t187ap03_L,2026-08-15
80170651,三福化工股份有限公司,(10405)台北市中山北路二段21號5樓,1007060000,TWSE,21,4755,src_tw_twse_portal,臺灣證券交易所,上市公司基本資料 t187ap03_L,2026-08-15
42328858,濟南大自然新材料股份有限公司,台北市信義區光復南路419巷18號6樓,989146670,TWSE,21,4763,src_tw_twse_portal,臺灣證券交易所,上市公司基本資料 t187ap03_L,2026-08-15
84754072,雙鍵化工股份有限公司,新北市中和區中正路959號4樓,855420620,TWSE,21,4764,src_tw_twse_portal,臺灣證券交易所,上市公司基本資料 t187ap03_L,2026-08-15
74229304,南寶樹脂化學工廠股份有限公司,台南市西港區中山路519號,1205707800,TWSE,21,4766,src_tw_twse_portal,臺灣證券交易所,上市公司基本資料 t187ap03_L,2026-08-15
36075449,上品綜合工業股份有限公司,彰化縣線西鄉線工南二路20號,799760000,TWSE,21,4770,src_tw_twse_portal,臺灣證券交易所,上市公司基本資料 t187ap03_L,2026-08-15
53764125,望隼科技股份有限公司,苗栗縣竹南鎮公義里友義路66號3樓,587087000,TWSE,22,4771,src_tw_twse_portal,臺灣證券交易所,上市公司基本資料 t187ap03_L,2026-08-15
42485651,日成控股股份有限公司,"The Grand Pavilion Commercial Centre, Oleander Way, 802 West",489960320,TWSE,18,4807,src_tw_twse_portal,臺灣證券交易所,上市公司基本資料 t187ap03_L,2026-08-15
97179430,遠傳電信股份有限公司,台北市瑞光路468號5樓,36077053570,TWSE,27,4904,src_tw_twse_portal,臺灣證券交易所,上市公司基本資料 t187ap03_L,2026-08-15
22960571,正文科技股份有限公司,新竹縣湖口鄉新竹工業區中華路15-1號,4363534710,TWSE,27,4906,src_tw_twse_portal,臺灣證券交易所,上市公司基本資料 t187ap03_L,2026-08-15
26595630,聯德控股股份有限公司,台北市南港區園區街3號12樓之3,669930990,TWSE,28,4912,src_tw_twse_portal,臺灣證券交易所,上市公司基本資料 t187ap03_L,2026-08-15
28006928,致伸科技股份有限公司,台北市內湖區瑞光路669號,4718808240,TWSE,28,4915,src_tw_twse_portal,臺灣證券交易所,上市公司基本資料 t187ap03_L,2026-08-15
13000192,事欣科技股份有限公司,桃園市中壢區領航南路三段188號15樓,1237140730,TWSE,25,4916,src_tw_twse_portal,臺灣證券交易所,上市公司基本資料 t187ap03_L,2026-08-15
28112646,新唐科技股份有限公司,新竹科學園區研新三路4號,4197652680,TWSE,24,4919,src_tw_twse_portal,臺灣證券交易所,上市公司基本資料 t187ap03_L,2026-08-15
54384828,泰鼎國際股份有限公司,台北市松山區敦化北路205號5樓503室,2649379880,TWSE,28,4927,src_tw_twse_portal,臺灣證券交易所,上市公司基本資料 t187ap03_L,2026-08-15
28986660,燦星網通股份有限公司,台北市內湖區堤頂大道一段333號6樓,800000000,TWSE,06,4930,src_tw_twse_portal,臺灣證券交易所,上市公司基本資料 t187ap03_L,2026-08-15
28675574,太極能源科技股份有限公司,桃園市中壢區自強一路5號,2250000000,TWSE,26,4934,src_tw_twse_portal,臺灣證券交易所,上市公司基本資料 t187ap03_L,2026-08-15
26797925,茂林光電科技(開曼)股份有限公司,桃園市中壢區民權路三段1149號,1288640910,TWSE,26,4935,src_tw_twse_portal,臺灣證券交易所,上市公司基本資料 t187ap03_L,2026-08-15
28689155,和碩聯合科技股份有限公司,台北市北投區立功街76號5樓,26820441030,TWSE,25,4938,src_tw_twse_portal,臺灣證券交易所,上市公司基本資料 t187ap03_L,2026-08-15
22164527,嘉彰股份有限公司,桃園市蘆竹區南山路二段205巷45號,1423676130,TWSE,26,4942,src_tw_twse_portal,臺灣證券交易所,上市公司基本資料 t187ap03_L,2026-08-15
26320984,開曼康而富控股股份有限公司,23674新北市土城區承天路35號2樓,1266943530,TWSE,28,4943,src_tw_twse_portal,臺灣證券交易所,上市公司基本資料 t187ap03_L,2026-08-15
80581850,有成精密股份有限公司,新竹市公道五路二段180 號4樓,677031430,TWSE,26,4949,src_tw_twse_portal,臺灣證券交易所,上市公司基本資料 t187ap03_L,2026-08-15
80741441,凌通科技股份有限公司,新竹市科學園區工業東四路19號,1088158160,TWSE,24,4952,src_tw_twse_portal,臺灣證券交易所,上市公司基本資料 t187ap03_L,2026-08-15
28334226,光鋐科技股份有限公司,台南市新市區看西路7號,1004082360,TWSE,26,4956,src_tw_twse_portal,臺灣證券交易所,上市公司基本資料 t187ap03_L,2026-08-15
26392564,臻鼎科技控股股份有限公司,桃園市大園區三石里三和路28巷6號,11172741650,TWSE,28,4958,src_tw_twse_portal,臺灣證券交易所,上市公司基本資料 t187ap03_L,2026-08-15
27790294,誠美材料科技股份有限公司,74148台南市善化區木柵港西路13號,5717053880,TWSE,26,4960,src_tw_twse_portal,臺灣證券交易所,上市公司基本資料 t187ap03_L,2026-08-15
84149499,天鈺科技股份有限公司,(30078)新竹科學園區新竹市篤行路6-8號3樓,1212536030,TWSE,24,4961,src_tw_twse_portal,臺灣證券交易所,上市公司基本資料 t187ap03_L,2026-08-15
97418375,十銓科技股份有限公司,(235)新北巿中和區建一路166號3樓,849632880,TWSE,24,4967,src_tw_twse_portal,臺灣證券交易所,上市公司基本資料 t187ap03_L,2026-08-15
80661880,立積電子股份有限公司,台北市114內湖區堤頂大道二段407巷20弄1號3樓,922098980,TWSE,24,4968,src_tw_twse_portal,臺灣證券交易所,上市公司基本資料 t187ap03_L,2026-08-15
70848492,佳凌科技股份有限公司,台中市潭子區建國路24號,1413510000,TWSE,26,4976,src_tw_twse_portal,臺灣證券交易所,上市公司基本資料 t187ap03_L,2026-08-15
31922986,眾達科技股份有限公司,"4F.,Harbour Place,103 S Church St.,PO Box 10240,Grand Cayman",826898410,TWSE,27,4977,src_tw_twse_portal,臺灣證券交易所,上市公司基本資料 t187ap03_L,2026-08-15
97173920,李長榮科技股份有限公司,台北市松山區八德路四段83號5樓,1377765000,TWSE,28,4989,src_tw_twse_portal,臺灣證券交易所,上市公司基本資料 t187ap03_L,2026-08-15
12975809,傳奇網路遊戲股份有限公司,台北市信義區市民大道六段288號7樓,663834000,TWSE,30,4994,src_tw_twse_portal,臺灣證券交易所,上市公司基本資料 t187ap03_L,2026-08-15
13012009,鑫禾科技股份有限公司,(221)新北市汐止區康寧街169巷27-1號,744172000,TWSE,28,4999,src_tw_twse_portal,臺灣證券交易所,上市公司基本資料 t187ap03_L,2026-08-15
68040606,三星科技股份有限公司,台南市歸仁區南興里中山路三段355-6號1F,2949401540,TWSE,10,5007,src_tw_twse_portal,臺灣證券交易所,上市公司基本資料 t187ap03_L,2026-08-15
23829868,訊連科技股份有限公司,新北市新店區民權路100號15樓,793425500,TWSE,30,5203,src_tw_twse_portal,臺灣證券交易所,上市公司基本資料 t187ap03_L,2026-08-15
31618486,科嘉(開曼)股份有限公司,新北市中和區連城路168號8樓,643375000,TWSE,25,5215,src_tw_twse_portal,臺灣證券交易所,上市公司基本資料 t187ap03_L,2026-08-15
16130296,全訊科技股份有限公司,74145南部科學園區台南市新市區大順七路90號,910949680,TWSE,24,5222,src_tw_twse_portal,臺灣證券交易所,上市公司基本資料 t187ap03_L,2026-08-15
37750975,東科控股股份有限公司,"P.O.Box 32052, Grand  Cayman KY1-1208, Cayman Islands",791364990,TWSE,31,5225,src_tw_twse_portal,臺灣證券交易所,上市公司基本資料 t187ap03_L,2026-08-15
28357108,達興材料股份有限公司,臺中市西屯區科園一路15號,1027159110,TWSE,26,5234,src_tw_twse_portal,臺灣證券交易所,上市公司基本資料 t187ap03_L,2026-08-15
28112364,凌陽創新科技股份有限公司,新竹科學園區新竹市力行一路1號3樓A2,600040380,TWSE,24,5236,src_tw_twse_portal,臺灣證券交易所,上市公司基本資料 t187ap03_L,2026-08-15
01895435,乙盛精密工業股份有限公司,新北市土城區中央路四段2號12樓之3,1685289150,TWSE,26,5243,src_tw_twse_portal,臺灣證券交易所,上市公司基本資料 t187ap03_L,2026-08-15
27877550,弘凱光電股份有限公司,桃園市桃園區汴洲里春日路1492之1號7樓,682418990,TWSE,26,5244,src_tw_twse_portal,臺灣證券交易所,上市公司基本資料 t187ap03_L,2026-08-15
84188062,虹堡科技股份有限公司,(23143)新北市新店區北新路3段207-5號6樓,1103648940,TWSE,25,5258,src_tw_twse_portal,臺灣證券交易所,上市公司基本資料 t187ap03_L,2026-08-15
80688184,祥碩科技股份有限公司,新北市新店區民權路115號6樓,741566790,TWSE,24,5269,src_tw_twse_portal,臺灣證券交易所,上市公司基本資料 t187ap03_L,2026-08-15
80333058,禾聯碩股份有限公司,(333001)桃園市龜山區文禾路289號9樓,876005100,TWSE,06,5283,src_tw_twse_portal,臺灣證券交易所,上市公司基本資料 t187ap03_L,2026-08-15
41173259,經寶精密控股股份有限公司,台北市中山區松江路152號11樓1112室,528926830,TWSE,20,5284,src_tw_twse_portal,臺灣證券交易所,上市公司基本資料 t187ap03_L,2026-08-15
12636560,界霖科技股份有限公司,高雄市楠梓區中央路58號,1020409260,TWSE,24,5285,src_tw_twse_portal,臺灣證券交易所,上市公司基本資料 t187ap03_L,2026-08-15
38582821,開曼商豐祥控股股份有限公司,新北市新莊區新樹路315巷10號,696987220,TWSE,05,5288,src_tw_twse_portal,臺灣證券交易所,上市公司基本資料 t187ap03_L,2026-08-15
23492169,華懋科技股份有限公司,桃園市中壢區中山路88號17樓,463188000,TWSE,35,5292,src_tw_twse_portal,臺灣證券交易所,上市公司基本資料 t187ap03_L,2026-08-15
22099483,桂盟國際股份有限公司,台南市永康區中華路425號8F-5,1260007720,TWSE,37,5306,src_tw_twse_portal,臺灣證券交易所,上市公司基本資料 t187ap03_L,2026-08-15
86690573,中磊電子股份有限公司,台北市南港區園區街3-1號8樓,3043425420,TWSE,27,5388,src_tw_twse_portal,臺灣證券交易所,上市公司基本資料 t187ap03_L,2026-08-15
23621614,崇越科技股份有限公司,臺北市內湖區洲子街176號6樓,1936576550,TWSE,29,5434,src_tw_twse_portal,臺灣證券交易所,上市公司基本資料 t187ap03_L,2026-08-15
23225071,瀚宇博德股份有限公司,桃園市觀音區樹林里工業四路9號,4861660000,TWSE,28,5469,src_tw_twse_portal,臺灣證券交易所,上市公司基本資料 t187ap03_L,2026-08-15
97063584,松翰科技股份有限公司,新竹縣竹北市台元街36號10樓之1,1678770620,TWSE,24,5471,src_tw_twse_portal,臺灣證券交易所,上市公司基本資料 t187ap03_L,2026-08-15
89639615,慧友電子股份有限公司,新北市新店區寶橋路235巷133號7樓之一,668010000,TWSE,26,5484,src_tw_twse_portal,臺灣證券交易所,上市公司基本資料 t187ap03_L,2026-08-15
46298200,建國工程股份有限公司,台北市敦化南路二段67號20樓,2016000840,TWSE,14,5515,src_tw_twse_portal,臺灣證券交易所,上市公司基本資料 t187ap03_L,2026-08-15
85898033,隆大營建事業股份有限公司,高雄市前鎮區民權二路380號18樓之1,2191971800,TWSE,14,5519,src_tw_twse_portal,臺灣證券交易所,上市公司基本資料 t187ap03_L,2026-08-15
03028404,工信工程股份有限公司,台北市市民大道四段102號8樓,4922801550,TWSE,14,5521,src_tw_twse_portal,臺灣證券交易所,上市公司基本資料 t187ap03_L,2026-08-15
04673318,遠雄建設事業股份有限公司,台北市信義區基隆路一段200號16樓,7815962410,TWSE,14,5522,src_tw_twse_portal,臺灣證券交易所,上市公司基本資料 t187ap03_L,2026-08-15
22764965,順天建設股份有限公司,台中市文心路二段201號3樓,3181053780,TWSE,14,5525,src_tw_twse_portal,臺灣證券交易所,上市公司基本資料 t187ap03_L,2026-08-15
23641822,鄉林建設事業股份有限公司,台中市西區台灣大道二段408號,10775892450,TWSE,14,5531,src_tw_twse_portal,臺灣證券交易所,上市公司基本資料 t187ap03_L,2026-08-15
23988653,皇鼎建設開發股份有限公司,台北市敦化南路一段294號3樓,2852449440,TWSE,14,5533,src_tw_twse_portal,臺灣證券交易所,上市公司基本資料 t187ap03_L,2026-08-15
04633597,長虹建設股份有限公司,台北市北平東路30號11樓,3153259600,TWSE,14,5534,src_tw_twse_portal,臺灣證券交易所,上市公司基本資料 t187ap03_L,2026-08-15
02769941,開曼東明控股股份有限公司,高雄市岡山區中山北路140號15樓(訴訟及非訟代理人聯絡處),2012033330,TWSE,10,5538,src_tw_twse_portal,臺灣證券交易所,上市公司基本資料 t187ap03_L,2026-08-15
77211448,永固集團股份有限公司,台北市松山區復興北路99號15樓,823534020,TWSE,14,5546,src_tw_twse_portal,臺灣證券交易所,上市公司基本資料 t187ap03_L,2026-08-15
86121030,遠雄自貿港投資控股股份有限公司,台北市信義區基隆路1段200號23樓之1,3705529130,TWSE,15,5607,src_tw_twse_portal,臺灣證券交易所,上市公司基本資料 t187ap03_L,2026-08-15
12551801,四維航業股份有限公司,台北市105松山區復興北路167號16樓,3892761380,TWSE,15,5608,src_tw_twse_portal,臺灣證券交易所,上市公司基本資料 t187ap03_L,2026-08-15
11322915,鳳凰國際旅行社股份有限公司,台北市長安東路一段25號4樓,837679200,TWSE,16,5706,src_tw_twse_portal,臺灣證券交易所,上市公司基本資料 t187ap03_L,2026-08-15
26389569,中租控股股份有限公司,台北市內湖區瑞光路362號(訴訟及非訟代理人聯絡處),18614211610,TWSE,20,5871,src_tw_twse_portal,臺灣證券交易所,上市公司基本資料 t187ap03_L,2026-08-15
03036306,上海商業儲蓄銀行股份有限公司,台北市中山區民權東路一段2號,48616031400,TWSE,17,5876,src_tw_twse_portal,臺灣證券交易所,上市公司基本資料 t187ap03_L,2026-08-15
53021433,合作金庫金融控股股份有限公司,"臺北市松山區長安東路二段225號17樓,19樓",156809369140,TWSE,17,5880,src_tw_twse_portal,臺灣證券交易所,上市公司基本資料 t187ap03_L,2026-08-15
36855058,台南生活(開曼)股份有限公司,台南市東區東門路二段297號1樓,357414120,TWSE,18,5906,src_tw_twse_portal,臺灣證券交易所,上市公司基本資料 t187ap03_L,2026-08-15
53013068,Grand Ocean RetailGroupLimited,台北市大安區復興南路二段237號14樓(訴訟及非訴訟代理人聯絡處),1955310000,TWSE,18,5907,src_tw_twse_portal,臺灣證券交易所,上市公司基本資料 t187ap03_L,2026-08-15
22956035,群益金鼎證券股份有限公司,台北市民生東路三段156號14樓之3,21709080970,TWSE,17,6005,src_tw_twse_portal,臺灣證券交易所,上市公司基本資料 t187ap03_L,2026-08-15
97176335,群益期貨股份有限公司,台北市大安區敦化南路2段97號地下1樓,2499375840,TWSE,17,6024,src_tw_twse_portal,臺灣證券交易所,上市公司基本資料 t187ap03_L,2026-08-15
36084833,競國實業股份有限公司,新北巿樹林區俊英街84巷6號,1544943110,TWSE,28,6108,src_tw_twse_portal,臺灣證券交易所,上市公司基本資料 t187ap03_L,2026-08-15
16428796,邁達特數位股份有限公司,台北市114內湖路一段516號10樓,1883573360,TWSE,30,6112,src_tw_twse_portal,臺灣證券交易所,上市公司基本資料 t187ap03_L,2026-08-15
22304288,鎰勝工業股份有限公司,桃園市龜山區大華里頂湖路50號,1876621540,TWSE,28,6115,src_tw_twse_portal,臺灣證券交易所,上市公司基本資料 t187ap03_L,2026-08-15
16450500,瀚宇彩晶股份有限公司,台北市內湖區行善路168巷15號4樓,28586548510,TWSE,26,6116,src_tw_twse_portal,臺灣證券交易所,上市公司基本資料 t187ap03_L,2026-08-15
09497109,迎廣科技股份有限公司,桃園市龜山區南上路350巷57號,925454080,TWSE,25,6117,src_tw_twse_portal,臺灣證券交易所,上市公司基本資料 t187ap03_L,2026-08-15
23504361,達運精密工業股份有限公司,新竹縣湖口鄉光復北路20-1號,5989996020,TWSE,26,6120,src_tw_twse_portal,臺灣證券交易所,上市公司基本資料 t187ap03_L,2026-08-15
56625344,上福全球科技股份有限公司,台中市梧棲區自強路50號,1275887400,TWSE,25,6128,src_tw_twse_portal,臺灣證券交易所,上市公司基本資料 t187ap03_L,2026-08-15
04865462,金橋科技股份有限公司,新北市深坑區北深路三段270巷6號3樓,1170062940,TWSE,28,6133,src_tw_twse_portal,臺灣證券交易所,上市公司基本資料 t187ap03_L,2026-08-15
86616791,富爾特科技股份有限公司,新北市新店區寶強路6-3號5樓,1155364120,TWSE,27,6136,src_tw_twse_portal,臺灣證券交易所,上市公司基本資料 t187ap03_L,2026-08-15
12204275,亞翔工程股份有限公司,新北市汐止區大同路一段175號14樓,2355757240,TWSE,31,6139,src_tw_twse_portal,臺灣證券交易所,上市公司基本資料 t187ap03_L,2026-08-15
23750095,柏承科技股份有限公司,台北市大安區基隆路二段112號12樓,1133540050,TWSE,28,6141,src_tw_twse_portal,臺灣證券交易所,上市公司基本資料 t187ap03_L,2026-08-15
22099744,友勁科技股份有限公司,台北市內湖區新湖三路275號2F,3307792150,TWSE,27,6142,src_tw_twse_portal,臺灣證券交易所,上市公司基本資料 t187ap03_L,2026-08-15
89549585,百一電子股份有限公司,桃園市中壢區自強一路3號,1677384630,TWSE,27,6152,src_tw_twse_portal,臺灣證券交易所,上市公司基本資料 t187ap03_L,2026-08-15
86980046,嘉聯益科技股份有限公司,新北市樹林區博愛街248號,6361776940,TWSE,28,6153,src_tw_twse_portal,臺灣證券交易所,上市公司基本資料 t187ap03_L,2026-08-15
22306130,鈞寶電子工業股份有限公司,桃園市平鎮區南豐路269號,880239880,TWSE,28,6155,src_tw_twse_portal,臺灣證券交易所,上市公司基本資料 t187ap03_L,2026-08-15
34168978,華興電子工業股份有限公司,新北市新店區中正路542-5號5樓,800000000,TWSE,26,6164,src_tw_twse_portal,臺灣證券交易所,上市公司基本資料 t187ap03_L,2026-08-15
04386575,浪凡網路科技股份有限公司,臺北市士林區中山北路五段506號4樓,777526230,TWSE,36,6165,src_tw_twse_portal,臺灣證券交易所,上市公司基本資料 t187ap03_L,2026-08-15
89593343,凌華科技股份有限公司,桃園市龜山區華亞一路66號,2177692570,TWSE,25,6166,src_tw_twse_portal,臺灣證券交易所,上市公司基本資料 t187ap03_L,2026-08-15
89358419,宏齊科技股份有限公司,新竹市中華路五段522巷18號,2057618010,TWSE,26,6168,src_tw_twse_portal,臺灣證券交易所,上市公司基本資料 t187ap03_L,2026-08-15
22101208,瑞儀光電股份有限公司,高雄市前鎮區中六路一號,3487704470,TWSE,26,6176,src_tw_twse_portal,臺灣證券交易所,上市公司基本資料 t187ap03_L,2026-08-15
04477420,達麗建設事業股份有限公司,台北市中山區建國北路一段96號10樓,4718914260,TWSE,14,6177,src_tw_twse_portal,臺灣證券交易所,上市公司基本資料 t187ap03_L,2026-08-15
97162640,關貿網路股份有限公司,台北市南港區三重路19-13號6樓,1500000000,TWSE,30,6183,src_tw_twse_portal,臺灣證券交易所,上市公司基本資料 t187ap03_L,2026-08-15
96974228,大豐有線電視股份有限公司,新北市土城區中華路二段207號5樓,1582306570,TWSE,20,6184,src_tw_twse_portal,臺灣證券交易所,上市公司基本資料 t187ap03_L,2026-08-15
22151585,豐藝電子股份有限公司,臺北市內湖區環山路一段32號4樓,2637796570,TWSE,29,6189,src_tw_twse_portal,臺灣證券交易所,上市公司基本資料 t187ap03_L,2026-08-15
81069921,精成科技股份有限公司,新北市新店區民權路48-3號4樓,4993030000,TWSE,28,6191,src_tw_twse_portal,臺灣證券交易所,上市公司基本資料 t187ap03_L,2026-08-15
14033663,巨路國際股份有限公司,台北市南港區園區街3之1號12樓,961557700,TWSE,31,6192,src_tw_twse_portal,臺灣證券交易所,上市公司基本資料 t187ap03_L,2026-08-15
23145632,帆宣系統科技股份有限公司,台北市南港區園區街3-2號6樓,2203295290,TWSE,31,6196,src_tw_twse_portal,臺灣證券交易所,上市公司基本資料 t187ap03_L,2026-08-15
86701804,佳必琪國際股份有限公司,新北市中和區建一路176號9樓,1220858820,TWSE,28,6197,src_tw_twse_portal,臺灣證券交易所,上市公司基本資料 t187ap03_L,2026-08-15
73710056,亞弘電科技股份有限公司,台南市安定區中沙里沙崙35號,892000000,TWSE,31,6201,src_tw_twse_portal,臺灣證券交易所,上市公司基本資料 t187ap03_L,2026-08-15
16130330,盛群半導體股份有限公司,新竹科學園區新竹市研新二路3號,2303882000,TWSE,24,6202,src_tw_twse_portal,臺灣證券交易所,上市公司基本資料 t187ap03_L,2026-08-15
22115625,詮欣股份有限公司,新北市汐止區大同路三段188號7樓,822359070,TWSE,28,6205,src_tw_twse_portal,臺灣證券交易所,上市公司基本資料 t187ap03_L,2026-08-15
21230513,飛捷科技股份有限公司,台北市內湖區行愛路168號,1430623240,TWSE,25,6206,src_tw_twse_portal,臺灣證券交易所,上市公司基本資料 t187ap03_L,2026-08-15
56654500,今國光學工業股份有限公司,台中市梧棲區向上路九段562巷91號,1804627020,TWSE,26,6209,src_tw_twse_portal,臺灣證券交易所,上市公司基本資料 t187ap03_L,2026-08-15
97179403,聯茂電子股份有限公司,新竹縣新埔鎮內立里大魯閣路17號,3635622180,TWSE,28,6213,src_tw_twse_portal,臺灣證券交易所,上市公司基本資料 t187ap03_L,2026-08-15
97311466,精誠資訊股份有限公司,台北市內湖區瑞光路318號,2722430660,TWSE,30,6214,src_tw_twse_portal,臺灣證券交易所,上市公司基本資料 t187ap03_L,2026-08-15
12304443,和椿科技股份有限公司,台北市內湖區洲子街60號1樓,827896930,TWSE,31,6215,src_tw_twse_portal,臺灣證券交易所,上市公司基本資料 t187ap03_L,2026-08-15
16242320,居易科技股份有限公司,新竹縣湖口鄉新竹工業區復興路26號,972961370,TWSE,27,6216,src_tw_twse_portal,臺灣證券交易所,上市公司基本資料 t187ap03_L,2026-08-15
16433242,聚鼎科技股份有限公司,新竹科學園區工業東四路24之1號,856453610,TWSE,28,6224,src_tw_twse_portal,臺灣證券交易所,上市公司基本資料 t187ap03_L,2026-08-15
16253228,天瀚科技股份有限公司,新竹科學園區新竹市東區科研路8號9樓之5,278000000,TWSE,26,6225,src_tw_twse_portal,臺灣證券交易所,上市公司基本資料 t187ap03_L,2026-08-15
22601800,光鼎電子股份有限公司,新北市中和區建康路8號11樓,1155347890,TWSE,26,6226,src_tw_twse_portal,臺灣證券交易所,上市公司基本資料 t187ap03_L,2026-08-15
34005476,尼得科超眾科技股份有限公司,新北市三重區中興北街184-3號,863433960,TWSE,25,6230,src_tw_twse_portal,臺灣證券交易所,上市公司基本資料 t187ap03_L,2026-08-15
35383165,華孚科技股份有限公司,台北市南港區南港路一段209號6樓,1999063060,TWSE,25,6235,src_tw_twse_portal,臺灣證券交易所,上市公司基本資料 t187ap03_L,2026-08-15
16082267,力成科技股份有限公司,新竹縣湖口鄉新竹工業區大同路10號,7591466340,TWSE,24,6239,src_tw_twse_portal,臺灣證券交易所,上市公司基本資料 t187ap03_L,2026-08-15
16505809,迅杰科技股份有限公司,新竹科學工業園區新竹市力行路21號4樓,452688410,TWSE,24,6243,src_tw_twse_portal,臺灣證券交易所,上市公司基本資料 t187ap03_L,2026-08-15
23218022,矽格股份有限公司,新竹縣竹東鎮北興路1段436號,4839123250,TWSE,24,6257,src_tw_twse_portal,臺灣證券交易所,上市公司基本資料 t187ap03_L,2026-08-15
16347324,台郡科技股份有限公司,高雄市大寮區和發產業園區上發五路1號,3238314810,TWSE,28,6269,src_tw_twse_portal,臺灣證券交易所,上市公司基本資料 t187ap03_L,2026-08-15
04226986,同欣電子工業股份有限公司,桃園市八德區和平路1125巷88號,2090580240,TWSE,24,6271,src_tw_twse_portal,臺灣證券交易所,上市公司基本資料 t187ap03_L,2026-08-15
23610975,驊陞科技股份有限公司,(221)新北市汐止區大同路一段237號15樓之1,817639480,TWSE,28,6272,src_tw_twse_portal,臺灣證券交易所,上市公司基本資料 t187ap03_L,2026-08-15
12403422,宏正自動科技股份有限公司,新北市汐止區大同路二段125號3樓,1194711660,TWSE,25,6277,src_tw_twse_portal,臺灣證券交易所,上市公司基本資料 t187ap03_L,2026-08-15
23722471,台灣表面黏著科技股份有限公司,桃園市桃園區大樹里桃鶯路437號,2923983530,TWSE,26,6278,src_tw_twse_portal,臺灣證券交易所,上市公司基本資料 t187ap03_L,2026-08-15
22006252,全國電子股份有限公司,新北市五股區五工六路55號,991729450,TWSE,29,6281,src_tw_twse_portal,臺灣證券交易所,上市公司基本資料 t187ap03_L,2026-08-15
12341051,康舒科技股份有限公司,臺北市北投區中央南路2段18號,8560312940,TWSE,28,6282,src_tw_twse_portal,臺灣證券交易所,上市公司基本資料 t187ap03_L,2026-08-15
89827686,淳安電子股份有限公司,台北市內湖區新湖二路146巷19號2樓,1489813430,TWSE,31,6283,src_tw_twse_portal,臺灣證券交易所,上市公司基本資料 t187ap03_L,2026-08-15
97331723,啟碁科技股份有限公司,新竹科學園區園區二路20號,4836637190,TWSE,27,6285,src_tw_twse_portal,臺灣證券交易所,上市公司基本資料 t187ap03_L,2026-08-15
27340208,悅城科技股份有限公司,桃園市中壢區北園路18號,658000000,TWSE,26,6405,src_tw_twse_portal,臺灣證券交易所,上市公司基本資料 t187ap03_L,2026-08-15
28865032,旭隼科技股份有限公司,11494台北市內湖區新湖一路406號,882535660,TWSE,31,6409,src_tw_twse_portal,臺灣證券交易所,上市公司基本資料 t187ap03_L,2026-08-15
24284436,群光電能科技股份有限公司,新北市三重區光復路二段 69 號30樓,4007691260,TWSE,28,6412,src_tw_twse_portal,臺灣證券交易所,上市公司基本資料 t187ap03_L,2026-08-15
70380046,樺漢科技股份有限公司,(235)新北市中和區建康路10號3至6樓,1458863970,TWSE,25,6414,src_tw_twse_portal,臺灣證券交易所,上市公司基本資料 t187ap03_L,2026-08-15
02906023,矽力杰股份有限公司,新北市中和區板南路653號10樓,973632132,TWSE,24,6415,src_tw_twse_portal,臺灣證券交易所,上市公司基本資料 t187ap03_L,2026-08-15
28488592,瑞祺電通股份有限公司,新北市新莊區建國一路308號12樓,733484600,TWSE,27,6416,src_tw_twse_portal,臺灣證券交易所,上市公司基本資料 t187ap03_L,2026-08-15
13111161,統新光訊股份有限公司,台南市新市區南科三路7號4樓,385090000,TWSE,27,6426,src_tw_twse_portal,臺灣證券交易所,上市公司基本資料 t187ap03_L,2026-08-15
41181265,光麗生技控股股份有限公司,臺北市中山區南京東路3段1號5樓,973988350,TWSE,22,6431,src_tw_twse_portal,臺灣證券交易所,上市公司基本資料 t187ap03_L,2026-08-15
70753397,迅得機械股份有限公司,桃園市中壢區新生路3段255巷99號,822063250,TWSE,31,6438,src_tw_twse_portal,臺灣證券交易所,上市公司基本資料 t187ap03_L,2026-08-15
97119975,光紅建聖股份有限公司,新北市淡水區中正東路二段27-8號13樓,804501550,TWSE,27,6442,src_tw_twse_portal,臺灣證券交易所,上市公司基本資料 t187ap03_L,2026-08-15
28997300,元晶太陽能科技股份有限公司,新北市新店區北新路3段225號8樓,5386914660,TWSE,26,6443,src_tw_twse_portal,臺灣證券交易所,上市公司基本資料 t187ap03_L,2026-08-15
70557655,藥華醫藥股份有限公司,台北市南港區園區街3號13樓,4224333030,TWSE,22,6446,src_tw_twse_portal,臺灣證券交易所,上市公司基本資料 t187ap03_L,2026-08-15
28064644,鈺邦科技股份有限公司,苗栗縣竹南鎮科東三路2、6號4樓,918860140,TWSE,28,6449,src_tw_twse_portal,臺灣證券交易所,上市公司基本資料 t187ap03_L,2026-08-15
38649225,訊芯科技控股股份有限公司,台北市信義區光復南路495號11樓之5,1147256070,TWSE,24,6451,src_tw_twse_portal,臺灣證券交易所,上市公司基本資料 t187ap03_L,2026-08-15
41420316,GIS Holding Limited,苗栗縣竹南鎮科中路12號8樓(訴訟及非訟代理人聯絡處),3379398000,TWSE,26,6456,src_tw_twse_portal,臺灣證券交易所,上市公司基本資料 t187ap03_L,2026-08-15
28371951,台灣數位光訊科技股份有限公司,台中市西屯區文心路二段201號6樓之6,1287815320,TWSE,20,6464,src_tw_twse_portal,臺灣證券交易所,上市公司基本資料 t187ap03_L,2026-08-15
28684877,保瑞藥業股份有限公司,台北市內湖區瑞光路26巷36弄2號6樓,1277560590,TWSE,22,6472,src_tw_twse_portal,臺灣證券交易所,上市公司基本資料 t187ap03_L,2026-08-15
28580346,安集科技股份有限公司,台南市安南區科技五路19號,1237871960,TWSE,26,6477,src_tw_twse_portal,臺灣證券交易所,上市公司基本資料 t187ap03_L,2026-08-15
25021158,晶碩光學股份有限公司,桃園市龜山區興業街5號2樓之1,780000000,TWSE,22,6491,src_tw_twse_portal,臺灣證券交易所,上市公司基本資料 t187ap03_L,2026-08-15
75989858,南六企業股份有限公司,高雄市燕巢區角宿里四林路699號,726000000,TWSE,20,6504,src_tw_twse_portal,臺灣證券交易所,上市公司基本資料 t187ap03_L,2026-08-15
86522210,台塑石化股份有限公司,台北市內湖區南京東路六段380號(A2棟)4樓,95259596520,TWSE,23,6505,src_tw_twse_portal,臺灣證券交易所,上市公司基本資料 t187ap03_L,2026-08-15
13145774,穎崴科技股份有限公司,高雄市楠梓區創意南路68號,360380420,TWSE,24,6515,src_tw_twse_portal,臺灣證券交易所,上市公司基本資料 t187ap03_L,2026-08-15
49791260,捷敏股份有限公司,新北市中和區橋安街35號10樓,1290473840,TWSE,24,6525,src_tw_twse_portal,臺灣證券交易所,上市公司基本資料 t187ap03_L,2026-08-15
12883169,達發科技股份有限公司,新竹縣竹北市台元二街12號14樓之1,1675055540,TWSE,24,6526,src_tw_twse_portal,臺灣證券交易所,上市公司基本資料 t187ap03_L,2026-08-15
53503847,愛普科技股份有限公司,新竹縣竹北市台元一街一號10樓之一,814232700,TWSE,24,6531,src_tw_twse_portal,臺灣證券交易所,上市公司基本資料 t187ap03_L,2026-08-15
27638046,晶心科技股份有限公司,新竹科學園區新竹市力行一路1號3樓A1-4,506509110,TWSE,24,6533,src_tw_twse_portal,臺灣證券交易所,上市公司基本資料 t187ap03_L,2026-08-15
54313303,正瀚生技股份有限公司,南投縣南投市內興里文獻路89號,1028000000,TWSE,22,6534,src_tw_twse_portal,臺灣證券交易所,上市公司基本資料 t187ap03_L,2026-08-15
24797816,泰福生技股份有限公司,"P.O. Box 31119, Grand Pavilion, 802 West Bay Rd., KY1-1205",2651253670,TWSE,22,6541,src_tw_twse_portal,臺灣證券交易所,上市公司基本資料 t187ap03_L,2026-08-15
24792045,北極星藥業集團股份有限公司,"P.O. Box 309, Ugland House,Grand Cayman, KY1-1104, Cayman",8947926880,TWSE,22,6550,src_tw_twse_portal,臺灣證券交易所,上市公司基本資料 t187ap03_L,2026-08-15
76025826,易華電子股份有限公司,高雄市楠梓區新開發路8號,830000000,TWSE,24,6552,src_tw_twse_portal,臺灣證券交易所,上市公司基本資料 t187ap03_L,2026-08-15
97430131,興能高科技股份有限公司,新竹科學園區新竹市展業一路9號6樓之一、之三,937888750,TWSE,31,6558,src_tw_twse_portal,臺灣證券交易所,上市公司基本資料 t187ap03_L,2026-08-15
53016234,虹揚發展科技股份有限公司,新北市新店區北新路三段207-5號4樓,804993450,TWSE,24,6573,src_tw_twse_portal,臺灣證券交易所,上市公司基本資料 t187ap03_L,2026-08-15
53113073,研揚科技股份有限公司,新北市新店區寶橋路235巷135號5樓,1694512210,TWSE,25,6579,src_tw_twse_portal,臺灣證券交易所,上市公司基本資料 t187ap03_L,2026-08-15
89528054,台灣鋼聯股份有限公司,彰化縣伸港鄉彰濱工業區線工北一路36號,1112708870,TWSE,35,6581,src_tw_twse_portal,臺灣證券交易所,上市公司基本資料 t187ap03_L,2026-08-15
85841102,申豐特用應材股份有限公司,屏東縣枋寮鄉太源村中山路三段55號,1061741410,TWSE,11,6582,src_tw_twse_portal,臺灣證券交易所,上市公司基本資料 t187ap03_L,2026-08-15
81486019,鼎基先進材料股份有限公司,高雄市小港區北林路8-1號,721335870,TWSE,20,6585,src_tw_twse_portal,臺灣證券交易所,上市公司基本資料 t187ap03_L,2026-08-15
54150737,台康生技股份有限公司,新北市汐止區康寧街169巷101號,3068711740,TWSE,22,6589,src_tw_twse_portal,臺灣證券交易所,上市公司基本資料 t187ap03_L,2026-08-15
42461124,動力科技股份有限公司,新北市中和區建一路166號9樓、9樓之一,411224650,TWSE,25,6591,src_tw_twse_portal,臺灣證券交易所,上市公司基本資料 t187ap03_L,2026-08-15
16844548,和潤企業股份有限公司,台北市內湖區瑞光路605號10樓,7231504930,TWSE,20,6592,src_tw_twse_portal,臺灣證券交易所,上市公司基本資料 t187ap03_L,2026-08-15
42545659,Applied BioCode Corporation,台北市內湖區行忠路28巷1號6樓,1028190610,TWSE,22,6598,src_tw_twse_portal,臺灣證券交易所,上市公司基本資料 t187ap03_L,2026-08-15
59347422,帝寶工業股份有限公司,彰化縣鹿港鎮頭南里南勢巷20-3號,1658163970,TWSE,12,6605,src_tw_twse_portal,臺灣證券交易所,上市公司基本資料 t187ap03_L,2026-08-15
35309102,建德工業股份有限公司,雲林縣斗六市斗工九路17號,1103037830,TWSE,05,6606,src_tw_twse_portal,臺灣證券交易所,上市公司基本資料 t187ap03_L,2026-08-15
28859051,資拓宏宇國際股份有限公司,新北市板橋區縣民大道二段7號6樓,806605210,TWSE,36,6614,src_tw_twse_portal,臺灣證券交易所,上市公司基本資料 t187ap03_L,2026-08-15
54663862,必應創造股份有限公司,臺北市內湖區新湖一路370號3樓,579724880,TWSE,20,6625,src_tw_twse_portal,臺灣證券交易所,上市公司基本資料 t187ap03_L,2026-08-15
82703128,基士德科技股份有限公司,"高雄市鼓山區民利街15,17,19號(台灣分公司)",365000000,TWSE,35,6641,src_tw_twse_portal,臺灣證券交易所,上市公司基本資料 t187ap03_L,2026-08-15
27348877,金萬林企業股份有限公司,新北市汐止區新台五路一段97號30樓,608640500,TWSE,22,6645,src_tw_twse_portal,臺灣證券交易所,上市公司基本資料 t187ap03_L,2026-08-15
80214519,科定企業股份有限公司,新北市新莊區福慧路268號15樓,805718170,TWSE,20,6655,src_tw_twse_portal,臺灣證券交易所,上市公司基本資料 t187ap03_L,2026-08-15
53726093,華安醫學股份有限公司,台北市瑞光路583巷21號6樓之3,888080000,TWSE,22,6657,src_tw_twse_portal,臺灣證券交易所,上市公司基本資料 t187ap03_L,2026-08-15
13079649,聯策科技股份有限公司,桃園市中壢區新生路三段255巷168號,363700000,TWSE,31,6658,src_tw_twse_portal,臺灣證券交易所,上市公司基本資料 t187ap03_L,2026-08-15
82230260,羅麗芬控股股份有限公司,新北市中和區圓通路301號生醫科技大樓15樓,473880000,TWSE,22,6666,src_tw_twse_portal,臺灣證券交易所,上市公司基本資料 t187ap03_L,2026-08-15
54258218,中揚光電股份有限公司,台中市南屯區工業區二十二路21號,1071160870,TWSE,26,6668,src_tw_twse_portal,臺灣證券交易所,上市公司基本資料 t187ap03_L,2026-08-15
53687704,緯穎科技服務股份有限公司,新北市汐止區新台五路一段90號8樓,1858407910,TWSE,25,6669,src_tw_twse_portal,臺灣證券交易所,上市公司基本資料 t187ap03_L,2026-08-15
53091900,復盛應用科技股份有限公司,台北市中山區南京東路二段172號3樓,1393869730,TWSE,37,6670,src_tw_twse_portal,臺灣證券交易所,上市公司基本資料 t187ap03_L,2026-08-15
82517356,三能集團控股股份有限公司,臺中市大里區工業八路58號,607500000,TWSE,38,6671,src_tw_twse_portal,臺灣證券交易所,上市公司基本資料 t187ap03_L,2026-08-15
72952251,騰輝電子國際集團股份有限公司,桃園市平鎮區湧豐里工業五路10號,816202120,TWSE,28,6672,src_tw_twse_portal,臺灣證券交易所,上市公司基本資料 t187ap03_L,2026-08-15
24456541,鋐寶科技股份有限公司,新竹縣竹北市台元一街1號13樓之一,685506590,TWSE,27,6674,src_tw_twse_portal,臺灣證券交易所,上市公司基本資料 t187ap03_L,2026-08-15
54359763,伊雲谷數位科技股份有限公司,新北市三重區三和路四段111之32號7樓,680000000,TWSE,36,6689,src_tw_twse_portal,臺灣證券交易所,上市公司基本資料 t187ap03_L,2026-08-15
30921756,洋基工程股份有限公司,新北市林口區文化二路一段266號18樓之3,1214872090,TWSE,31,6691,src_tw_twse_portal,臺灣證券交易所,上市公司基本資料 t187ap03_L,2026-08-15
28112890,芯鼎科技股份有限公司,新竹科學園區新竹縣創新一路19-1號,1064776500,TWSE,24,6695,src_tw_twse_portal,臺灣證券交易所,上市公司基本資料 t187ap03_L,2026-08-15
28722767,旭暉應用材料股份有限公司,台南市安南區工業一路36號,663897530,TWSE,31,6698,src_tw_twse_portal,臺灣證券交易所,上市公司基本資料 t187ap03_L,2026-08-15
70697332,惠特科技股份有限公司,台中市西屯區工業區35路3號,785488650,TWSE,26,6706,src_tw_twse_portal,臺灣證券交易所,上市公司基本資料 t187ap03_L,2026-08-15
53431627,嘉基科技股份有限公司,新北市中和區建一路166號12樓,682740260,TWSE,28,6715,src_tw_twse_portal,臺灣證券交易所,上市公司基本資料 t187ap03_L,2026-08-15
27983551,力智電子股份有限公司,新竹縣竹北市台元一街5號9樓,1054839890,TWSE,24,6719,src_tw_twse_portal,臺灣證券交易所,上市公司基本資料 t187ap03_L,2026-08-15
20947969,輝創電子股份有限公司,新北市中和區中正路959號5樓,884000000,TWSE,31,6722,src_tw_twse_portal,臺灣證券交易所,上市公司基本資料 t187ap03_L,2026-08-15
80137437,澤米科技股份有限公司,苗栗縣竹南鎮和興路330號,712679480,TWSE,26,6742,src_tw_twse_portal,臺灣證券交易所,上市公司基本資料 t187ap03_L,2026-08-15
16540496,安普新股份有限公司,台北市南港區三重路19-3號3樓,1500000000,TWSE,31,6743,src_tw_twse_portal,臺灣證券交易所,上市公司基本資料 t187ap03_L,2026-08-15
40607762,龍德造船工業股份有限公司,宜蘭縣冬山鄉大興村德興五路15號,1172532240,TWSE,15,6753,src_tw_twse_portal,臺灣證券交易所,上市公司基本資料 t187ap03_L,2026-08-15
24775812,匯僑室內裝修設計股份有限公司,台北市松山區南京東路四段75號12樓,660000000,TWSE,38,6754,src_tw_twse_portal,臺灣證券交易所,上市公司基本資料 t187ap03_L,2026-08-15
29125676,威鋒電子股份有限公司,新北市新店區中正路529-1號7樓,699900000,TWSE,24,6756,src_tw_twse_portal,臺灣證券交易所,上市公司基本資料 t187ap03_L,2026-08-15
54381049,台灣虎航股份有限公司,台北市松山區敦化北路405巷123弄3號,4595300000,TWSE,15,6757,src_tw_twse_portal,臺灣證券交易所,上市公司基本資料 t187ap03_L,2026-08-15
88173202,志強國際企業股份有限公司,台中市西屯區市政北五路266號3樓,2000950610,TWSE,37,6768,src_tw_twse_portal,臺灣證券交易所,上市公司基本資料 t187ap03_L,2026-08-15
28112667,力晶積成電子製造股份有限公司,新竹科學園區新竹市力行一路18號,46638037150,TWSE,24,6770,src_tw_twse_portal,臺灣證券交易所,上市公司基本資料 t187ap03_L,2026-08-15
28371018,平和環保科技股份有限公司,高雄市岡山區本工路6號,311795000,TWSE,35,6771,src_tw_twse_portal,臺灣證券交易所,上市公司基本資料 t187ap03_L,2026-08-15
20773257,展碁國際股份有限公司,台北市南港區南港路三段9號10-12樓,915814300,TWSE,29,6776,src_tw_twse_portal,臺灣證券交易所,上市公司基本資料 t187ap03_L,2026-08-15
87546197,"AES Holding Co., Ltd.",新竹縣湖口鄉湖口村八德路二段656號5樓,854187800,TWSE,28,6781,src_tw_twse_portal,臺灣證券交易所,上市公司基本資料 t187ap03_L,2026-08-15
16693062,視陽光學股份有限公司,桃園市龜山區興業街1號,630000000,TWSE,22,6782,src_tw_twse_portal,臺灣證券交易所,上市公司基本資料 t187ap03_L,2026-08-15
80601119,采鈺科技股份有限公司,新竹科學園區新竹市篤行一路12號,3182991190,TWSE,24,6789,src_tw_twse_portal,臺灣證券交易所,上市公司基本資料 t187ap03_L,2026-08-15
22327037,永豐餘消費品實業股份有限公司,臺北市中正區重慶南路2段51號16樓,2671290210,TWSE,09,6790,src_tw_twse_portal,臺灣證券交易所,上市公司基本資料 t187ap03_L,2026-08-15
22864367,詠業科技股份有限公司,新竹縣關西鎮大同里水坑41號,478753250,TWSE,27,6792,src_tw_twse_portal,臺灣證券交易所,上市公司基本資料 t187ap03_L,2026-08-15
50753953,向榮生醫科技股份有限公司,臺北市內湖區民權東路6段13之20號5樓,636370000,TWSE,22,6794,src_tw_twse_portal,臺灣證券交易所,上市公司基本資料 t187ap03_L,2026-08-15
28113005,晉弘科技股份有限公司,新竹科學園區新竹市東區工業東四路24-2號3樓,402339700,TWSE,22,6796,src_tw_twse_portal,臺灣證券交易所,上市公司基本資料 t187ap03_L,2026-08-15
53089904,來頡科技股份有限公司,臺北市內湖區瑞光路358巷38弄36號9樓,436521930,TWSE,24,6799,src_tw_twse_portal,臺灣證券交易所,上市公司基本資料 t187ap03_L,2026-08-15
12871564,富世達股份有限公司,新北市新莊區五權二路24號8樓之4,685538960,TWSE,28,6805,src_tw_twse_portal,臺灣證券交易所,上市公司基本資料 t187ap03_L,2026-08-15
91616069,峰源集團股份有限公司,"The Grand Pavilion Commercial Centre, Oleander Way, 802 West",540000000,TWSE,38,6807,src_tw_twse_portal,臺灣證券交易所,上市公司基本資料 t187ap03_L,2026-08-15
27853425,汎銓科技股份有限公司,新竹市埔頂路27號1樓,544136150,TWSE,31,6830,src_tw_twse_portal,臺灣證券交易所,上市公司基本資料 t187ap03_L,2026-08-15
80294132,邁&#33834;科技股份有限公司,新北市中和區中正路788號11樓,675000000,TWSE,25,6831,src_tw_twse_portal,臺灣證券交易所,上市公司基本資料 t187ap03_L,2026-08-15
83360971,天二科技股份有限公司,高雄市前鎮區南四路3號,884710820,TWSE,28,6834,src_tw_twse_portal,臺灣證券交易所,上市公司基本資料 t187ap03_L,2026-08-15
34417836,圓裕企業股份有限公司,新北市新店區民權路130巷4號4樓,661722970,TWSE,28,6835,src_tw_twse_portal,臺灣證券交易所,上市公司基本資料 t187ap03_L,2026-08-15
53273211,台新藥股份有限公司,台北市復興北路57號8樓之6,1509771000,TWSE,22,6838,src_tw_twse_portal,臺灣證券交易所,上市公司基本資料 t187ap03_L,2026-08-15
91663750,PlayNitride Inc.,苗栗縣竹南鎮科中路13號8樓,1176786220,TWSE,24,6854,src_tw_twse_portal,臺灣證券交易所,上市公司基本資料 t187ap03_L,2026-08-15
69764396,睿生光電股份有限公司,南部科學園區臺南市新市區環西路二段2號B室,415992500,TWSE,22,6861,src_tw_twse_portal,臺灣證券交易所,上市公司基本資料 t187ap03_L,2026-08-15
91363753,三集瑞科技國際集團股份有限公司,新北市中和區連城路268號14樓之9,500000000,TWSE,28,6862,src_tw_twse_portal,臺灣證券交易所,上市公司基本資料 t187ap03_L,2026-08-15
91908050,Arizon RFID Technology,"P.O. Box 32052, Grand Cayman KY1-1208, Cayman Islands.",748880000,TWSE,27,6863,src_tw_twse_portal,臺灣證券交易所,上市公司基本資料 t187ap03_L,2026-08-15
42852207,雲豹能源科技股份有限公司,台北市內湖區基湖路1號4樓之1,1378300410,TWSE,35,6869,src_tw_twse_portal,臺灣證券交易所,上市公司基本資料 t187ap03_L,2026-08-15
45877096,泓德能源科技股份有限公司,臺北市士林區德行西路35號5樓,1426490990,TWSE,35,6873,src_tw_twse_portal,臺灣證券交易所,上市公司基本資料 t187ap03_L,2026-08-15
54346233,全福生物科技股份有限公司,台北市內湖區瑞光路358巷30弄1號8樓,1330610000,TWSE,22,6885,src_tw_twse_portal,臺灣證券交易所,上市公司基本資料 t187ap03_L,2026-08-15
53663724,鑽石生技投資股份有限公司,台北市中正區忠孝西路一段66號35樓,8533600000,TWSE,20,6901,src_tw_twse_portal,臺灣證券交易所,上市公司基本資料 t187ap03_L,2026-08-15
53755364,走著瞧股份有限公司,臺北市大安區敦化南路2段319號6樓,355299480,TWSE,36,6902,src_tw_twse_portal,臺灣證券交易所,上市公司基本資料 t187ap03_L,2026-08-15
85017777,現觀科技股份有限公司,台北市中山區中山北路二段42號2樓,335374000,TWSE,36,6906,src_tw_twse_portal,臺灣證券交易所,上市公司基本資料 t187ap03_L,2026-08-15
83178333,宏碁遊戲股份有限公司,新北市汐止區新台五路一段84號15樓,371800000,TWSE,29,6908,src_tw_twse_portal,臺灣證券交易所,上市公司基本資料 t187ap03_L,2026-08-15
24496001,創控科技股份有限公司,新北市中和區中正路866-8號17樓,672126000,TWSE,24,6909,src_tw_twse_portal,臺灣證券交易所,上市公司基本資料 t187ap03_L,2026-08-15
12681939,阜爾運通股份有限公司,新北市土城區三民路2號7樓之8,662260000,TWSE,20,6914,src_tw_twse_portal,臺灣證券交易所,上市公司基本資料 t187ap03_L,2026-08-15
16527682,華凌光電股份有限公司,台中市大雅區秀山里科雅路43號2樓,675000000,TWSE,26,6916,src_tw_twse_portal,臺灣證券交易所,上市公司基本資料 t187ap03_L,2026-08-15
24461404,愛派司生技股份有限公司,新北市中和區橋和路21號3樓,345710000,TWSE,22,6918,src_tw_twse_portal,臺灣證券交易所,上市公司基本資料 t187ap03_L,2026-08-15
53942917,康霈生技股份有限公司,新北市汐止區新台五路一段99號32樓之9,778600430,TWSE,22,6919,src_tw_twse_portal,臺灣證券交易所,上市公司基本資料 t187ap03_L,2026-08-15
83494520,嘉雨思科技股份有限公司,新北市中和區連城路268號5樓之2,318369410,TWSE,24,6921,src_tw_twse_portal,臺灣證券交易所,上市公司基本資料 t187ap03_L,2026-08-15
12862116,中台資源科技股份有限公司,桃園市觀音區大潭里環科路328號,914880000,TWSE,35,6923,src_tw_twse_portal,臺灣證券交易所,上市公司基本資料 t187ap03_L,2026-08-15
53347451,攸泰科技股份有限公司,台北市內湖區陽光街 300 號 4 樓,860000000,TWSE,25,6928,src_tw_twse_portal,臺灣證券交易所,上市公司基本資料 t187ap03_L,2026-08-15
28659672,青松健康股份有限公司,台中市大里區中投西路三段217號,661521600,TWSE,22,6931,src_tw_twse_portal,臺灣證券交易所,上市公司基本資料 t187ap03_L,2026-08-15
92778956,艾瑪斯科技控股股份有限公司,"Suite102,Cannon Place,North Sound Rd.,George Town,Cayman",424428000,TWSE,25,6933,src_tw_twse_portal,臺灣證券交易所,上市公司基本資料 t187ap03_L,2026-08-15
24754176,心誠鎂行動醫電股份有限公司,台北市大安區敦化南路二段319號10樓,361303040,TWSE,22,6934,src_tw_twse_portal,臺灣證券交易所,上市公司基本資料 t187ap03_L,2026-08-15
53703063,永鴻國際生技股份有限公司,新竹縣新豐鄉中崙村中崙290-3號,728040000,TWSE,22,6936,src_tw_twse_portal,臺灣證券交易所,上市公司基本資料 t187ap03_L,2026-08-15
80211920,天虹科技股份有限公司,新竹縣竹北市嘉政一街1號6樓,676552630,TWSE,24,6937,src_tw_twse_portal,臺灣證券交易所,上市公司基本資料 t187ap03_L,2026-08-15
27585625,兆聯實業股份有限公司,桃園市桃園區桃鶯路439-3號,766879120,TWSE,35,6944,src_tw_twse_portal,臺灣證券交易所,上市公司基本資料 t187ap03_L,2026-08-15
53831525,台鎔科技材料股份有限公司,桃園市觀音區環科路216號,1061263340,TWSE,35,6947,src_tw_twse_portal,臺灣證券交易所,上市公司基本資料 t187ap03_L,2026-08-15
59229683,沛爾生技醫藥股份有限公司,臺北市內湖區新湖二路87號4樓,655800500,TWSE,22,6949,src_tw_twse_portal,臺灣證券交易所,上市公司基本資料 t187ap03_L,2026-08-15
16952840,青新環境工程股份有限公司,雲林縣莿桐鄉延平路58-1號,460000000,TWSE,35,6951,src_tw_twse_portal,臺灣證券交易所,上市公司基本資料 t187ap03_L,2026-08-15
28554142,大武山牧場科技股份有限公司,屏東縣新埤鄉萬隆村平山路68-30號,683450000,TWSE,20,6952,src_tw_twse_portal,臺灣證券交易所,上市公司基本資料 t187ap03_L,2026-08-15
42686138,邦睿生技股份有限公司,台中市大里區工業九路118號4樓,248007850,TWSE,22,6955,src_tw_twse_portal,臺灣證券交易所,上市公司基本資料 t187ap03_L,2026-08-15
54965803,裕慶金屬股份有限公司,南投縣南投市永豐里成功三路 122 號,555129500,TWSE,20,6957,src_tw_twse_portal,臺灣證券交易所,上市公司基本資料 t187ap03_L,2026-08-15
20896434,日盛台駿國際租賃股份有限公司,台北市中山區松江路68號7樓,4412893600,TWSE,20,6958,src_tw_twse_portal,臺灣證券交易所,上市公司基本資料 t187ap03_L,2026-08-15
95168979,ITH Corporation,新竹縣竹北市台元二街1號10樓之1,4923965650,TWSE,24,6962,src_tw_twse_portal,臺灣證券交易所,上市公司基本資料 t187ap03_L,2026-08-15
85031237,成信實業股份有限公司,台南市柳營區環園東路一段23號,709197208,TWSE,35,6969,src_tw_twse_portal,臺灣證券交易所,上市公司基本資料 t187ap03_L,2026-08-15
28950255,威力暘電子股份有限公司,新竹縣竹北市台元二街12號11樓之8,476000000,TWSE,12,6988,src_tw_twse_portal,臺灣證券交易所,上市公司基本資料 t187ap03_L,2026-08-15
82921412,富威電力股份有限公司,新北市土城區中央路四段49號,741620710,TWSE,35,6994,src_tw_twse_portal,臺灣證券交易所,上市公司基本資料 t187ap03_L,2026-08-15
50802223,聯友金屬科技股份有限公司,屏東縣枋寮鄉太源村中山路三段103號,583054560,TWSE,35,7610,src_tw_twse_portal,臺灣證券交易所,上市公司基本資料 t187ap03_L,2026-08-15
59075364,聚賢研發股份有限公司,新竹市東區林森路231號9樓,201420000,TWSE,31,7631,src_tw_twse_portal,臺灣證券交易所,上市公司基本資料 t187ap03_L,2026-08-15
21245121,大鵬科技股份有限公司,台北市內湖區新湖二路258號,531642500,TWSE,27,7689,src_tw_twse_portal,臺灣證券交易所,上市公司基本資料 t187ap03_L,2026-08-15
97301707,三商餐飲股份有限公司,台北市中山區建國北路二段145號5樓,660673040,TWSE,16,7705,src_tw_twse_portal,臺灣證券交易所,上市公司基本資料 t187ap03_L,2026-08-15
54161333,永擎電子股份有限公司,台北市北投區中央南路二段37號4樓,717004450,TWSE,25,7711,src_tw_twse_portal,臺灣證券交易所,上市公司基本資料 t187ap03_L,2026-08-15
89798198,微程式資訊股份有限公司,台中市西屯區市政路402號6樓之2,553700000,TWSE,36,7721,src_tw_twse_portal,臺灣證券交易所,上市公司基本資料 t187ap03_L,2026-08-15
24941093,連加網路商業股份有限公司,臺北市南港區經貿二路121號18樓,714000000,TWSE,36,7722,src_tw_twse_portal,臺灣證券交易所,上市公司基本資料 t187ap03_L,2026-08-15
79979184,暉盛科技股份有限公司,臺南市安南區科技五路100號,367967310,TWSE,24,7730,src_tw_twse_portal,臺灣證券交易所,上市公司基本資料 t187ap03_L,2026-08-15
23230525,金興精密工業股份有限公司,桃園市平鎮區工業一路3號,646800000,TWSE,12,7732,src_tw_twse_portal,臺灣證券交易所,上市公司基本資料 t187ap03_L,2026-08-15
34556891,虎山實業股份有限公司,新北市瑞芳區頂坪路瑞芳工業區3號,760000000,TWSE,12,7736,src_tw_twse_portal,臺灣證券交易所,上市公司基本資料 t187ap03_L,2026-08-15
55118186,熙特爾新能源股份有限公司,臺北市松山區南京東路5段89號12樓,532000000,TWSE,35,7740,src_tw_twse_portal,臺灣證券交易所,上市公司基本資料 t187ap03_L,2026-08-15
89660813,新代科技股份有限公司,新竹科學園區新竹市研發二路25號,718430000,TWSE,05,7750,src_tw_twse_portal,臺灣證券交易所,上市公司基本資料 t187ap03_L,2026-08-15
29004693,享溫馨企業股份有限公司,高雄市苓雅區建國一路175之15號,660480000,TWSE,16,7760,src_tw_twse_portal,臺灣證券交易所,上市公司基本資料 t187ap03_L,2026-08-15
55765649,中華資安國際股份有限公司,台北市中正區杭州南路一段26號8樓,406810000,TWSE,36,7765,src_tw_twse_portal,臺灣證券交易所,上市公司基本資料 t187ap03_L,2026-08-15
22231552,頌勝科技材料股份有限公司,臺中市西屯區協和里工業區十四路2號,700650000,TWSE,24,7768,src_tw_twse_portal,臺灣證券交易所,上市公司基本資料 t187ap03_L,2026-08-15
54884366,鴻勁精密股份有限公司,臺中市大雅區中清路三段758巷11號,1799300000,TWSE,24,7769,src_tw_twse_portal,臺灣證券交易所,上市公司基本資料 t187ap03_L,2026-08-15
50784323,大研生醫國際股份有限公司,臺北市大安區羅斯福路三段37號12樓,810024170,TWSE,02,7780,src_tw_twse_portal,臺灣證券交易所,上市公司基本資料 t187ap03_L,2026-08-15
82964333,東方風能科技股份有限公司,臺中市西屯區市政路386號23樓之1,1759539440,TWSE,35,7786,src_tw_twse_portal,臺灣證券交易所,上市公司基本資料 t187ap03_L,2026-08-15
33923363,松川精密股份有限公司,新北市樹林區中華路377號,797459930,TWSE,28,7788,src_tw_twse_portal,臺灣證券交易所,上市公司基本資料 t187ap03_L,2026-08-15
22265497,皇家可口股份有限公司,台北市大同區重慶北路3段338號4樓,800000000,TWSE,02,7791,src_tw_twse_portal,臺灣證券交易所,上市公司基本資料 t187ap03_L,2026-08-15
90078176,長廣精機股份有限公司,高雄市大寮區裕民街30號,788285000,TWSE,28,7795,src_tw_twse_portal,臺灣證券交易所,上市公司基本資料 t187ap03_L,2026-08-15
56914371,禾榮科技股份有限公司,新竹科學園區新竹縣竹北市生醫五路66之2號,1579955000,TWSE,22,7799,src_tw_twse_portal,臺灣證券交易所,上市公司基本資料 t187ap03_L,2026-08-15
83470105,雲象科技股份有限公司,台北市南港區忠孝東路7段508號15樓、15樓之1,944128880,TWSE,22,7803,src_tw_twse_portal,臺灣證券交易所,上市公司基本資料 t187ap03_L,2026-08-15
90765596,溢泰實業股份有限公司,屏東縣屏東市環東街3號,1679460000,TWSE,35,7818,src_tw_twse_portal,臺灣證券交易所,上市公司基本資料 t187ap03_L,2026-08-15
69704320,神達數位股份有限公司,新竹科學園區新竹縣寶山鄉研發二路1號4樓,1219133000,TWSE,12,7821,src_tw_twse_portal,臺灣證券交易所,上市公司基本資料 t187ap03_L,2026-08-15
54807093,倍利科技股份有限公司,新竹科學園區新竹市力行三&#63799;7號5樓,455607630,TWSE,24,7822,src_tw_twse_portal,臺灣證券交易所,上市公司基本資料 t187ap03_L,2026-08-15
54317103,永悅健康股份有限公司,新北市新店區北新路三段213號15樓,465443670,TWSE,36,7835,src_tw_twse_portal,臺灣證券交易所,上市公司基本資料 t187ap03_L,2026-08-15
70364778,和運租車股份有限公司,台北市中山區松江路121號15樓,1925279280,TWSE,20,7855,src_tw_twse_portal,臺灣證券交易所,上市公司基本資料 t187ap03_L,2026-08-15
12362365,台通光電股份有限公司,新北市新莊區福慧路219號9樓,1659218910,TWSE,27,8011,src_tw_twse_portal,臺灣證券交易所,上市公司基本資料 t187ap03_L,2026-08-15
86735240,矽創電子股份有限公司,新竹縣竹北市台元一街5號11樓之1,1201368760,TWSE,24,8016,src_tw_twse_portal,臺灣證券交易所,上市公司基本資料 t187ap03_L,2026-08-15
96912835,尖點科技股份有限公司,新北市樹林區佳園路三段203號,1450424670,TWSE,31,8021,src_tw_twse_portal,臺灣證券交易所,上市公司基本資料 t187ap03_L,2026-08-15
84149884,昇陽國際半導體股份有限公司,新竹科學園區新竹市力行路6號,1794917290,TWSE,24,8028,src_tw_twse_portal,臺灣證券交易所,上市公司基本資料 t187ap03_L,2026-08-15
52541175,雷虎科技股份有限公司,台中巿工業區六路七號,1646297750,TWSE,20,8033,src_tw_twse_portal,臺灣證券交易所,上市公司基本資料 t187ap03_L,2026-08-15
16198345,台虹科技股份有限公司,高雄市前鎮區環區三路一號,2636689940,TWSE,28,8039,src_tw_twse_portal,臺灣證券交易所,上市公司基本資料 t187ap03_L,2026-08-15
86880449,達運光電股份有限公司,新北市新北產業園區五工六路41號,950418150,TWSE,27,8045,src_tw_twse_portal,臺灣證券交易所,上市公司基本資料 t187ap03_L,2026-08-15
16096804,南亞電路板股份有限公司,桃園市蘆竹區南崁路一段338號,6461654870,TWSE,28,8046,src_tw_twse_portal,臺灣證券交易所,上市公司基本資料 t187ap03_L,2026-08-15
23307811,長華電材股份有限公司,高雄市楠梓區東七街16號6樓,725648455,TWSE,29,8070,src_tw_twse_portal,臺灣證券交易所,上市公司基本資料 t187ap03_L,2026-08-15
97092770,陞泰科技股份有限公司,台北市南港區三重路19-11號E棟10樓,800000000,TWSE,29,8072,src_tw_twse_portal,臺灣證券交易所,上市公司基本資料 t187ap03_L,2026-08-15
84149723,致新科技股份有限公司,新竹市科學園區工業東三路2號,861720720,TWSE,24,8081,src_tw_twse_portal,臺灣證券交易所,上市公司基本資料 t187ap03_L,2026-08-15
70747852,華冠通訊股份有限公司,台北市內湖區瑞光路258巷2號7樓,521662160,TWSE,27,8101,src_tw_twse_portal,臺灣證券交易所,上市公司基本資料 t187ap03_L,2026-08-15
23632274,瀚荃股份有限公司,新北市淡水區中正東路一段3巷9號9樓,784366710,TWSE,28,8103,src_tw_twse_portal,臺灣證券交易所,上市公司基本資料 t187ap03_L,2026-08-15
70766576,錸寶科技股份有限公司,新竹縣湖口鄉新竹工業區光復北路12號,1040581920,TWSE,26,8104,src_tw_twse_portal,臺灣證券交易所,上市公司基本資料 t187ap03_L,2026-08-15
16432742,凌巨科技股份有限公司,苗栗縣頭份市蘆竹里4鄰工業路15號,4415448510,TWSE,26,8105,src_tw_twse_portal,臺灣證券交易所,上市公司基本資料 t187ap03_L,2026-08-15
22101116,華東科技股份有限公司,高雄市前鎮區北一路18號,5177398760,TWSE,24,8110,src_tw_twse_portal,臺灣證券交易所,上市公司基本資料 t187ap03_L,2026-08-15
22368959,至上電子股份有限公司,台北市內湖區港墘路189號7樓,5552916980,TWSE,29,8112,src_tw_twse_portal,臺灣證券交易所,上市公司基本資料 t187ap03_L,2026-08-15
12514341,振樺電子股份有限公司,新北市土城區大同街23號,1076409190,TWSE,25,8114,src_tw_twse_portal,臺灣證券交易所,上市公司基本資料 t187ap03_L,2026-08-15
23826736,福懋科技股份有限公司,雲林縣斗六市榴中里河南街329號,4422222230,TWSE,24,8131,src_tw_twse_portal,臺灣證券交易所,上市公司基本資料 t187ap03_L,2026-08-15
16130042,南茂科技股份有限公司,新竹科學園區新竹縣研發一路一號,7045231260,TWSE,24,8150,src_tw_twse_portal,臺灣證券交易所,上市公司基本資料 t187ap03_L,2026-08-15
22579547,微矽電子股份有限公司,新竹縣竹東鎮沿河街395號,687020000,TWSE,24,8162,src_tw_twse_portal,臺灣證券交易所,上市公司基本資料 t187ap03_L,2026-08-15
16081507,達方電子股份有限公司,桃園市龜山區山鶯路167-1號,2800000010,TWSE,25,8163,src_tw_twse_portal,臺灣證券交易所,上市公司基本資料 t187ap03_L,2026-08-15
23163259,無敵科技股份有限公司,台北市北投區北投路二段13號4樓之1,623662750,TWSE,31,8201,src_tw_twse_portal,臺灣證券交易所,上市公司基本資料 t187ap03_L,2026-08-15
05143647,勤誠興業股份有限公司,新北市新莊區中原路558號18樓,1253191460,TWSE,25,8210,src_tw_twse_portal,臺灣證券交易所,上市公司基本資料 t187ap03_L,2026-08-15
70801378,志超科技股份有限公司,桃園市平鎮區工業二路１２號,2712424880,TWSE,28,8213,src_tw_twse_portal,臺灣證券交易所,上市公司基本資料 t187ap03_L,2026-08-15
16549778,明基材料股份有限公司,桃園市龜山區建國東路29號,3206745140,TWSE,26,8215,src_tw_twse_portal,臺灣證券交易所,上市公司基本資料 t187ap03_L,2026-08-15
04431804,寶一科技股份有限公司,台南市新營區新工路13巷1號,685735000,TWSE,05,8222,src_tw_twse_portal,臺灣證券交易所,上市公司基本資料 t187ap03_L,2026-08-15
16596646,菱光科技股份有限公司,台北市內湖區南京東路六段501號9樓,1378245000,TWSE,28,8249,src_tw_twse_portal,臺灣證券交易所,上市公司基本資料 t187ap03_L,2026-08-15
16550923,富鼎先進電子股份有限公司,新竹縣竹北市台元一街5號12樓之1及12樓之2,1188783930,TWSE,24,8261,src_tw_twse_portal,臺灣證券交易所,上市公司基本資料 t187ap03_L,2026-08-15
97444368,宇瞻科技股份有限公司,新北市土城區大安里忠承路32號1樓,1296142660,TWSE,24,8271,src_tw_twse_portal,臺灣證券交易所,上市公司基本資料 t187ap03_L,2026-08-15
89922041,日友環保科技股份有限公司,雲林縣元長鄉元東路1之20號,1300000000,TWSE,35,8341,src_tw_twse_portal,臺灣證券交易所,上市公司基本資料 t187ap03_L,2026-08-15
23250583,建新國際股份有限公司,台中市梧棲區臺灣大道十段一號,921720310,TWSE,15,8367,src_tw_twse_portal,臺灣證券交易所,上市公司基本資料 t187ap03_L,2026-08-15
12486062,羅昇企業股份有限公司,新北市新莊區中原路558號12樓,1122504870,TWSE,05,8374,src_tw_twse_portal,臺灣證券交易所,上市公司基本資料 t187ap03_L,2026-08-15
26829193,百和興業股份有限公司(開曼),"P.O.BOX 32052, Grand Cayman KY1-1208, Cayman Islands.",4199338840,TWSE,20,8404,src_tw_twse_portal,臺灣證券交易所,上市公司基本資料 t187ap03_L,2026-08-15
10913602,福貞控股股份有限公司,"The Grand Pavilion Commercial Centre, Oleander Way, 802 West",2184043190,TWSE,20,8411,src_tw_twse_portal,臺灣證券交易所,上市公司基本資料 t187ap03_L,2026-08-15
16908140,可寧衛股份有限公司,高雄市岡山區中山南路308號1樓,1357391830,TWSE,35,8422,src_tw_twse_portal,臺灣證券交易所,上市公司基本資料 t187ap03_L,2026-08-15
36986397,金麗集團控股有限公司,高雄市三民區博愛一路189號11樓(台灣辦事處),1857471510,TWSE,18,8429,src_tw_twse_portal,臺灣證券交易所,上市公司基本資料 t187ap03_L,2026-08-15
23509611,昶昕實業股份有限公司,33759 桃園市大園區大工路19號,699430000,TWSE,35,8438,src_tw_twse_portal,臺灣證券交易所,上市公司基本資料 t187ap03_L,2026-08-15
50684485,威宏控股股份有限公司,"P. O. Box 31119 Grand Pavilion, Hibiscus Way, 802 West Bay R",701697640,TWSE,20,8442,src_tw_twse_portal,臺灣證券交易所,上市公司基本資料 t187ap03_L,2026-08-15
80511709,阿瘦實業股份有限公司,(104)台北市中山區松江路168號6樓,668000000,TWSE,18,8443,src_tw_twse_portal,臺灣證券交易所,上市公司基本資料 t187ap03_L,2026-08-15
27365925,富邦媒體科技股份有限公司,台北市內湖區洲子街96號4樓,2649752750,TWSE,36,8454,src_tw_twse_portal,臺灣證券交易所,上市公司基本資料 t187ap03_L,2026-08-15
27693238,柏文健康事業股份有限公司,高雄市左營區博愛四路238號8樓,803866160,TWSE,37,8462,src_tw_twse_portal,臺灣證券交易所,上市公司基本資料 t187ap03_L,2026-08-15
86871981,潤泰精密材料股份有限公司,台北市八德路2段308號10F,1500000000,TWSE,20,8463,src_tw_twse_portal,臺灣證券交易所,上市公司基本資料 t187ap03_L,2026-08-15
28696894,億豐綜合工業股份有限公司,臺中市西屯區市政北七路98號26樓之1,2930202000,TWSE,38,8464,src_tw_twse_portal,臺灣證券交易所,上市公司基本資料 t187ap03_L,2026-08-15
50640945,美吉吉國際股份有限公司,"The Grand Pavilion Commercial Centre, Oleander Way, 802 West",794456280,TWSE,20,8466,src_tw_twse_portal,臺灣證券交易所,上市公司基本資料 t187ap03_L,2026-08-15
47442040,波力環球企業股份有限公司,"PO Box 309, Ugland House, Grand Cayman, KY1-1104, Cayman Isl",483735750,TWSE,37,8467,src_tw_twse_portal,臺灣證券交易所,上市公司基本資料 t187ap03_L,2026-08-15
27329077,山林水環境工程股份有限公司,台北市吉林路99號3樓,1823069220,TWSE,35,8473,src_tw_twse_portal,臺灣證券交易所,上市公司基本資料 t187ap03_L,2026-08-15
80369745,台境企業股份有限公司,高雄市苓雅區中正二路175號30樓之1,831131790,TWSE,35,8476,src_tw_twse_portal,臺灣證券交易所,上市公司基本資料 t187ap03_L,2026-08-15
85798816,東哥企業股份有限公司,高雄市前鎮區金福路1號,939722760,TWSE,37,8478,src_tw_twse_portal,臺灣證券交易所,上市公司基本資料 t187ap03_L,2026-08-15
22396792,政伸企業股份有限公司,台中市西屯區工業區十二路六號,666018660,TWSE,20,8481,src_tw_twse_portal,臺灣證券交易所,上市公司基本資料 t187ap03_L,2026-08-15
82172064,商億全球控股有限公司,"P.O.Box 31119 Grand pavilion,Hibiscus Way,802 West Bay Road,",1074440000,TWSE,38,8482,src_tw_twse_portal,臺灣證券交易所,上市公司基本資料 t187ap03_L,2026-08-15
70542247,愛爾達科技股份有限公司,台北市中正區中華路一段41號4樓,265350000,TWSE,36,8487,src_tw_twse_portal,臺灣證券交易所,上市公司基本資料 t187ap03_L,2026-08-15
47848647,吉源控股股份有限公司,"P. O. Box 31119 Grand Pavilion, Hibiscus Way, 802 West Bay R",735000000,TWSE,20,8488,src_tw_twse_portal,臺灣證券交易所,上市公司基本資料 t187ap03_L,2026-08-15
72780928,鼎炫投資控股股份有限公司,新北市五股區五權七路20號1樓,411655570,TWSE,31,8499,src_tw_twse_portal,臺灣證券交易所,上市公司基本資料 t187ap03_L,2026-08-15
86685142,台灣汽電共生股份有限公司,北市內湖區瑞光路392號6樓,8302820000,TWSE,23,8926,src_tw_twse_portal,臺灣證券交易所,上市公司基本資料 t187ap03_L,2026-08-15
84435578,新天地國際實業股份有限公司,台中市東區旱溪東路1段456號,674910320,TWSE,16,8940,src_tw_twse_portal,臺灣證券交易所,上市公司基本資料 t187ap03_L,2026-08-15
35319185,高力熱處理工業股份有限公司,桃園市中壢區吉林北路5-2號,933874290,TWSE,05,8996,src_tw_twse_portal,臺灣證券交易所,上市公司基本資料 t187ap03_L,2026-08-15
26264842,明輝環球企業有限公司,"8 Penjuru Lane,Singapore 609189",526896000,TWSE,91,911608,src_tw_twse_portal,臺灣證券交易所,上市公司基本資料 t187ap03_L,2026-08-15
26064801,聚亨企業集團(泰國)大眾有限公司,"99 Moo1, Tumbon Nikompattana, Amphur Nikompattana, Rayong TH",3714761903,TWSE,91,911622,src_tw_twse_portal,臺灣證券交易所,上市公司基本資料 t187ap03_L,2026-08-15
39737838,鈺齊國際股份有限公司,臺灣雲林縣斗六市雲科路三段76號(訴訟及非訴訟代理人聯絡處),2009916730,TWSE,37,9802,src_tw_twse_portal,臺灣證券交易所,上市公司基本資料 t187ap03_L,2026-08-15
03562308,台火開發股份有限公司,台北市中正區延平南路七十五號二、三樓,980496000,TWSE,20,9902,src_tw_twse_portal,臺灣證券交易所,上市公司基本資料 t187ap03_L,2026-08-15
58711014,寶成工業股份有限公司,台中市西屯區台灣大道四段600號,29467872130,TWSE,37,9904,src_tw_twse_portal,臺灣證券交易所,上市公司基本資料 t187ap03_L,2026-08-15
04403363,大華金屬工業股份有限公司,台北市松江路293之805號,3050000000,TWSE,20,9905,src_tw_twse_portal,臺灣證券交易所,上市公司基本資料 t187ap03_L,2026-08-15
33428716,欣巴巴事業股份有限公司,高雄市前鎮區民權二路6號27樓,903763580,TWSE,14,9906,src_tw_twse_portal,臺灣證券交易所,上市公司基本資料 t187ap03_L,2026-08-15
73252657,統一實業股份有限公司,台南市永康區蔦松里中正北路837號,15791453420,TWSE,20,9907,src_tw_twse_portal,臺灣證券交易所,上市公司基本資料 t187ap03_L,2026-08-15
11072304,大台北區瓦斯股份有限公司,"台北市光復北路11巷35號1,2,4,5,13樓",5163580000,TWSE,23,9908,src_tw_twse_portal,臺灣證券交易所,上市公司基本資料 t187ap03_L,2026-08-15
63400932,豐泰企業股份有限公司,雲林縣斗六市科工八路52號,9874828310,TWSE,37,9910,src_tw_twse_portal,臺灣證券交易所,上市公司基本資料 t187ap03_L,2026-08-15
23113940,台灣櫻花股份有限公司,台中市大雅區雅潭路4段436號,2223895840,TWSE,38,9911,src_tw_twse_portal,臺灣證券交易所,上市公司基本資料 t187ap03_L,2026-08-15
20792640,偉聯科技股份有限公司,台北市南港區園區街3之1號五樓之1,537925690,TWSE,25,9912,src_tw_twse_portal,臺灣證券交易所,上市公司基本資料 t187ap03_L,2026-08-15
59052361,美利達工業股份有限公司,彰化縣大村鄉美港村美港路116號,2989838000,TWSE,37,9914,src_tw_twse_portal,臺灣證券交易所,上市公司基本資料 t187ap03_L,2026-08-15
12148598,中興保全科技股份有限公司,台北市南港區經貿二路135號13樓,4511970930,TWSE,20,9917,src_tw_twse_portal,臺灣證券交易所,上市公司基本資料 t187ap03_L,2026-08-15
33665843,欣欣天然氣股份有限公司,新北市中和區新民街29號8樓,1805374530,TWSE,23,9918,src_tw_twse_portal,臺灣證券交易所,上市公司基本資料 t187ap03_L,2026-08-15
74231126,康那香企業股份有限公司,台南市佳里區民安里同安寮77-1號,1953627500,TWSE,20,9919,src_tw_twse_portal,臺灣證券交易所,上市公司基本資料 t187ap03_L,2026-08-15
56054251,巨大機械工業股份有限公司,台中市西屯區東大路一段997&999號,3920653950,TWSE,37,9921,src_tw_twse_portal,臺灣證券交易所,上市公司基本資料 t187ap03_L,2026-08-15
75706009,台灣福興工業股份有限公司,高雄市岡山區本洲里育才路88號,1507617360,TWSE,38,9924,src_tw_twse_portal,臺灣證券交易所,上市公司基本資料 t187ap03_L,2026-08-15
12261768,台灣新光保全股份有限公司,台北市內湖區行愛路128號,3874896050,TWSE,20,9925,src_tw_twse_portal,臺灣證券交易所,上市公司基本資料 t187ap03_L,2026-08-15
35433242,新海瓦斯股份有限公司,新北市三重區力行路一段52號(通訊地址),1795040750,TWSE,23,9926,src_tw_twse_portal,臺灣證券交易所,上市公司基本資料 t187ap03_L,2026-08-15
79875202,泰銘實業股份有限公司,高雄市大寮區莒光三街六號,1200000000,TWSE,20,9927,src_tw_twse_portal,臺灣證券交易所,上市公司基本資料 t187ap03_L,2026-08-15
18556774,中國電視事業股份有限公司,台北市南港區重陽路118號,707245830,TWSE,20,9928,src_tw_twse_portal,臺灣證券交易所,上市公司基本資料 t187ap03_L,2026-08-15
69439272,秋雨創新股份有限公司,台北市信義區市民大道六段288號9樓,1012800000,TWSE,20,9929,src_tw_twse_portal,臺灣證券交易所,上市公司基本資料 t187ap03_L,2026-08-15
86119908,中聯資源股份有限公司,80661高雄市前鎮區成功二路88號22樓,2485403680,TWSE,35,9930,src_tw_twse_portal,臺灣證券交易所,上市公司基本資料 t187ap03_L,2026-08-15
79882718,欣高石油氣股份有限公司,高雄市苓雅區民權一路12號,1203693030,TWSE,23,9931,src_tw_twse_portal,臺灣證券交易所,上市公司基本資料 t187ap03_L,2026-08-15
20817282,中鼎工程股份有限公司,台北市中山北路六段89號,9444370340,TWSE,20,9933,src_tw_twse_portal,臺灣證券交易所,上市公司基本資料 t187ap03_L,2026-08-15
30899261,成霖企業股份有限公司,台中市潭子區建國路22號,4110169620,TWSE,38,9934,src_tw_twse_portal,臺灣證券交易所,上市公司基本資料 t187ap03_L,2026-08-15
59198197,慶豐富實業股份有限公司,彰化縣福興鄉沿海路四段三七三號,1778389260,TWSE,38,9935,src_tw_twse_portal,臺灣證券交易所,上市公司基本資料 t187ap03_L,2026-08-15
22958907,全國加油站股份有限公司,台北市羅斯福路六段140號4樓,3090430000,TWSE,23,9937,src_tw_twse_portal,臺灣證券交易所,上市公司基本資料 t187ap03_L,2026-08-15
09468343,台灣百和工業股份有限公司,彰化縣和美鎮好修里和港路575號,2979639020,TWSE,20,9938,src_tw_twse_portal,臺灣證券交易所,上市公司基本資料 t187ap03_L,2026-08-15
58176511,宏全國際股份有限公司,台中市西屯區工業區2路6號,2957864750,TWSE,20,9939,src_tw_twse_portal,臺灣證券交易所,上市公司基本資料 t187ap03_L,2026-08-15
22354940,信義房屋股份有限公司,台北市信義區信義路五段一００號,7368465000,TWSE,20,9940,src_tw_twse_portal,臺灣證券交易所,上市公司基本資料 t187ap03_L,2026-08-15
23528130,裕融企業股份有限公司,台北市敦化南路二段二號十五樓,6756363460,TWSE,20,9941,src_tw_twse_portal,臺灣證券交易所,上市公司基本資料 t187ap03_L,2026-08-15
61904541,茂順密封元件科技股份有限公司,南投市工業路336號,831613200,TWSE,20,9942,src_tw_twse_portal,臺灣證券交易所,上市公司基本資料 t187ap03_L,2026-08-15
84256265,好樂迪股份有限公司,台北市信義區忠孝東路5段293號4樓,1251715100,TWSE,16,9943,src_tw_twse_portal,臺灣證券交易所,上市公司基本資料 t187ap03_L,2026-08-15
33375909,新麗企業股份有限公司,桃園市八德區聯華街41號,1059081000,TWSE,20,9944,src_tw_twse_portal,臺灣證券交易所,上市公司基本資料 t187ap03_L,2026-08-15
12139612,潤泰創新國際股份有限公司,台北市八德路二段三０八號十一樓之一,28442250860,TWSE,20,9945,src_tw_twse_portal,臺灣證券交易所,上市公司基本資料 t187ap03_L,2026-08-15
84466749,三發地產股份有限公司,台北市松山區八德路3段30號12樓,3265541500,TWSE,14,9946,src_tw_twse_portal,臺灣證券交易所,上市公司基本資料 t187ap03_L,2026-08-15
97211972,佳龍科技工程股份有限公司,桃園市觀音區大潭里一鄰環科路323號,1044246290,TWSE,35,9955,src_tw_twse_portal,臺灣證券交易所,上市公司基本資料 t187ap03_L,2026-08-15
22649001,世紀鋼鐵結構股份有限公司,桃園市觀音區中山路一段1119號,2468966650,TWSE,10,9958,src_tw_twse_portal,臺灣證券交易所,上市公司基本資料 t187ap03_L,2026-08-15
18795706,茂生農經股份有限公司,"2F.,No.30,Sec. 1,Heping W.Rd.,Zhongzheng Dist.,Taipei City 100028TAIPEI,TAIWAN(R.O.C)",442323730,TPEX,33,1240,src_tw_tpex_portal,證券櫃檯買賣中心,上櫃公司基本資料 mopsfin_t187ap03_O,2026-08-16
23928945,安心食品服務股份有限公司,"16 F.-3, No. 66, Jingmao 2nd Rd., Nangang Dist., Taipei CityTaipei City 115605, Taiwan (R.O.C.)",323895000,TPEX,16,1259,src_tw_tpex_portal,證券櫃檯買賣中心,上櫃公司基本資料 mopsfin_t187ap03_O,2026-08-16
23420497,德麥食品股份有限公司,"No.31,Wuquan 5th Rd.,Wugu Dist.,New Taipei City,Taiwan,R.O.C.",370523670,TPEX,02,1264,src_tw_tpex_portal,證券櫃檯買賣中心,上櫃公司基本資料 mopsfin_t187ap03_O,2026-08-16
80352343,漢來美食股份有限公司,"21F-1, No.266, Cheng-Kung 1st Road,80146 Kaohsiung City,Taiwan, R.O.C.",422237300,TPEX,16,1268,src_tw_tpex_portal,證券櫃檯買賣中心,上櫃公司基本資料 mopsfin_t187ap03_O,2026-08-16
28814153,漢田生技股份有限公司,"No. 101, Gongye Rd., Xihu Township,Changhua County, Taiwan (R.O.C)",366258750,TPEX,02,1294,src_tw_tpex_portal,證券櫃檯買賣中心,上櫃公司基本資料 mopsfin_t187ap03_O,2026-08-16
70402724,生合生物科技股份有限公司,"NO.82,Beiling 6th Rd.,Luzhu Dist.,Kaohsiung City821,Taiwan",344748000,TPEX,02,1295,src_tw_tpex_portal,證券櫃檯買賣中心,上櫃公司基本資料 mopsfin_t187ap03_O,2026-08-16
22589593,台翰精密科技股份有限公司,"1F., No. 568, Sec. 1, Minsheng N. Rd., Guishan Dist.Taoyuan City 333 , Taiwan (R.O.C.)",776144190,TPEX,28,1336,src_tw_tpex_portal,證券櫃檯買賣中心,上櫃公司基本資料 mopsfin_t187ap03_O,2026-08-16
22195654,精華光學股份有限公司,"4, 5F, No. 276-2, Sec. 1, Ta Tung Rd,,Hsi Chih Dist., New Taipei City, Taiwan",504165160,TPEX,22,1565,src_tw_tpex_portal,證券櫃檯買賣中心,上櫃公司基本資料 mopsfin_t187ap03_O,2026-08-16
76404919,濱川企業股份有限公司,2 Shing Yeh Road Ta-fa Industrial ZoneKoahsiung  Taiwan R.O.C,1442474410,TPEX,25,1569,src_tw_tpex_portal,證券櫃檯買賣中心,上櫃公司基本資料 mopsfin_t187ap03_O,2026-08-16
36253534,力肯實業股份有限公司,"NO.81, MUSEUM ROADBa-Li District, New Taipei City, Taiwan",515008390,TPEX,05,1570,src_tw_tpex_portal,證券櫃檯買賣中心,上櫃公司基本資料 mopsfin_t187ap03_O,2026-08-16
12461082,新麥企業股份有限公司,"No.23, Wuquan 6th Rd., Wugu Dist.New Taipei City , Taiwan (R.O.C.)",493392420,TPEX,05,1580,src_tw_tpex_portal,證券櫃檯買賣中心,上櫃公司基本資料 mopsfin_t187ap03_O,2026-08-16
80334042,精剛精密科技股份有限公司,"No.15,Gong 1st Road,Da Nong Village, Liouying Township, Tain",2324705330,TPEX,20,1584,src_tw_tpex_portal,證券櫃檯買賣中心,上櫃公司基本資料 mopsfin_t187ap03_O,2026-08-16
86985605,和勤精機股份有限公司,"No. 40, Xinggong Rd., Shengang Township,Changhua County 509, Taiwan (R.O.C.)",1068494670,TPEX,05,1586,src_tw_tpex_portal,證券櫃檯買賣中心,上櫃公司基本資料 mopsfin_t187ap03_O,2026-08-16
53650116,英屬開曼群島商駿吉控股(股)公司,"7F., No. 3, Sec. 5, Nanjing E. Rd., Songshan Dist.Taipei City 105409 , Taiwan (R.O.C.)",380480470,TPEX,05,1591,src_tw_tpex_portal,證券櫃檯買賣中心,上櫃公司基本資料 mopsfin_t187ap03_O,2026-08-16
97432341,祺驊股份有限公司,"No. 231 , Dexing  Rd.HuKou Township , Hsinchu County,Taiwan",397847720,TPEX,37,1593,src_tw_tpex_portal,證券櫃檯買賣中心,上櫃公司基本資料 mopsfin_t187ap03_O,2026-08-16
16860440,川寶科技股份有限公司,"No.33, Ln. 277, Sec. 3, Changxing Rd., Luzhu Dist.,Taoyuan City 338, Taiwan",541994800,TPEX,24,1595,src_tw_tpex_portal,證券櫃檯買賣中心,上櫃公司基本資料 mopsfin_t187ap03_O,2026-08-16
80621419,宏佳騰動力科技股份有限公司,"No.41,Nanzhou,Shanshang Dist.,Tainan City 74342,Taiwan(R.O.C.)",730287640,TPEX,05,1599,src_tw_tpex_portal,證券櫃檯買賣中心,上櫃公司基本資料 mopsfin_t187ap03_O,2026-08-16
22625269,台灣蠟品股份有限公司,"3rd Floor, No. 610, Section 2, Zhongshan South Road, Dayuan DistrictTaoyuan City, Taiwan, R.O.C.",926713000,TPEX,21,1742,src_tw_tpex_portal,證券櫃檯買賣中心,上櫃公司基本資料 mopsfin_t187ap03_O,2026-08-16
72197621,生泰合成工業股份有限公司,"No.168 Kai Yuan Rd., Hsin Ying DistrictTainan City 73055, Taiwan, R.O.C",445917130,TPEX,22,1777,src_tw_tpex_portal,證券櫃檯買賣中心,上櫃公司基本資料 mopsfin_t187ap03_O,2026-08-16
12971536,立弘生化科技股份有限公司,"13TH FL.,NO71 SEC.2 TUN-HWA SOUTH ROAD.TAIPEI.10682 TAIWAN, R.O.C",1090751730,TPEX,02,1780,src_tw_tpex_portal,證券櫃檯買賣中心,上櫃公司基本資料 mopsfin_t187ap03_O,2026-08-16
97304042,合世生醫科技股份有限公司,"9F.NO.186 Jian Yi  Road Chung Ho CityTaipei,Taiwan",474076050,TPEX,22,1781,src_tw_tpex_portal,證券櫃檯買賣中心,上櫃公司基本資料 mopsfin_t187ap03_O,2026-08-16
70836411,訊聯生物科技股份有限公司,"1F,No.28, Ln. 36 , Xinhu 1st  Rd.Neihu Dist.,Taipei  City 11497, , Taiwan",531211910,TPEX,22,1784,src_tw_tpex_portal,證券櫃檯買賣中心,上櫃公司基本資料 mopsfin_t187ap03_O,2026-08-16
43787872,光洋應用材料科技股份有限公司,"No.1, Gongye 3rd Rd., Annan Dist,Tainan City 70955, Taiwan (R.O.C.)",5959802430,TPEX,31,1785,src_tw_tpex_portal,證券櫃檯買賣中心,上櫃公司基本資料 mopsfin_t187ap03_O,2026-08-16
23161816,杏昌生技股份有限公司,"8F.2,NO.2,Ln.609,Sec.5,Chongxin Rd.,Sanchong Dist.,New Taipei City 24159,TaiwaR.O.C.",445209710,TPEX,22,1788,src_tw_tpex_portal,證券櫃檯買賣中心,上櫃公司基本資料 mopsfin_t187ap03_O,2026-08-16
16962158,金穎生物科技股份有限公司,"No.33,Shin-Kung RdShinying City,Tainan County,Taiwan",414597930,TPEX,02,1796,src_tw_tpex_portal,證券櫃檯買賣中心,上櫃公司基本資料 mopsfin_t187ap03_O,2026-08-16
16570131,易威生醫科技股份有限公司,"1F., No.10, Yanfa 2nd Road, Hsinchu Science ParkHsinChu 30076, TAIWAN(R.O.C)",1246895270,TPEX,22,1799,src_tw_tpex_portal,證券櫃檯買賣中心,上櫃公司基本資料 mopsfin_t187ap03_O,2026-08-16
84449952,寶利徠光學科技股份有限公司,"No. 406, Changfa Rd., Dayuan Dist.Taoyuan City 33759, Taiwan R.O.C.",466355100,TPEX,22,1813,src_tw_tpex_portal,證券櫃檯買賣中心,上櫃公司基本資料 mopsfin_t187ap03_O,2026-08-16
16834268,富喬工業股份有限公司,"NO8.Dou Kong 16 RoadDou Leu City,Taiwan.",5854794870,TPEX,28,1815,src_tw_tpex_portal,證券櫃檯買賣中心,上櫃公司基本資料 mopsfin_t187ap03_O,2026-08-16
75460005,唐榮鐵工廠股份有限公司,"No.4,  Yen Hai 2nd Rd., Hsiao Kang .,Kaohsiung City,Taiwan ROC",3500000000,TPEX,10,2035,src_tw_tpex_portal,證券櫃檯買賣中心,上櫃公司基本資料 mopsfin_t187ap03_O,2026-08-16
89260422,風青實業股份有限公司,"30F.-4, No. 38, Xinguang Rd., Lingya Dist.,Kaohsiung City 802, Taiwan (R.O.C.)",573780520,TPEX,06,2061,src_tw_tpex_portal,證券櫃檯買賣中心,上櫃公司基本資料 mopsfin_t187ap03_O,2026-08-16
86637206,世鎧精密股份有限公司,"NO.1, Ben Gong 1st Rd., Ben Chou Industrial Park, Kangshan TownKaohsiung82059, Taiwan",481014530,TPEX,10,2063,src_tw_tpex_portal,證券櫃檯買賣中心,上櫃公司基本資料 mopsfin_t187ap03_O,2026-08-16
30826319,晉椿工業股份有限公司,"No.24, Lugong Rd., Chang Bin Industrial ParkLugang Town, Chang Hua County , Taiwan",693300000,TPEX,10,2064,src_tw_tpex_portal,證券櫃檯買賣中心,上櫃公司基本資料 mopsfin_t187ap03_O,2026-08-16
31213886,世豐螺絲股份有限公司,"No.810, Fuxing W. Rd.Kaohsiung City 82547, Taiwan (R.O.C.)",635167070,TPEX,10,2065,src_tw_tpex_portal,證券櫃檯買賣中心,上櫃公司基本資料 mopsfin_t187ap03_O,2026-08-16
22546808,世德工業股份有限公司,"No.20,HuaxiRd.,Ta-Fa Industrial Dist.Kaohsiung County 831 Taiwan,R.O.C.",444495270,TPEX,05,2066,src_tw_tpex_portal,證券櫃檯買賣中心,上櫃公司基本資料 mopsfin_t187ap03_O,2026-08-16
66402912,嘉鋼精密工業股份有限公司,"21 Chenggong 2nd St. Minxiong Township,Chia Yi County, Taiwan",451381770,TPEX,05,2067,src_tw_tpex_portal,證券櫃檯買賣中心,上櫃公司基本資料 mopsfin_t187ap03_O,2026-08-16
89855649,精湛光學科技股份有限公司,"No. 58,Lane 110,Zhongxiao St.,Hu-Nei Dist., Kaohsiung City 82945,TaiwanKaohsiung 82945, Taiwan",417828000,TPEX,05,2070,src_tw_tpex_portal,證券櫃檯買賣中心,上櫃公司基本資料 mopsfin_t187ap03_O,2026-08-16
24512261,雄順金屬股份有限公司,"No. 393, Shun'an Rd., Luzhu Dist.,Kaohsiung City 821010, Taiwan",275000000,TPEX,10,2073,src_tw_tpex_portal,證券櫃檯買賣中心,上櫃公司基本資料 mopsfin_t187ap03_O,2026-08-16
56615319,大甲永和機械工業股份有限公司,"No.69 ,Yu-Shih Rd., Dajia Dist.Taichung City  437, Taiwan",423250000,TPEX,20,2221,src_tw_tpex_portal,證券櫃檯買賣中心,上櫃公司基本資料 mopsfin_t187ap03_O,2026-08-16
86070187,泰茂實業股份有限公司,"10 Shih Chien Street Kuan Tien Industrial ParkTainan City 720, Taiwan (R.O.C.)",680296050,TPEX,38,2230,src_tw_tpex_portal,證券櫃檯買賣中心,上櫃公司基本資料 mopsfin_t187ap03_O,2026-08-16
22479934,謚源實業股份有限公司,"No.24,Dinghu Rd.,Guishan TownshipTaoyuan County,Taiwan(R.O.C.)",358780000,TPEX,05,2235,src_tw_tpex_portal,證券櫃檯買賣中心,上櫃公司基本資料 mopsfin_t187ap03_O,2026-08-16
12860948,綠意開發股份有限公司,"2F,NO.69,CIVIL BOULEVARD, Sec.5Taipei, Taiwan, R.O.C.",1000000000,TPEX,14,2596,src_tw_tpex_portal,證券櫃檯買賣中心,上櫃公司基本資料 mopsfin_t187ap03_O,2026-08-16
27767961,台灣大車隊股份有限公司,"2F., No.162, Sec. 2, Chang’an E. Rd., Zhongshan Dist.,Taipei City 104, Taiwan (R.O.C.)",592649560,TPEX,36,2640,src_tw_tpex_portal,證券櫃檯買賣中心,上櫃公司基本資料 mopsfin_t187ap03_O,2026-08-16
16467798,正德海運股份有限公司,"3F, No.31, Haibian Rd., Lingya Dist.,Kaohsiung City 802, Taiwan (R.O.C.)",3303337440,TPEX,15,2641,src_tw_tpex_portal,證券櫃檯買賣中心,上櫃公司基本資料 mopsfin_t187ap03_O,2026-08-16
12479610,捷迅股份有限公司,"4F, NO. 34, Rui Guang Rd.,Taipei, 11491 Taiwan, R. O. C.",350000000,TPEX,15,2643,src_tw_tpex_portal,證券櫃檯買賣中心,上櫃公司基本資料 mopsfin_t187ap03_O,2026-08-16
12198180,全心投資控股股份有限公司,"7F., No. 30, Sec. 3, Bade Rd., Songshan Dist.Taipei City , Taiwan",875760000,TPEX,14,2718,src_tw_tpex_portal,證券櫃檯買賣中心,上櫃公司基本資料 mopsfin_t187ap03_O,2026-08-16
80355209,台鋼燦星國際旅行社股份有限公司,"7F., No. 161、163, Sec. 2, Minsheng E. Rd., Zhongshan Dist.Taipei City, Taiwan",691825000,TPEX,16,2719,src_tw_tpex_portal,證券櫃檯買賣中心,上櫃公司基本資料 mopsfin_t187ap03_O,2026-08-16
28982799,藝舍國際創新股份有限公司,"13F.-6, No. 111, Huajiang 1st Rd., Banqiao Dist.,New Taipei City  220, Taiwan (R.O.C.)",596563450,TPEX,20,2724,src_tw_tpex_portal,證券櫃檯買賣中心,上櫃公司基本資料 mopsfin_t187ap03_O,2026-08-16
38634004,雅茗天地股份有限公司,"Oleander Way, 802 West Bay Road, P.O. Box 32052, Grand Cayman KY1-1208, CaymanCayman Island",379224540,TPEX,16,2726,src_tw_tpex_portal,證券櫃檯買賣中心,上櫃公司基本資料 mopsfin_t187ap03_O,2026-08-16
70843031,瓦城泰統股份有限公司,"7F.-1, No.176, Jian 1st Rd., Zhonghe Dist.,New Taipei City 235, Taiwan (R.O.C.)",430407830,TPEX,16,2729,src_tw_tpex_portal,證券櫃檯買賣中心,上櫃公司基本資料 mopsfin_t187ap03_O,2026-08-16
80671769,六角國際事業股份有限公司,"No.98, Gaotie 9th Rd.,Zhubei City, Hsinchu County 302, Taiwan",465185700,TPEX,16,2732,src_tw_tpex_portal,證券櫃檯買賣中心,上櫃公司基本資料 mopsfin_t187ap03_O,2026-08-16
70464468,易飛網國際旅行社股份有限公司,"2F-1, No.51, Hengyang Rd.,Taipei, Taiwan",572597600,TPEX,16,2734,src_tw_tpex_portal,證券櫃檯買賣中心,上櫃公司基本資料 mopsfin_t187ap03_O,2026-08-16
29129201,富野大飯店股份有限公司,"6 F., No. 38, Fuxing Rd., Taitung CityTaitung County , Taiwan (R.O.C.)",799722300,TPEX,16,2736,src_tw_tpex_portal,證券櫃檯買賣中心,上櫃公司基本資料 mopsfin_t187ap03_O,2026-08-16
28581041,華軒地產股份有限公司,"No. 159, Gongyuan Rd., Linkou Dist.,New Taipei City 244, Taiwan (R.O.C.)",167620160,TPEX,16,2740,src_tw_tpex_portal,證券櫃檯買賣中心,上櫃公司基本資料 mopsfin_t187ap03_O,2026-08-16
22888987,山富國際旅行社股份有限公司,"4F., No.85, Sec. 2, Nanjing E. Rd., Zhongshan Dist.,Taipei City 104, Taiwan (R.O.C.)",468152100,TPEX,16,2743,src_tw_tpex_portal,證券櫃檯買賣中心,上櫃公司基本資料 mopsfin_t187ap03_O,2026-08-16
22835878,五福旅行社股份有限公司,"2,3F,No.28 Bo'ai 1st Rd., Sanmin Dist., Kaohsiung City 80757,TaiwanKaohsiung City ,Taiwan",338085260,TPEX,16,2745,src_tw_tpex_portal,證券櫃檯買賣中心,上櫃公司基本資料 mopsfin_t187ap03_O,2026-08-16
42756204,王座國際餐飲股份有限公司,"4F.-2, No. 51, Sec. 2, Keelung Rd., Xinyi Dist.,Taipei City 10052, Taiwan",197650000,TPEX,16,2751,src_tw_tpex_portal,證券櫃檯買賣中心,上櫃公司基本資料 mopsfin_t187ap03_O,2026-08-16
28841757,豆府股份有限公司,"4F., No.42, Sec. 2, Minquan E. Rd., Zhongshan Dist.,Taipei City 104, Taiwan (R.O.C.)",266938610,TPEX,16,2752,src_tw_tpex_portal,證券櫃檯買賣中心,上櫃公司基本資料 mopsfin_t187ap03_O,2026-08-16
54669129,亞洲藏壽司股份有限公司,"6F.&6F-1, No. 32, Sec. 3, Zhongshan N. Rd.Taipei City 104, Taiwan (R.O.C.)",468670000,TPEX,16,2754,src_tw_tpex_portal,證券櫃檯買賣中心,上櫃公司基本資料 mopsfin_t187ap03_O,2026-08-16
42591908,揚秦國際企業股份有限公司,"NO. 16, Hejiang RdZhongli Dist., Taoyuan City 320, Taiwan",466264040,TPEX,16,2755,src_tw_tpex_portal,證券櫃檯買賣中心,上櫃公司基本資料 mopsfin_t187ap03_O,2026-08-16
80676602,聯發國際餐飲事業股份有限公司,"18F-7, No. 95, Sec. 1, Xintai 5th Rd.Xizhi Dist., New Taipei City, Taiwan",245975840,TPEX,16,2756,src_tw_tpex_portal,證券櫃檯買賣中心,上櫃公司基本資料 mopsfin_t187ap03_O,2026-08-16
12498877,滿心企業股份有限公司,"NO.18, WU-CHUAN 6 RD., WU-GU DIST,NEW TAIPEI CITY, TAIWAN, R.O.C.",646268780,TPEX,38,2916,src_tw_tpex_portal,證券櫃檯買賣中心,上櫃公司基本資料 mopsfin_t187ap03_O,2026-08-16
26335810,開曼群島宏太股份有限公司,"10F., No. 46, Sec. 2, Zhongshan N. Rd., Zhongshan Dist., Taipei City104,TaiwanTaipei",520359340,TPEX,38,2924,src_tw_tpex_portal,證券櫃檯買賣中心,上櫃公司基本資料 mopsfin_t187ap03_O,2026-08-16
27952966,誠品生活股份有限公司,"B1,No. 204 , Songde RdTaipei 110027, Taiwan",473896500,TPEX,32,2926,src_tw_tpex_portal,證券櫃檯買賣中心,上櫃公司基本資料 mopsfin_t187ap03_O,2026-08-16
89266170,集雅社股份有限公司,"1F., No.265, Zhong zheng  1st Rd., Lingya Dist.,Kaohsiung City 80283, Taiwan",435419750,TPEX,38,2937,src_tw_tpex_portal,證券櫃檯買賣中心,上櫃公司基本資料 mopsfin_t187ap03_O,2026-08-16
53167020,米斯特國際企業股份有限公司,"Rm. 1, 22F., No.236, Shizheng N. 2nd Rd., Xitun Dist.Taichung City 407, Taiwan (R.O.C.)",153900000,TPEX,38,2941,src_tw_tpex_portal,證券櫃檯買賣中心,上櫃公司基本資料 mopsfin_t187ap03_O,2026-08-16
29092696,振宇五金股份有限公司,"No. 27, Sec. 2, Huanzhong Rd., Xitun Dist.,Taichung City 407, Taiwan (R.O.C.)",236423660,TPEX,38,2947,src_tw_tpex_portal,證券櫃檯買賣中心,上櫃公司基本資料 mopsfin_t187ap03_O,2026-08-16
52330474,寶陞國際股份有限公司,"16F,No.508, Sec.5,Zhongxiao E.Rd.,Xinyi Dist.,Taipei City 11083, Taiwan (R.O.C)",310000000,TPEX,38,2948,src_tw_tpex_portal,證券櫃檯買賣中心,上櫃公司基本資料 mopsfin_t187ap03_O,2026-08-16
54357012,欣新網股份有限公司,"6F., No. 45, Dongxing Rd., Xinyi Dist.,Taipei City 110403, Taiwan (R.O.C.)",306411000,TPEX,36,2949,src_tw_tpex_portal,證券櫃檯買賣中心,上櫃公司基本資料 mopsfin_t187ap03_O,2026-08-16
70613972,泰偉電子股份有限公司,"22 F.-6, No. 282, Shizheng N. 2nd Rd., Xitun Dist.,Taichung City, Taiwan (R.O.C.)",130114510,TPEX,32,3064,src_tw_tpex_portal,證券櫃檯買賣中心,上櫃公司基本資料 mopsfin_t187ap03_O,2026-08-16
04541794,李洲科技股份有限公司,"27F, No.97, Sec.1, Xintai 5th Rd., Xizhi Dist., New Taipei City 22175, TaiwanNew Taipei City, TAIWAN, R. O. C.",830706120,TPEX,26,3066,src_tw_tpex_portal,證券櫃檯買賣中心,上櫃公司基本資料 mopsfin_t187ap03_O,2026-08-16
04934334,全域股份有限公司,"3 F., No. 96, Xingde Rd., Sanchong Dist.,New Taipei City, Taiwan",200000000,TPEX,38,3067,src_tw_tpex_portal,證券櫃檯買賣中心,上櫃公司基本資料 mopsfin_t187ap03_O,2026-08-16
90724033,協禧電機股份有限公司,"NO. 6 EAST SECTION INDUSTRY 6 RD.  PINGTUNG CITY, TAIWAN. R. O. C",1100000000,TPEX,25,3071,src_tw_tpex_portal,證券櫃檯買賣中心,上櫃公司基本資料 mopsfin_t187ap03_O,2026-08-16
86298705,天方能源科技股份有限公司,"3F., No. 99, Jilin Rd.,Zhongshan Dist., Taipei City 104, Taiwan",395110280,TPEX,35,3073,src_tw_tpex_portal,證券櫃檯買賣中心,上櫃公司基本資料 mopsfin_t187ap03_O,2026-08-16
84573516,僑威科技股份有限公司,"13F., No.208, Xingfu Rd., Taoyuan Dist.,Taoyuan City 330, Taiwan (R.O.C.)",2273910640,TPEX,28,3078,src_tw_tpex_portal,證券櫃檯買賣中心,上櫃公司基本資料 mopsfin_t187ap03_O,2026-08-16
16022634,聯亞光電工業股份有限公司,"No.12,Nanke 9th Rd,Shanhua Dist.Tainan City, Taiwan R.O.C",1017690040,TPEX,27,3081,src_tw_tpex_portal,證券櫃檯買賣中心,上櫃公司基本資料 mopsfin_t187ap03_O,2026-08-16
70541704,中華網龍股份有限公司,"4F,2,Lane 47,Sec.3,Nangang Rd.Taipei,Taiwan,R.O.C.",864868580,TPEX,32,3083,src_tw_tpex_portal,證券櫃檯買賣中心,上櫃公司基本資料 mopsfin_t187ap03_O,2026-08-16
89836340,台鋼新零售股份有限公司,"6F, No. 15, Ln. 128, Xinhu 1st Rd.,Taipei City, Taiwan R.O.C",690192880,TPEX,36,3085,src_tw_tpex_portal,證券櫃檯買賣中心,上櫃公司基本資料 mopsfin_t187ap03_O,2026-08-16
84453385,華義國際數位娛樂股份有限公司,"6F., No. 39, Ln. 141, Xing'ai Rd., Neihu Dist., Taipei City , TaiwanTaipei, Taiwan",272710510,TPEX,32,3086,src_tw_tpex_portal,證券櫃檯買賣中心,上櫃公司基本資料 mopsfin_t187ap03_O,2026-08-16
23718011,艾訊股份有限公司,"8F., No.55, Nanxing Road, Xizhi DistrictNew Taipei City 221026, Taiwan",1086490170,TPEX,25,3088,src_tw_tpex_portal,證券櫃檯買賣中心,上櫃公司基本資料 mopsfin_t187ap03_O,2026-08-16
04655310,台灣港建股份有限公司,"5F-4 NO.66,SEC2.Nan Kan Road.Lu-Chu,Taoyuan,Taiwan,R.O.C",362888940,TPEX,31,3093,src_tw_tpex_portal,證券櫃檯買賣中心,上櫃公司基本資料 mopsfin_t187ap03_O,2026-08-16
33724081,及成企業股份有限公司,"NO.111 Chien-Er RdNew Taipei City ,Taiwan ROC",161800000,TPEX,27,3095,src_tw_tpex_portal,證券櫃檯買賣中心,上櫃公司基本資料 mopsfin_t187ap03_O,2026-08-16
70752257,穩懋半導體股份有限公司,"No.69, Keji 7th Rd., Hwaya Technology ParkGuishan Dist., Taoyuan City, Taiwan",4239403840,TPEX,24,3105,src_tw_tpex_portal,證券櫃檯買賣中心,上櫃公司基本資料 mopsfin_t187ap03_O,2026-08-16
20799897,好德科技股份有限公司,"6th Floor, No. 25, Tun Hwa S. Rd., Sec. 1  Taipei City, Taiwan, R.O.C.",651297920,TPEX,28,3114,src_tw_tpex_portal,證券櫃檯買賣中心,上櫃公司基本資料 mopsfin_t187ap03_O,2026-08-16
86825235,富育榮綱股份有限公司,"7F.No.172, Sec.4, Chengde Rd., Shilin Dist.Taipei City 111, Taiwan",721976150,TPEX,28,3115,src_tw_tpex_portal,證券櫃檯買賣中心,上櫃公司基本資料 mopsfin_t187ap03_O,2026-08-16
23348952,進階生物科技股份有限公司,"No. 80, Lane 169, Kang-Ning, St.,Hsi-Chih Dist., New Taipei  City,TAIWAN, R.O.C.",324528600,TPEX,22,3118,src_tw_tpex_portal,證券櫃檯買賣中心,上櫃公司基本資料 mopsfin_t187ap03_O,2026-08-16
16945166,笙泉科技股份有限公司,"7F-1, No. 8, Taiyuan 1st St., Jhubei City, Hsinchu County 30288,Hsin-Chu County, Taiwan",407648260,TPEX,24,3122,src_tw_tpex_portal,證券櫃檯買賣中心,上櫃公司基本資料 mopsfin_t187ap03_O,2026-08-16
22601576,昇銳智慧科技股份有限公司,NO. 673 CHANG SHING ROAD  PA TE CITY TAOYUAN TAIWAN R.O.C.,473174890,TPEX,26,3128,src_tw_tpex_portal,證券櫃檯買賣中心,上櫃公司基本資料 mopsfin_t187ap03_O,2026-08-16
84355899,弘塑科技股份有限公司,"No.89, Sec. 6, Zhonghua Rd., Xiangshan Dist.,Hsinchu City 30095, Taiwan (R.O.C.)",292589270,TPEX,24,3131,src_tw_tpex_portal,證券櫃檯買賣中心,上櫃公司基本資料 mopsfin_t187ap03_O,2026-08-16
70392248,晶宏半導體股份有限公司,"12F.,No.308, Sec.1,Neihu Rd., Neihu Dist.,Taipei City 114, Taiwan ( R.O.C.)",754607280,TPEX,24,3141,src_tw_tpex_portal,證券櫃檯買賣中心,上櫃公司基本資料 mopsfin_t187ap03_O,2026-08-16
86059612,大綜電腦系統股份有限公司,"20 F.-1, No. 502, Jiuru 1st Rd., Sanmin Dist., Kaohsiung City 807404KAOHSIUNG,TAIWAN",436868310,TPEX,30,3147,src_tw_tpex_portal,證券櫃檯買賣中心,上櫃公司基本資料 mopsfin_t187ap03_O,2026-08-16
16443570,璟德電子工業股份有限公司,"165 Hanyang Road, Hsinchu Industrial DistrictHsinchu Hsien, Taiwan, 30352",390162000,TPEX,27,3152,src_tw_tpex_portal,證券櫃檯買賣中心,上櫃公司基本資料 mopsfin_t187ap03_O,2026-08-16
16795856,嘉實資訊股份有限公司,,304784250,TPEX,30,3158,src_tw_tpex_portal,證券櫃檯買賣中心,上櫃公司基本資料 mopsfin_t187ap03_O,2026-08-16
86406401,精確實業股份有限公司,"NO.938,Zhongxing Rd., She-Tzu Village Xinwu Dist.,Taoyuan City32746,Taiwan  TAO-YUAN HSIEN.TAIWAN R.O.C",1543411120,TPEX,05,3162,src_tw_tpex_portal,證券櫃檯買賣中心,上櫃公司基本資料 mopsfin_t187ap03_O,2026-08-16
16586555,波若威科技股份有限公司,"3F, No.30, Industry East. Road IX, Hsinchu Science Park  Hsin Chu 30075, Taiwan, ROC",946353700,TPEX,27,3163,src_tw_tpex_portal,證券櫃檯買賣中心,上櫃公司基本資料 mopsfin_t187ap03_O,2026-08-16
84149435,亞信電子股份有限公司,"4F, NO 8, Hsin Ann Rd., Hsinchu Science Park,Hsinchu, Taiwan, R.O.C.",633069810,TPEX,24,3169,src_tw_tpex_portal,證券櫃檯買賣中心,上櫃公司基本資料 mopsfin_t187ap03_O,2026-08-16
23945965,炎洲流通股份有限公司,"5F., No.397, Xingshan Rd., Neihu Dist.,Taipei,Taiwan,R.O.C",331181580,TPEX,38,3171,src_tw_tpex_portal,證券櫃檯買賣中心,上櫃公司基本資料 mopsfin_t187ap03_O,2026-08-16
70760897,基亞生物科技股份有限公司,"14F.,Bldg.F,NO.3,Yuancyu ST.,Nangang District,Taipei City 115,TaiwanTaipei, Taiwan 115.",1393067550,TPEX,22,3176,src_tw_tpex_portal,證券櫃檯買賣中心,上櫃公司基本資料 mopsfin_t187ap03_O,2026-08-16
75940820,公準精密工業股份有限公司,"168, PA-TE  2ND  ROAD,  REN  WUU,  KAOHSIUNG,  TAIWAN,  R.O.C",450500000,TPEX,24,3178,src_tw_tpex_portal,證券櫃檯買賣中心,上櫃公司基本資料 mopsfin_t187ap03_O,2026-08-16
12667444,鑫龍騰開發股份有限公司,"No.33, Mingcheng 4th Rd., Gushan Dist.Kaohsiung City 80457, Taiwan (R.O.C.)",1886124150,TPEX,14,3188,src_tw_tpex_portal,證券櫃檯買賣中心,上櫃公司基本資料 mopsfin_t187ap03_O,2026-08-16
86105242,雲嘉南科技股份有限公司,"6F.-8, No.7, Sec. 1, Zhonghua Rd., Zhongzheng Dist.,Taipei City 10043, Taiwan (R.O.C.)",435973810,TPEX,28,3191,src_tw_tpex_portal,證券櫃檯買賣中心,上櫃公司基本資料 mopsfin_t187ap03_O,2026-08-16
16313696,佰研生化科技股份有限公司,"10 F.-2, No. 77, Sec. 2, Zhonghua E. Rd.,East Dist., Tainan City 701009, Taiwan",675456310,TPEX,22,3205,src_tw_tpex_portal,證券櫃檯買賣中心,上櫃公司基本資料 mopsfin_t187ap03_O,2026-08-16
31109687,志豐電子股份有限公司,"10F., No.69-11, Sec. 2, Zhongzheng E. Rd., Danshui Dist.,New Taipei City 251, Taiwan (R.O.C.)",589166210,TPEX,28,3206,src_tw_tpex_portal,證券櫃檯買賣中心,上櫃公司基本資料 mopsfin_t187ap03_O,2026-08-16
86534980,耀勝電子股份有限公司,"No. 309-28, Daying RdDaxi Dist., Taoyuan City, Taiwan (R.O.C)",664221240,TPEX,28,3207,src_tw_tpex_portal,證券櫃檯買賣中心,上櫃公司基本資料 mopsfin_t187ap03_O,2026-08-16
16596982,順達科技股份有限公司,"13F., No. 188, Wenhe Rd., Guishan Dist.Taoyuan City 333,Taiwan, R.O.C",1543050210,TPEX,25,3211,src_tw_tpex_portal,證券櫃檯買賣中心,上櫃公司基本資料 mopsfin_t187ap03_O,2026-08-16
23631726,茂訊電腦股份有限公司,"7F, No.250, Sec.3, Pei Shen Rd., Shen Keng Dist.,New Taipei  City 222, Taiwan",586855470,TPEX,25,3213,src_tw_tpex_portal,證券櫃檯買賣中心,上櫃公司基本資料 mopsfin_t187ap03_O,2026-08-16
22575850,優群科技股份有限公司,"No.15-3, Neo Pu South Rd.Hsinchu, Taiwan. R.O.C.",901042030,TPEX,28,3217,src_tw_tpex_portal,證券櫃檯買賣中心,上櫃公司基本資料 mopsfin_t187ap03_O,2026-08-16
84926791,大學光學科技股份有限公司,"4F., No.3-1, Yuanqu St., Nangang Dist.,Taipei City 115, Taiwan (R.O.C.)",847248990,TPEX,22,3218,src_tw_tpex_portal,證券櫃檯買賣中心,上櫃公司基本資料 mopsfin_t187ap03_O,2026-08-16
86865138,倚強科技股份有限公司,"9F., No. 607, Rueiguang Rd., Neihu Dist., Taipei City   ,Taipei,Taiwan (R.O.C.)",717808800,TPEX,31,3219,src_tw_tpex_portal,證券櫃檯買賣中心,上櫃公司基本資料 mopsfin_t187ap03_O,2026-08-16
16264983,台灣嘉碩科技股份有限公司,"No. 3, Gungye 2nd Rd.Ping-Chen Dist.,Taoyuan,Taiwan, R.O.C.",1050621100,TPEX,27,3221,src_tw_tpex_portal,證券櫃檯買賣中心,上櫃公司基本資料 mopsfin_t187ap03_O,2026-08-16
16657495,三顧股份有限公司,"14F-3,NO.75 SEC.1,HSIN TAI WU RDHSI-CHIH,TAIPEI HSIEN,TAIWAN,R.O.C",781726480,TPEX,29,3224,src_tw_tpex_portal,證券櫃檯買賣中心,上櫃公司基本資料 mopsfin_t187ap03_O,2026-08-16
22193115,龍鋒科技股份有限公司,"No.818, Zhongshan N. Rd., Yongkang Dist., Tainan City 71001, TaiwanTainan City, Taiwan (R.O.C.)",644305730,TPEX,05,3226,src_tw_tpex_portal,證券櫃檯買賣中心,上櫃公司基本資料 mopsfin_t187ap03_O,2026-08-16
16633261,原相科技股份有限公司,"5F, No.5, Innovation Road I, Science-Based Industrial ParkHsin-Chu, Taiwan, R.O.C.",1519128420,TPEX,24,3227,src_tw_tpex_portal,證券櫃檯買賣中心,上櫃公司基本資料 mopsfin_t187ap03_O,2026-08-16
16200855,金麗科技股份有限公司,"6F-1,No.2-1,Lihsin Rd . Science-Based Industrial Park ,Hsinchu 300, Taiwan,R.O.C",719374950,TPEX,24,3228,src_tw_tpex_portal,證券櫃檯買賣中心,上櫃公司基本資料 mopsfin_t187ap03_O,2026-08-16
22490277,錦明實業股份有限公司,"16F., NO.896, JINGGUO RD., LUZHU DIST.TAOYUAN CITY,TAIWAN,R.O.C.",860109000,TPEX,26,3230,src_tw_tpex_portal,證券櫃檯買賣中心,上櫃公司基本資料 mopsfin_t187ap03_O,2026-08-16
22731120,昱捷股份有限公司,"25F.-6, No. 93, Sec. 1, Xintai 5th Rd., Xizhi Dist.,New Taipei City 221,  Taiwan,  R.O.C.",465678650,TPEX,29,3232,src_tw_tpex_portal,證券櫃檯買賣中心,上櫃公司基本資料 mopsfin_t187ap03_O,2026-08-16
16211142,光環科技股份有限公司,"NO.21,PROSPERITY RD.1, HSINCHU SCIENCE PARKHSINCHU,300 , TAIWAN, R.O.C.",1114746920,TPEX,27,3234,src_tw_tpex_portal,證券櫃檯買賣中心,上櫃公司基本資料 mopsfin_t187ap03_O,2026-08-16
45011782,千如電機工業股份有限公司,"No.98, Ln. 298, Huandong Rd.,Yangmei 326027 Taoyuan, Taiwan",1050006130,TPEX,28,3236,src_tw_tpex_portal,證券櫃檯買賣中心,上櫃公司基本資料 mopsfin_t187ap03_O,2026-08-16
84919932,海灣國際開發(股)公司,"No.22, Dahe Rd., West Dist., Taichung City 403, Taiwan (R.O.C.)Taichung City, Taiwan",501957540,TPEX,16,3252,src_tw_tpex_portal,證券櫃檯買賣中心,上櫃公司基本資料 mopsfin_t187ap03_O,2026-08-16
16766959,鑫創科技股份有限公司,"5F-1,No. 22,Taiyuan St., Tai Yuen Hi-Tech industrial ParkZhubei City, Hsinchu County 302, Taiwan.",729659340,TPEX,24,3259,src_tw_tpex_portal,證券櫃檯買賣中心,上櫃公司基本資料 mopsfin_t187ap03_O,2026-08-16
12861019,威剛科技股份有限公司,"25F., No. 539, Tanmei St.Neihu Dist., Taipei City 114",3344634180,TPEX,24,3260,src_tw_tpex_portal,證券櫃檯買賣中心,上櫃公司基本資料 mopsfin_t187ap03_O,2026-08-16
70751779,欣銓科技股份有限公司,"No.3, Gongye 3rd Rd., Shengli Vil.,Hukou Township,Hsinchu County 303, Taiwan",4901700760,TPEX,24,3264,src_tw_tpex_portal,證券櫃檯買賣中心,上櫃公司基本資料 mopsfin_t187ap03_O,2026-08-16
70552666,台星科股份有限公司,"NO 176-5, LU LIAO KEN, 6 LING, HUA  LUNG  CHUN,CHIUNG LIN, HSIN-CHIU HSIEN,  TAIWAN,",1362616590,TPEX,24,3265,src_tw_tpex_portal,證券櫃檯買賣中心,上櫃公司基本資料 mopsfin_t187ap03_O,2026-08-16
86105539,海德威電子工業股份有限公司,"14F-6  No.925, Sec. 4, Taiwan Boulevard, Xitun DistTaichung, Taiwan, R.O.C",347207960,TPEX,24,3268,src_tw_tpex_portal,證券櫃檯買賣中心,上櫃公司基本資料 mopsfin_t187ap03_O,2026-08-16
84126144,東碩資訊股份有限公司,"3F-4 NO.131,LANE 235,Pau-Chiao Rd.,Hsin-Tien  DistrictNew Taipei City,Taiwan, R.O.C.",611767890,TPEX,25,3272,src_tw_tpex_portal,證券櫃檯買賣中心,上櫃公司基本資料 mopsfin_t187ap03_O,2026-08-16
70684527,宇環科技股份有限公司,"No.12, Gongye 2nd Rd.,Pingzhen Dist.,Taoyuan City 324, Taiwan (R.O.C.)",697126660,TPEX,28,3276,src_tw_tpex_portal,證券櫃檯買賣中心,上櫃公司基本資料 mopsfin_t187ap03_O,2026-08-16
16469727,太普高精密影像股份有限公司,"No. 20, Jui-Kuan 2nd St., Ta-Fa lnd. Dist., Kaohsiung ,  Taiwan 831 R.O.CKaohsiung ,  Taiwan 831 R.O.C",1084824730,TPEX,20,3284,src_tw_tpex_portal,證券櫃檯買賣中心,上櫃公司基本資料 mopsfin_t187ap03_O,2026-08-16
89649873,微端科技股份有限公司,"12Fl, No31, Lane169, Kang Ning St.,Xizhi, New Taipei City , Taiwan, R.O.C.",427353240,TPEX,31,3285,src_tw_tpex_portal,證券櫃檯買賣中心,上櫃公司基本資料 mopsfin_t187ap03_O,2026-08-16
70360251,廣寰科技股份有限公司,"6F., No.113, Jian 2nd Rd., Jhonghe Dist., 235New Taipei City , Taiwan (R.O.C.)",439704830,TPEX,25,3287,src_tw_tpex_portal,證券櫃檯買賣中心,上櫃公司基本資料 mopsfin_t187ap03_O,2026-08-16
97334073,點晶科技股份有限公司,"9-4F-3 Prosperity Road I Science-Based Industrrial ParkHsinchu, Taiwan 300, R.O.C.",163800000,TPEX,28,3288,src_tw_tpex_portal,證券櫃檯買賣中心,上櫃公司基本資料 mopsfin_t187ap03_O,2026-08-16
89845410,宜特科技股份有限公司,"1F,NO.22,Pu-ding Rd.,Hsin-Chu  City, Taiwan, R.O.C",867463710,TPEX,31,3289,src_tw_tpex_portal,證券櫃檯買賣中心,上櫃公司基本資料 mopsfin_t187ap03_O,2026-08-16
89347602,東浦精密光電股份有限公司,"No. 58, Sec. 2, Changxing Rd.,Luzhu Dist., Taoyuan City",902150340,TPEX,28,3290,src_tw_tpex_portal,證券櫃檯買賣中心,上櫃公司基本資料 mopsfin_t187ap03_O,2026-08-16
23519738,鈊象電子股份有限公司,"No.130, Wugong Rd., Wugu Dist.,New Taipei City 248, Taiwan (R.O.C.)",2818015600,TPEX,32,3293,src_tw_tpex_portal,證券櫃檯買賣中心,上櫃公司基本資料 mopsfin_t187ap03_O,2026-08-16
86362776,英濟股份有限公司,"17F-4., No.16, Jian 8th Rd.Zhonghe Dist., NewTaipei City,Taiwan,ROC",1320159190,TPEX,28,3294,src_tw_tpex_portal,證券櫃檯買賣中心,上櫃公司基本資料 mopsfin_t187ap03_O,2026-08-16
23133690,杭特電子股份有限公司,"9F, No.171, Sec. 2, Datong Rd., Xizhi Dist.,New Taipei City 22183, Taiwan",360494450,TPEX,26,3297,src_tw_tpex_portal,證券櫃檯買賣中心,上櫃公司基本資料 mopsfin_t187ap03_O,2026-08-16
23842911,岱稜科技股份有限公司,"No. 383, Mayou Rd., Madou Dist.,Tainan City 721013 , Taiwan R.O.C.",940906070,TPEX,31,3303,src_tw_tpex_portal,證券櫃檯買賣中心,上櫃公司基本資料 mopsfin_t187ap03_O,2026-08-16
16433708,鼎天國際股份有限公司,"8F,No 40 Wen Hwa 2nd Rd.,Kuei ShanTao Yuan,Taiwan,R.O.C",506077020,TPEX,27,3306,src_tw_tpex_portal,證券櫃檯買賣中心,上櫃公司基本資料 mopsfin_t187ap03_O,2026-08-16
22948084,佳穎精密企業股份有限公司,"NO. 110, Sec. 2, Heping W. Rd., Dayuan Dist.,Taoyuan City 337, Taiwan, R.O.C.",749484020,TPEX,28,3310,src_tw_tpex_portal,證券櫃檯買賣中心,上櫃公司基本資料 mopsfin_t187ap03_O,2026-08-16
84341994,斐成開發科技股份有限公司,"Rm. 2, 11F., No. 248, Sec. 2, Yonghua Rd., Anping Dist.,Tainan City 708008, Taiwan (R.O.C.)",2211338310,TPEX,14,3313,src_tw_tpex_portal,證券櫃檯買賣中心,上櫃公司基本資料 mopsfin_t187ap03_O,2026-08-16
16752651,尼克森微電子股份有限公司,"12F., NO.368, GONG-JIAN RD.,SHI-JI DIST., NEW TAIPEI CITY ,TAIWAN",900000000,TPEX,24,3317,src_tw_tpex_portal,證券櫃檯買賣中心,上櫃公司基本資料 mopsfin_t187ap03_O,2026-08-16
34145259,建舜電子製造股份有限公司,"19F, No.79, Sec.1, Sintai 5Th Rd,Sijhih Dist., New Taipi City, Taiwn",1375821570,TPEX,28,3322,src_tw_tpex_portal,證券櫃檯買賣中心,上櫃公司基本資料 mopsfin_t187ap03_O,2026-08-16
16271936,加百裕工業股份有限公司,"No.128, Gong 5th Rd.,Lung Tan,Taoyuan,Taiwan.",994032040,TPEX,25,3323,src_tw_tpex_portal,證券櫃檯買賣中心,上櫃公司基本資料 mopsfin_t187ap03_O,2026-08-16
16619628,雙鴻科技股份有限公司,"No.6,3F,Wu-Chun 3rd Road,Hsinchuang DistrictNew Taipei City, Taiwan",930768370,TPEX,31,3324,src_tw_tpex_portal,證券櫃檯買賣中心,上櫃公司基本資料 mopsfin_t187ap03_O,2026-08-16
96958986,旭品科技股份有限公司,"11F, NO.98, HSING DER RD.,SANCHONG DIST., NEW TAIPEI CITY, TAIWAN",1101686100,TPEX,25,3325,src_tw_tpex_portal,證券櫃檯買賣中心,上櫃公司基本資料 mopsfin_t187ap03_O,2026-08-16
86009297,幸康電子股份有限公司,"14F, No. 306, Sec. 4, Hsin Yi Rd.Taipei  Taiwan,R.O.C",481042460,TPEX,28,3332,src_tw_tpex_portal,證券櫃檯買賣中心,上櫃公司基本資料 mopsfin_t187ap03_O,2026-08-16
70774610,泰谷光電科技股份有限公司,"NO.18, TZU-CHUNG 3RD. ROAD, NAN-KUNG INDUSTRIAL ZONENANTOU, TAIWAN, R.O.C.",665683000,TPEX,26,3339,src_tw_tpex_portal,證券櫃檯買賣中心,上櫃公司基本資料 mopsfin_t187ap03_O,2026-08-16
97483122,寶德科技股份有限公司,"3F., No. 30-1, Baogao Rd.,Xindian Dist., New Taipei City , Taiwan",460716480,TPEX,25,3349,src_tw_tpex_portal,證券櫃檯買賣中心,上櫃公司基本資料 mopsfin_t187ap03_O,2026-08-16
97330127,律勝科技股份有限公司,"No.8, Nanke 9rd  Rd., ShanHwa Dist.Tainan City, Taiwan R.O.C",701124260,TPEX,28,3354,src_tw_tpex_portal,證券櫃檯買賣中心,上櫃公司基本資料 mopsfin_t187ap03_O,2026-08-16
86978512,西北臺慶科技股份有限公司,"No.1 You 4th Rd.,Youth Industrial District.Yang Mei,Tao Yuan-Hsien, Taiwan .R.O.C.",1149369710,TPEX,28,3357,src_tw_tpex_portal,證券櫃檯買賣中心,上櫃公司基本資料 mopsfin_t187ap03_O,2026-08-16
09473845,尚立股份有限公司,"6F., No.76, Jhouzih St., Neihu District,Taipei City 114, Taiwan (R.O.C.)",764022440,TPEX,29,3360,src_tw_tpex_portal,證券櫃檯買賣中心,上櫃公司基本資料 mopsfin_t187ap03_O,2026-08-16
22301825,先進光電科技股份有限公司,"No. 14, Keyuan 1st RdXitun  District,Taichung City ,Taiwan .",1474454750,TPEX,26,3362,src_tw_tpex_portal,證券櫃檯買賣中心,上櫃公司基本資料 mopsfin_t187ap03_O,2026-08-16
84149462,上詮光纖通信股份有限公司,"No.18, Properity Rd. II, Science-Based Industrial ParkHsinchu, Taiwan, R.O.C.",1136405670,TPEX,27,3363,src_tw_tpex_portal,證券櫃檯買賣中心,上櫃公司基本資料 mopsfin_t187ap03_O,2026-08-16
22101544,台灣典範半導體股份有限公司,"No. 1, S. 2nd Rd., Qianzhen Dist.,Kaohsiung Taiwan ,ROC",2353240000,TPEX,24,3372,src_tw_tpex_portal,證券櫃檯買賣中心,上櫃公司基本資料 mopsfin_t187ap03_O,2026-08-16
70590078,熱映光電股份有限公司,"1F,NO.3,Industrial E. 9th Rd., Science-Based Industrial ParkHsinChu,Taiwan ,R.O.C.",476187820,TPEX,31,3373,src_tw_tpex_portal,證券櫃檯買賣中心,上櫃公司基本資料 mopsfin_t187ap03_O,2026-08-16
16741846,精材科技股份有限公司,"9FL., No.23, Jilin Road, Zhongli DistrictTaoyuan City, Taiwan, R.O.C.",2713643160,TPEX,24,3374,src_tw_tpex_portal,證券櫃檯買賣中心,上櫃公司基本資料 mopsfin_t187ap03_O,2026-08-16
05087498,彬台科技股份有限公司,"5F., No.208, Ruiguang Rd., Neihu Dist.,TAIPEI 11491, TAIWAN, ROC",380417480,TPEX,05,3379,src_tw_tpex_portal,證券櫃檯買賣中心,上櫃公司基本資料 mopsfin_t187ap03_O,2026-08-16
84752200,崇越電通股份有限公司,"14F.,N0.102,SEC.4,CIVIC BLVD.,DA-AN DISTRICT,TAIPEI CITY 106,TAIWAN,R.O.C.",740655420,TPEX,28,3388,src_tw_tpex_portal,證券櫃檯買賣中心,上櫃公司基本資料 mopsfin_t187ap03_O,2026-08-16
16674213,旭軟電子科技股份有限公司,"NO.522,NAN-SHANG RDKUEISHAN HSIANG,  TAOYUAN,  TAIWAN",793296590,TPEX,28,3390,src_tw_tpex_portal,證券櫃檯買賣中心,上櫃公司基本資料 mopsfin_t187ap03_O,2026-08-16
23830295,漢科系統科技股份有限公司,"8F~1 ,No. 14 , Donghua RD.,HSIN-CHU CITY ,TAIWAN R. O. C.",730476920,TPEX,31,3402,src_tw_tpex_portal,證券櫃檯買賣中心,上櫃公司基本資料 mopsfin_t187ap03_O,2026-08-16
16297788,奇鈦科技股份有限公司,"9 F.-3, No. 285, Sec. 4, Zhongxiao E. Rd., Da’an Dist.,Taipei City, Taiwan, R.O.C.",337160850,TPEX,21,3430,src_tw_tpex_portal,證券櫃檯買賣中心,上櫃公司基本資料 mopsfin_t187ap03_O,2026-08-16
84354060,哲固資訊科技股份有限公司,"No.11,Alley 21,Lane 20,Dashing Rd.,Luchu Dist,Taoyuan City 338,Taiwan,R.O.C.Taoyuan City,Taiwan",357547400,TPEX,26,3434,src_tw_tpex_portal,證券櫃檯買賣中心,上櫃公司基本資料 mopsfin_t187ap03_O,2026-08-16
16795912,台灣類比科技股份有限公司,"7F-1, No 1, Taiyuan 2nd St., Tai Yuen Hi-Tech Industrial Park, Zhubei City,Hsinchu County 302082, Taiwan, R.O.C.",471658150,TPEX,24,3438,src_tw_tpex_portal,證券櫃檯買賣中心,上櫃公司基本資料 mopsfin_t187ap03_O,2026-08-16
52888437,聯一光電股份有限公司,"NO.6-4, DAW-SHIANG  ROAD, TSAO-TON TOWN,NAN-TOU  HSEN, TAIWAN R.O.C.",400399200,TPEX,26,3441,src_tw_tpex_portal,證券櫃檯買賣中心,上櫃公司基本資料 mopsfin_t187ap03_O,2026-08-16
84355650,利機企業股份有限公司,"Room 5E, No.767, Sec 4, Taiwan Blvd.,Taichung,Taiwan",449968770,TPEX,29,3444,src_tw_tpex_portal,證券櫃檯買賣中心,上櫃公司基本資料 mopsfin_t187ap03_O,2026-08-16
86710418,由田新技股份有限公司,"10F-1, No. 268, Liancheng Rd.,Junghe District, New Taipei City,Taiwan",598507500,TPEX,26,3455,src_tw_tpex_portal,證券櫃檯買賣中心,上櫃公司基本資料 mopsfin_t187ap03_O,2026-08-16
84232790,進泰電子科技股份有限公司,"Rm1,19F, No. 251 Minquan First Road, Xinxing District, Kaohsiung City 800,TWKaohsiung City 800, Taiwan (R.O.C.)",423298620,TPEX,31,3465,src_tw_tpex_portal,證券櫃檯買賣中心,上櫃公司基本資料 mopsfin_t187ap03_O,2026-08-16
12375925,德晉科技股份有限公司,"8F, No. 123-1 Hsing De RD. Sanchung District,New Taipei City. Taiwan ROC",778920730,TPEX,27,3466,src_tw_tpex_portal,證券櫃檯買賣中心,上櫃公司基本資料 mopsfin_t187ap03_O,2026-08-16
16218308,台灣精材股份有限公司,"No. 56, Chang'an Rd.Hsinchu County 303, Taiwan",311065690,TPEX,24,3467,src_tw_tpex_portal,證券櫃檯買賣中心,上櫃公司基本資料 mopsfin_t187ap03_O,2026-08-16
70604376,安勤科技股份有限公司,"7F, 228, Lian-cheng Road,Chung Ho City, Taipei 235, Taiwan",726301640,TPEX,25,3479,src_tw_tpex_portal,證券櫃檯買賣中心,上櫃公司基本資料 mopsfin_t187ap03_O,2026-08-16
16266820,力致科技股份有限公司,"2F, NO.31, Hsin Tai Road, Chu-Bei City ,Hsinchu,TaiwanR.O.C.",990492570,TPEX,25,3483,src_tw_tpex_portal,證券櫃檯買賣中心,上櫃公司基本資料 mopsfin_t187ap03_O,2026-08-16
86834614,崧騰企業股份有限公司,"Unit 2, 7th floor, No. 888 Jingguo RoadTaoyuan, Taiwan, R.O.C",788281890,TPEX,28,3484,src_tw_tpex_portal,證券櫃檯買賣中心,上櫃公司基本資料 mopsfin_t187ap03_O,2026-08-16
84995500,敘(余+卜+又)豐企業股份有限公司,"NO.16,  LANE 760,  JIA DUNG ROAD.,Bade Dist.,Taoyuan City, TAIWAN, R.O.C",385008500,TPEX,28,3485,src_tw_tpex_portal,證券櫃檯買賣中心,上櫃公司基本資料 mopsfin_t187ap03_O,2026-08-16
86140894,森寶開發股份有限公司,"NO.50, MINQUAN RD.,LUZHU DISTRICT, TAOYUAN, TAIWAN,R.O.C.",904521550,TPEX,14,3489,src_tw_tpex_portal,證券櫃檯買賣中心,上櫃公司基本資料 mopsfin_t187ap03_O,2026-08-16
23393652,單井工業股份有限公司,"No.77, Zhongshan Rd.Tucheng Dist., New Taipei City 236, ROC",550064350,TPEX,26,3490,src_tw_tpex_portal,證券櫃檯買賣中心,上櫃公司基本資料 mopsfin_t187ap03_O,2026-08-16
16999508,昇達科技股份有限公司,"#1 Gongjian Road, Cidu DistrictKeelung City,Taiwan, R.O.C 206",688051250,TPEX,27,3491,src_tw_tpex_portal,證券櫃檯買賣中心,上櫃公司基本資料 mopsfin_t187ap03_O,2026-08-16
84846066,長盛科技股份有限公司,"10F, NO. 69, SEC.2, CHUNG CHENG E. RD.TAMSUI, TAIPEI HSIEH, TAIWAN, R.O.C.",355316000,TPEX,28,3492,src_tw_tpex_portal,證券櫃檯買賣中心,上櫃公司基本資料 mopsfin_t187ap03_O,2026-08-16
36049822,陽程科技股份有限公司,"NO.68,SHENG DER N. RD., 8 LIN, SHI HAI VILLAGEDAYUAN TAOYUAN, 337, TAIWAN",612730080,TPEX,31,3498,src_tw_tpex_portal,證券櫃檯買賣中心,上櫃公司基本資料 mopsfin_t187ap03_O,2026-08-16
70498381,環天世通科技股份有限公司,"16F.,No.186,Jian Yi RoadZhonghe Dist., New Taipei City ,Taiwan",549705960,TPEX,27,3499,src_tw_tpex_portal,證券櫃檯買賣中心,上櫃公司基本資料 mopsfin_t187ap03_O,2026-08-16
12894840,位速科技股份有限公司,"No. 26  Gaoqing Rd.Yangmei, Taoyuan County, Taiwan, R.O.C.",1088667370,TPEX,31,3508,src_tw_tpex_portal,證券櫃檯買賣中心,上櫃公司基本資料 mopsfin_t187ap03_O,2026-08-16
80611545,矽瑪科技股份有限公司,"14F., No.1351, Zhong-Zheng Rd., Taoyuan Dist., Taoyuan City 33071,TaiwanTaiwan,R.O.C.",799729450,TPEX,28,3511,src_tw_tpex_portal,證券櫃檯買賣中心,上櫃公司基本資料 mopsfin_t187ap03_O,2026-08-16
86746561,皇龍開發股份有限公司,"16F-2. No.171, Songde Rd., Xinyi Dist., Taipei City 110, TaiwanTAIPEI CITY , TAIWAN (R.O.C.)",1130723720,TPEX,14,3512,src_tw_tpex_portal,證券櫃檯買賣中心,上櫃公司基本資料 mopsfin_t187ap03_O,2026-08-16
86410720,亞帝歐光電股份有限公司,"NO.858,GUANGFU RDBADE  CITY , TAOYUAN COUNTY, TAIWAN",595608740,TPEX,26,3516,src_tw_tpex_portal,證券櫃檯買賣中心,上櫃公司基本資料 mopsfin_t187ap03_O,2026-08-16
22071540,華盈電子股份有限公司,"6F., No.18, Ln.609, Sec. 5 Chongxin Rd., Sanchong Dist.,New Taipei City 241, Taiwan (R.O.C.)",688467780,TPEX,28,3520,src_tw_tpex_portal,證券櫃檯買賣中心,上櫃公司基本資料 mopsfin_t187ap03_O,2026-08-16
22023793,台鋼建設事業股份有限公司,"Rm. 3, 25 F., No. 502, Jiuru 1st Rd.,Sanmin Dist., Kaohsiung City 807 Taiwan",1857655520,TPEX,14,3521,src_tw_tpex_portal,證券櫃檯買賣中心,上櫃公司基本資料 mopsfin_t187ap03_O,2026-08-16
12947467,御嵿國際股份有限公司,"13F., No. 216, Sec. 3, Zhonghua Rd., Xinzhuang Dist.,New Taipei City 242, Taiwan (R.O.C.)",1040962090,TPEX,16,3522,src_tw_tpex_portal,證券櫃檯買賣中心,上櫃公司基本資料 mopsfin_t187ap03_O,2026-08-16
16366341,迎輝科技股份有限公司,"No.391,Sec.2,Bentian Rd.,Annan DistrictTainan City 70955,Taiwan R.O.C",642578680,TPEX,26,3523,src_tw_tpex_portal,證券櫃檯買賣中心,上櫃公司基本資料 mopsfin_t187ap03_O,2026-08-16
16691156,凡甲科技股份有限公司,"3F., No. 102, Sec. 3, Zhongshan Rd., Zhonghe Dist.New Taipei City 235, Taiwan (R.O.C.)",658508650,TPEX,28,3526,src_tw_tpex_portal,證券櫃檯買賣中心,上櫃公司基本資料 mopsfin_t187ap03_O,2026-08-16
16948543,聚積科技股份有限公司,"Floor 6-4, No. 18, Pu-Ting Rd.,Hsinchu , Taiwan, R.O.C.",444451250,TPEX,24,3527,src_tw_tpex_portal,證券櫃檯買賣中心,上櫃公司基本資料 mopsfin_t187ap03_O,2026-08-16
70784292,力旺電子股份有限公司,"8F, No. 5, Tai-Yuan 1st St., Jhubei City, Hsinchu County 302082, Taiwan,R.O.C.Hsinchu, Taiwan, R.O.C.",746864920,TPEX,24,3529,src_tw_tpex_portal,證券櫃檯買賣中心,上櫃公司基本資料 mopsfin_t187ap03_O,2026-08-16
52543363,先益電子工業股份有限公司,"NO.22, Gongyequ 24th Rd., Nantun Dist.TAICHUNG TAIWAN R.O.C",611750110,TPEX,26,3531,src_tw_tpex_portal,證券櫃檯買賣中心,上櫃公司基本資料 mopsfin_t187ap03_O,2026-08-16
22625795,堡達實業股份有限公司,"10F,No.129,Sec.2,Chung Shan N, RoadTaipei ,Taiwan , ROC",562429790,TPEX,28,3537,src_tw_tpex_portal,證券櫃檯買賣中心,上櫃公司基本資料 mopsfin_t187ap03_O,2026-08-16
70669172,曜越科技股份有限公司,"5F., No.185, Sec. 2, Tiding Blvd., Neihu Dist.,Taipei City, Taiwan",724585480,TPEX,25,3540,src_tw_tpex_portal,證券櫃檯買賣中心,上櫃公司基本資料 mopsfin_t187ap03_O,2026-08-16
23975263,西柏科技股份有限公司,"6F-5, No. 130,Jian,Kang Rd.,Chung Ho City, Taipei Hsien 23585, Taiwan, R.O.CTaipei Hsien 23585, Taiwan, R.O.C",563491420,TPEX,31,3541,src_tw_tpex_portal,證券櫃檯買賣中心,上櫃公司基本資料 mopsfin_t187ap03_O,2026-08-16
89521257,宇峻奧汀科技股份有限公司,"14F., No.102,Sec.2, Roosevelt Rd.Zhongzheng Dist., Taipei City,Taiwan",613486900,TPEX,32,3546,src_tw_tpex_portal,證券櫃檯買賣中心,上櫃公司基本資料 mopsfin_t187ap03_O,2026-08-16
27393491,兆利科技工業股份有限公司,"No.13 , Wu gone 5th Rd.Hsin Chung Dist, New Taipei City, Taiwan",677441750,TPEX,28,3548,src_tw_tpex_portal,證券櫃檯買賣中心,上櫃公司基本資料 mopsfin_t187ap03_O,2026-08-16
16044341,世禾科技股份有限公司,"No.18,Renzheng RdHukou Township, Hsinchu County , Taiwan",622748900,TPEX,35,3551,src_tw_tpex_portal,證券櫃檯買賣中心,上櫃公司基本資料 mopsfin_t187ap03_O,2026-08-16
55900791,同致電子企業股份有限公司,"No.9, Ln. 1156, Nanqing Rd., Luzhu Dist.,Taoyuan City, Taiwan (R.O.C.)",979183340,TPEX,31,3552,src_tw_tpex_portal,證券櫃檯買賣中心,上櫃公司基本資料 mopsfin_t187ap03_O,2026-08-16
80551862,博士旺創新股份有限公司,"10F., No.533, Tanmei St., Neihu Dist.,Taipei City 114044, Taiwan (R.O.C.)",399987970,TPEX,24,3555,src_tw_tpex_portal,證券櫃檯買賣中心,上櫃公司基本資料 mopsfin_t187ap03_O,2026-08-16
80342958,禾瑞亞科技股份有限公司,"11F., No.302, Rueiguang Rd., Neihu District,Taipei City, Taiwan (R.O.C.)",637028440,TPEX,24,3556,src_tw_tpex_portal,證券櫃檯買賣中心,上櫃公司基本資料 mopsfin_t187ap03_O,2026-08-16
28496495,神準科技股份有限公司,"No.500 Fusing 3rd.,Hwa-Ya Technology ParkKuei-Shan Hsiang,Taoyuan County ,Taiwan",590608810,TPEX,27,3558,src_tw_tpex_portal,證券櫃檯買賣中心,上櫃公司基本資料 mopsfin_t187ap03_O,2026-08-16
12658515,其陽科技股份有限公司,"32F., No. 97,Sec. 1, Xintai 5th Rd.,Xizhi Dist.,New Taipei City,Taiwan (R.O.C.)",591231000,TPEX,27,3564,src_tw_tpex_portal,證券櫃檯買賣中心,上櫃公司基本資料 mopsfin_t187ap03_O,2026-08-16
12613567,逸昌科技股份有限公司,"4F-1 No.35, Hsin-Tai Road,Chu-Pei City, Hsin-Chu, Taiwan",339540000,TPEX,24,3567,src_tw_tpex_portal,證券櫃檯買賣中心,上櫃公司基本資料 mopsfin_t187ap03_O,2026-08-16
16088678,大塚資訊科技股份有限公司,"6F, No. 68, Sec.2, Xianmin Blvd.Banqiao Dist., New Taipei City , Taiwan",170970000,TPEX,30,3570,src_tw_tpex_portal,證券櫃檯買賣中心,上櫃公司基本資料 mopsfin_t187ap03_O,2026-08-16
84517297,泓格科技股份有限公司,"No. 111, Guangfu N. Rd., Hukou TownshipHsinchu County 30351, Taiwan , R. O. C.",639656530,TPEX,25,3577,src_tw_tpex_portal,證券櫃檯買賣中心,上櫃公司基本資料 mopsfin_t187ap03_O,2026-08-16
80072814,友威科技股份有限公司,"6F., No.51, Housheng Rd., Luzhu Dist.Taoyuan City 338, Taiwan (R.O.C.)",394706570,TPEX,31,3580,src_tw_tpex_portal,證券櫃檯買賣中心,上櫃公司基本資料 mopsfin_t187ap03_O,2026-08-16
16889100,博磊科技股份有限公司,"No. 53, Jinggong Rd., Hsin Fong TownshipHsinChu County, Taiwan , R.O.C.",510060000,TPEX,24,3581,src_tw_tpex_portal,證券櫃檯買賣中心,上櫃公司基本資料 mopsfin_t187ap03_O,2026-08-16
79959286,閎康科技股份有限公司,"1F.No.26-2,Tai-Yuen St.,Jubei City,Hsinchu County,Taiwan,R.O.C.",693699880,TPEX,31,3587,src_tw_tpex_portal,證券櫃檯買賣中心,上櫃公司基本資料 mopsfin_t187ap03_O,2026-08-16
84469443,磐儀科技股份有限公司,"10F.,No.700,Zhong Zheng Rd.,Zhong He Dist.,New Taipei City,Taiwan",959483580,TPEX,25,3594,src_tw_tpex_portal,證券櫃檯買賣中心,上櫃公司基本資料 mopsfin_t187ap03_O,2026-08-16
22306125,映興電子股份有限公司,"No.10,19th Road Industrial,Nuntun Dist.Taichung,Taiwan",392364400,TPEX,28,3597,src_tw_tpex_portal,證券櫃檯買賣中心,上櫃公司基本資料 mopsfin_t187ap03_O,2026-08-16
13073151,三一東林科技股份有限公司,"3 F., No. 517, Yongchun E. 7th Rd., Nantun Dist.,Taichung, Taiwan, R.O.C.",384193870,TPEX,28,3609,src_tw_tpex_portal,證券櫃檯買賣中心,上櫃公司基本資料 mopsfin_t187ap03_O,2026-08-16
28624652,鼎翰科技股份有限公司,"9F.,No. 95,Minquan Rd.,Xindian Dist.New Taipei City 231, Taiwan (R.O.C.)",475546340,TPEX,25,3611,src_tw_tpex_portal,證券櫃檯買賣中心,上櫃公司基本資料 mopsfin_t187ap03_O,2026-08-16
28812887,安可光電股份有限公司,"No 10 Kuangfu N.Road Hsin Chu Industrial Park ,TaiwanHsin Chu Industrial Park ,Taiwan",684669760,TPEX,26,3615,src_tw_tpex_portal,證券櫃檯買賣中心,上櫃公司基本資料 mopsfin_t187ap03_O,2026-08-16
70791435,富晶通科技股份有限公司,"6F.-1 No. 50, Hua-ya 3 RD.,Gueishan Dist., Taoyuan County,Taiwan",291859460,TPEX,26,3623,src_tw_tpex_portal,證券櫃檯買賣中心,上櫃公司基本資料 mopsfin_t187ap03_O,2026-08-16
16130084,光頡科技股份有限公司,"No.70,Kuanfu N. Road, Hukou HsiangHsin Chu Hsien303 Tawiwan, R. O. C.",1173408420,TPEX,28,3624,src_tw_tpex_portal,證券櫃檯買賣中心,上櫃公司基本資料 mopsfin_t187ap03_O,2026-08-16
96969724,西勝國際股份有限公司,"5F, No.665, Zhongzheng Rd.,Xinzhuang District,NewTaipeiCity,Taiwan",1142467650,TPEX,25,3625,src_tw_tpex_portal,證券櫃檯買賣中心,上櫃公司基本資料 mopsfin_t187ap03_O,2026-08-16
16444732,盈正豫順電子股份有限公司,"1F, NO. 3, LANE 7, BAOGAO RD., XINDIAN DIST.,NEW TAIPEI CITY, TAIWAN R.O.C.",450000000,TPEX,31,3628,src_tw_tpex_portal,證券櫃檯買賣中心,上櫃公司基本資料 mopsfin_t187ap03_O,2026-08-16
12898395,地心引力股份有限公司,"8F.-3, No. 2, Ln. 150, Sec. 5, Xinyi Rd., Xinyi Dist.,Taipei City110416, Taiwan (R.O.C.)",329547820,TPEX,32,3629,src_tw_tpex_portal,證券櫃檯買賣中心,上櫃公司基本資料 mopsfin_t187ap03_O,2026-08-16
70748276,新鉅科技股份有限公司,"No. 77, Ln. 100, Shuitou 1st Rd., Waipu Dist.Tai-Chung City, Taiwan R.O.C",2041918480,TPEX,26,3630,src_tw_tpex_portal,證券櫃檯買賣中心,上櫃公司基本資料 mopsfin_t187ap03_O,2026-08-16
15979384,晟楠科技股份有限公司,"18F.-1, No.161, Sec. 1, Wanshou Rd., Gueishan Dist.,Taoyuan City 333, Taiwan (R.O.C.)",818209090,TPEX,28,3631,src_tw_tpex_portal,證券櫃檯買賣中心,上櫃公司基本資料 mopsfin_t187ap03_O,2026-08-16
12894047,研勤科技股份有限公司,"4F., No.200, Gangcian Rd., Neihu DistrictTaipei City 114, Taiwan (R.O.C.)",408897380,TPEX,27,3632,src_tw_tpex_portal,證券櫃檯買賣中心,上櫃公司基本資料 mopsfin_t187ap03_O,2026-08-16
16870474,艾恩特精密工業股份有限公司,"5F., No.301, Sec. 2, Tiding Blvd.,Neihu Dist., Taipei City ,Taiwan (R.O.C)",392973710,TPEX,28,3646,src_tw_tpex_portal,證券櫃檯買賣中心,上櫃公司基本資料 mopsfin_t187ap03_O,2026-08-16
16827203,鑫科材料科技股份有限公司,"NO.1, LUKE 8TH RD., KAOHSIUNG SCIENCE PARK, LUJHU DISTKAOHSIUNG CITY 821, TAIWAN(R.O.C.)",1084940740,TPEX,31,3663,src_tw_tpex_portal,證券櫃檯買賣中心,上櫃公司基本資料 mopsfin_t187ap03_O,2026-08-16
28984305,安瑞科技股份有限公司,"North Sound Rd., George Town,Grand Cayman, KY1-9006, Cayman Islands",759453770,TPEX,27,3664,src_tw_tpex_portal,證券櫃檯買賣中心,上櫃公司基本資料 mopsfin_t187ap03_O,2026-08-16
27397031,光耀科技股份有限公司,"3F, No. 1, Li Hsin Rd. VI, Science-Based Industrial ParkHsinchu 30078, Taiwan",1389498500,TPEX,26,3666,src_tw_tpex_portal,證券櫃檯買賣中心,上櫃公司基本資料 mopsfin_t187ap03_O,2026-08-16
16744506,康聯訊科技股份有限公司,"18F-6,No.79,Sec.1,Hsin Tai Wu Rd.,Hsichih,Taipei Hsien,Taiwan,R.O.C",407903750,TPEX,27,3672,src_tw_tpex_portal,證券櫃檯買賣中心,上櫃公司基本資料 mopsfin_t187ap03_O,2026-08-16
89672698,德微科技股份有限公司,"6F., No.17, Ln. 155, Sec. 3, Beishen Rd.Shenkeng Dist., New Taipei City",530579230,TPEX,24,3675,src_tw_tpex_portal,證券櫃檯買賣中心,上櫃公司基本資料 mopsfin_t187ap03_O,2026-08-16
16406379,家登精密工業股份有限公司,"9F-5., No. 2, Sec. 4, Jhongyang Rd., Tucheng Dist, New Taipei County 236Taiwan,R.O.C",960926090,TPEX,24,3680,src_tw_tpex_portal,證券櫃檯買賣中心,上櫃公司基本資料 mopsfin_t187ap03_O,2026-08-16
89549184,榮昌科技股份有限公司,"8F, No233-2, Bao-Ciao Road, Sin-Dian Dist,New Taipei CityTaipei County 23145, Taiwan, R.O.C",303027650,TPEX,27,3684,src_tw_tpex_portal,證券櫃檯買賣中心,上櫃公司基本資料 mopsfin_t187ap03_O,2026-08-16
52811070,元創精密車業股份有限公司,"4F.-7, No.213, Chaofu Rd., Xitun Dist.,Taichung City 407, Taiwan.",795740000,TPEX,05,3685,src_tw_tpex_portal,證券櫃檯買賣中心,上櫃公司基本資料 mopsfin_t187ap03_O,2026-08-16
70444999,茂為歐買尬數位科技股份有限公司,"3F., No. 50, Sec. 1, Chenggong Rd.,Nangang District, Taipei City 115,Taiwan",300608200,TPEX,36,3687,src_tw_tpex_portal,證券櫃檯買賣中心,上櫃公司基本資料 mopsfin_t187ap03_O,2026-08-16
27642463,湧德電子股份有限公司,"2F., No.13, Ln. 68, Neixi Rd., Luzhu Dist.,Taoyuan City 338, Taiwan",893909910,TPEX,28,3689,src_tw_tpex_portal,證券櫃檯買賣中心,上櫃公司基本資料 mopsfin_t187ap03_O,2026-08-16
80433079,碩禾電子材料股份有限公司,"122-18, Zhonghua Rd., Hsinchu Industrial Park,Hsinchu 303, Taiwan, R.O.C",918834200,TPEX,26,3691,src_tw_tpex_portal,證券櫃檯買賣中心,上櫃公司基本資料 mopsfin_t187ap03_O,2026-08-16
96994977,營邦企業股份有限公司,"No.9, Alley 19, Lane 20, Ta Hsing Rd. Luchu ShiangTaoyuan, Taiwan, R.O.C.",429906940,TPEX,25,3693,src_tw_tpex_portal,證券櫃檯買賣中心,上櫃公司基本資料 mopsfin_t187ap03_O,2026-08-16
54389725,漢磊科技股份有限公司,"No.18,Innovation Rode 1, Science Park, Hsin-Chu,Taiwan,R.O.C.",4004843530,TPEX,24,3707,src_tw_tpex_portal,證券櫃檯買賣中心,上櫃公司基本資料 mopsfin_t187ap03_O,2026-08-16
51512503,鑫聯大投資控股股份有限公司,"22F., No. 189, Jingmao 2nd Rd., Nangang Dist.Taipei City 115, Taiwan (R.O.C.)",1455694500,TPEX,25,3709,src_tw_tpex_portal,證券櫃檯買賣中心,上櫃公司基本資料 mopsfin_t187ap03_O,2026-08-16
51608205,連展投資控股股份有限公司,"231,3ST FL.,NO2.ALLEY9,LANE45 PAO-HSIN RD., HSIN-TIEN TAIPEI TAIWAN,R.O.C",2872507340,TPEX,28,3710,src_tw_tpex_portal,證券櫃檯買賣中心,上櫃公司基本資料 mopsfin_t187ap03_O,2026-08-16
83423700,新晶投資控股股份有限公司,"3F.-1, No. 193, Fuxing 2nd Rd., Zhubei CityHsinchu County 302, Taiwan (R.O.C)",880993800,TPEX,35,3713,src_tw_tpex_portal,證券櫃檯買賣中心,上櫃公司基本資料 mopsfin_t187ap03_O,2026-08-16
56620559,永日化學工業股份有限公司,"59,61, You Shih Road, Youth Industrial District, Dajia,Taichung, Taiwan 437, R.O.C.",423734430,TPEX,22,4102,src_tw_tpex_portal,證券櫃檯買賣中心,上櫃公司基本資料 mopsfin_t187ap03_O,2026-08-16
11821341,台灣東洋藥品工業股份有限公司,"3F., No.3-1, Park St., Nangang Dist.,Taipei,Taiwan,R.O.C.",2486499590,TPEX,22,4105,src_tw_tpex_portal,證券櫃檯買賣中心,上櫃公司基本資料 mopsfin_t187ap03_O,2026-08-16
86306206,邦特生物科技股份有限公司,"5F-6,No.23 Sec.1.Chang-An E. Rd .,Taipei 104, Taiwan , R.O.C.",692983360,TPEX,22,4107,src_tw_tpex_portal,證券櫃檯買賣中心,上櫃公司基本資料 mopsfin_t187ap03_O,2026-08-16
89415241,加捷生醫股份有限公司,"3F., NO.61, Jiuru 1st Rd., Sanmin Dist.,KAOHSIUNG, TAIWAN, R.O.C",1187366810,TPEX,22,4109,src_tw_tpex_portal,證券櫃檯買賣中心,上櫃公司基本資料 mopsfin_t187ap03_O,2026-08-16
47154259,濟生醫藥生技股份有限公司,"No.3, Shijian Rd., Hukou Township, Hsinchu County 30352, Taiwan (R.O.C.)Hsinchu County , Taiwan (R.O.C.)",598321350,TPEX,22,4111,src_tw_tpex_portal,證券櫃檯買賣中心,上櫃公司基本資料 mopsfin_t187ap03_O,2026-08-16
16126477,聯上實業股份有限公司,"17F.-2, No.185, Fuguo Rd., Zuoying DistrictKaohsiung City 813, Taiwan (R.O.C)",2311381370,TPEX,14,4113,src_tw_tpex_portal,證券櫃檯買賣中心,上櫃公司基本資料 mopsfin_t187ap03_O,2026-08-16
43199950,健喬信元醫藥生技股份有限公司,"11TH FL., NO.396, SEC. 1, NEIHU ROAD,TAIPEI, TAIWAN, R.O.C.",5101756360,TPEX,22,4114,src_tw_tpex_portal,證券櫃檯買賣中心,上櫃公司基本資料 mopsfin_t187ap03_O,2026-08-16
23285106,明基三豐醫療器材股份有限公司,"7th Floor, No.46, Zhou-z Street, Nei-HuTaipei, Taiwan.R.O.C.",445660000,TPEX,22,4116,src_tw_tpex_portal,證券櫃檯買賣中心,上櫃公司基本資料 mopsfin_t187ap03_O,2026-08-16
12397982,友華生技醫藥股份有限公司,"13F., No. 128, Sec. 6, Chengde Rd., Beitou Dist., Taipei City ,112052 TaiwanTaipei, Taiwan, R.O.C.",867471190,TPEX,22,4120,src_tw_tpex_portal,證券櫃檯買賣中心,上櫃公司基本資料 mopsfin_t187ap03_O,2026-08-16
23123644,優盛醫學科技股份有限公司,"12F,NO. 189, Kang Chien Rd.Taipei, 114, Taiwan",831110450,TPEX,22,4121,src_tw_tpex_portal,證券櫃檯買賣中心,上櫃公司基本資料 mopsfin_t187ap03_O,2026-08-16
18606304,晟德大藥廠股份有限公司,"7F.,NO.3-2 PARK ST., NANGANG DIST.,TAIPEI CITY 115, TAIWAN (R.O.C.)",7695462340,TPEX,22,4123,src_tw_tpex_portal,證券櫃檯買賣中心,上櫃公司基本資料 mopsfin_t187ap03_O,2026-08-16
20765714,太平洋醫材股份有限公司,"No. 8, Tongke 2nd Rd., Hsinchu Science Park, Jiuhu Vil.,Tongluo Township, Miaoli County, Taiwan",726000000,TPEX,22,4126,src_tw_tpex_portal,證券櫃檯買賣中心,上櫃公司基本資料 mopsfin_t187ap03_O,2026-08-16
85086859,天良生物科技企業股份有限公司,"9F, NO. 147, Sec. 1, Datong Rd.,Xizhi Dist, New Taipei City Taiwan",457600000,TPEX,22,4127,src_tw_tpex_portal,證券櫃檯買賣中心,上櫃公司基本資料 mopsfin_t187ap03_O,2026-08-16
70555349,中天生物科技股份有限公司,"18F-1,No.3,Yuan Qu St,Taipei 115,Taiwan,R.O.C.Taipei, Taiwan",5881705970,TPEX,22,4128,src_tw_tpex_portal,證券櫃檯買賣中心,上櫃公司基本資料 mopsfin_t187ap03_O,2026-08-16
22099982,聯合骨科器材股份有限公司,"57 Park Ave 2 Science Park Hsinchu Taiwan,R.O.C.  Hsinchu Taiwan,R.O.C.",964376500,TPEX,22,4129,src_tw_tpex_portal,證券櫃檯買賣中心,上櫃公司基本資料 mopsfin_t187ap03_O,2026-08-16
16680539,浩泰精準股份有限公司,"9F.-8, No. 395, Sec. 1, Linsen Rd., East Dist.Tainan City 701 , Taiwan (R.O.C.)",398570000,TPEX,22,4131,src_tw_tpex_portal,證券櫃檯買賣中心,上櫃公司基本資料 mopsfin_t187ap03_O,2026-08-16
80527809,曜亞國際股份有限公司,"14F, No. 880, Jhongjheng Rd., Jhonghe CityTaipei County 235, Taiwan. R.O.C.",399300000,TPEX,22,4138,src_tw_tpex_portal,證券櫃檯買賣中心,上櫃公司基本資料 mopsfin_t187ap03_O,2026-08-16
28993894,馬光保健控股股份有限公司,"4F., No.693, Mingcheng 3Rd., Gushan DistKaohsiung City 804 Taiwan (R.O.C)",450099110,TPEX,22,4139,src_tw_tpex_portal,證券櫃檯買賣中心,上櫃公司基本資料 mopsfin_t187ap03_O,2026-08-16
28707338,中裕新藥股份有限公司,"3F., No.607, Ruiguang Rd., Neihu DistTaipei City, 11492 Taiwan. R.O.C.",2732024250,TPEX,22,4147,src_tw_tpex_portal,證券櫃檯買賣中心,上櫃公司基本資料 mopsfin_t187ap03_O,2026-08-16
89376900,鈺緯科技開發股份有限公司,"9F, No.351, Sec. 2, Zhongshan RdZhonghe Dist., New Taipei City, Taiwan",586681970,TPEX,22,4153,src_tw_tpex_portal,證券櫃檯買賣中心,上櫃公司基本資料 mopsfin_t187ap03_O,2026-08-16
26330076,樂威科股份有限公司,"3F., No. 43, Dongxing Rd., Xinyi Dist., Taipei City 110403 , Taiwan (R.O.C.)Taiwan Taipei 110403",383900000,TPEX,20,4154,src_tw_tpex_portal,證券櫃檯買賣中心,上櫃公司基本資料 mopsfin_t187ap03_O,2026-08-16
31982484,太景醫藥研發控股股份有限公司,"Box 309, Ugland HouseGrand Cayman, KY1-1104, Cayman Islands",20766551,TPEX,22,4157,src_tw_tpex_portal,證券櫃檯買賣中心,上櫃公司基本資料 mopsfin_t187ap03_O,2026-08-16
24268870,訊聯基因數位股份有限公司,"6F, No28, Ln.36, Xinhu 1st Rd., Neihu Dist.,Taipei City 11494, Taiwan",266903340,TPEX,22,4160,src_tw_tpex_portal,證券櫃檯買賣中心,上櫃公司基本資料 mopsfin_t187ap03_O,2026-08-16
16930971,聿新生物科技股份有限公司,"No.188, Zhonghua S. Rd., Zhunan TownshipMiaoli County 35057, Taiwan(R.O.C.)",598082040,TPEX,22,4161,src_tw_tpex_portal,證券櫃檯買賣中心,上櫃公司基本資料 mopsfin_t187ap03_O,2026-08-16
80264691,智擎生技製藥股份有限公司,"11F, 10 Minsheng E. Road, Sec. 3, Taipei 104 TaiwanTaipei, Taiwan",1456776400,TPEX,22,4162,src_tw_tpex_portal,證券櫃檯買賣中心,上櫃公司基本資料 mopsfin_t187ap03_O,2026-08-16
27473348,鐿鈦科技股份有限公司,"NO.9,JINGKE RD.,NANTUN DIST.,TAICHUNG CITY 40852,TAIWAN(R.O.C.)",506796430,TPEX,22,4163,src_tw_tpex_portal,證券櫃檯買賣中心,上櫃公司基本資料 mopsfin_t187ap03_O,2026-08-16
28924399,友霖生技醫藥股份有限公司,"12F., No. 128, Sec. 6, Chengde Rd., Beitou Dist.,Taipei City ,112052 Taiwan (ROC)",2430350890,TPEX,22,4166,src_tw_tpex_portal,證券櫃檯買賣中心,上櫃公司基本資料 mopsfin_t187ap03_O,2026-08-16
80642673,松瑞製藥股份有限公司,"No.1,Nanke 6th Road,Xinshi Dist,Southern Taiwan Science Park,Tainan City,Taiwan 744094,R.O.C.",3104441070,TPEX,22,4167,src_tw_tpex_portal,證券櫃檯買賣中心,上櫃公司基本資料 mopsfin_t187ap03_O,2026-08-16
12683520,台灣醣聯生技醫藥股份有限公司,"8F., No.97, Sec. 1, Xintai 5th Rd., Xizhi Dist.,New Taipei City 22175,Taiwan",1125213180,TPEX,22,4168,src_tw_tpex_portal,證券櫃檯買賣中心,上櫃公司基本資料 mopsfin_t187ap03_O,2026-08-16
27489806,瑞基海洋生物科技股份有限公司,"No.19,Keyuan 2nd Road,Central Taiwan Science Park,Taichung City,Taiwan R.O.C",580574690,TPEX,33,4171,src_tw_tpex_portal,證券櫃檯買賣中心,上櫃公司基本資料 mopsfin_t187ap03_O,2026-08-16
05071926,久裕企業股份有限公司,"14F-5, No. 880, Zhongzheng Rd., Zhonghe Dist.New Taipei City 23586, Taiwan, R.O.C.",745743550,TPEX,22,4173,src_tw_tpex_portal,證券櫃檯買賣中心,上櫃公司基本資料 mopsfin_t187ap03_O,2026-08-16
13110677,台灣浩鼎生技股份有限公司,"6F., No. 508, Sec. 7, Zhongxiao E. Rd., Nangang Dist.Taipei City 115011, Taiwan R.O.C",1315796870,TPEX,22,4174,src_tw_tpex_portal,證券櫃檯買賣中心,上櫃公司基本資料 mopsfin_t187ap03_O,2026-08-16
86649006,杏一醫療用品股份有限公司,"5F., No. 361, Fuxing 1st Rd., Guishan Dist.,Taoyuan City 333, Taiwan (R.O.C.)",423233070,TPEX,22,4175,src_tw_tpex_portal,證券櫃檯買賣中心,上櫃公司基本資料 mopsfin_t187ap03_O,2026-08-16
80064027,福永生物科技股份有限公司,"NO.8, R&D RD Ⅲ, Hsinchu Science ParkHsinchu, Taiwan, R.O.C.",238000000,TPEX,22,4183,src_tw_tpex_portal,證券櫃檯買賣中心,上櫃公司基本資料 mopsfin_t187ap03_O,2026-08-16
24316471,安克生醫股份有限公司,"5F, No.167, Fuxing N. Rd., Songshan Dist.TAIPEI,TAIWAN.R.O.C.",633329000,TPEX,22,4188,src_tw_tpex_portal,證券櫃檯買賣中心,上櫃公司基本資料 mopsfin_t187ap03_O,2026-08-16
29118865,杏國新藥股份有限公司,"84 CHUNG SHAN RD.,CHUNG SHAN VILLAGETUNG-SHAN SHINE , I-LAN 269 , TAIWAN.",351645000,TPEX,22,4192,src_tw_tpex_portal,證券櫃檯買賣中心,上櫃公司基本資料 mopsfin_t187ap03_O,2026-08-16
54154754,欣大健康投資控股股份有限公司,"7F, No.85, Xinhu 1st Rd.Taipei City 114, Taiwan(R.O.C.)",241080000,TPEX,22,4198,src_tw_tpex_portal,證券櫃檯買賣中心,上櫃公司基本資料 mopsfin_t187ap03_O,2026-08-16
76316325,中華食品實業股份有限公司,"No.110-6, Longmu Rd., Dashu Dist., Kaohsiung City 840, Taiwan (R.O.C.)KAOHSIUNG CITY, TAIWAN",976492280,TPEX,02,4205,src_tw_tpex_portal,證券櫃檯買賣中心,上櫃公司基本資料 mopsfin_t187ap03_O,2026-08-16
12529007,環泰企業股份有限公司,"5F., No. 265, Nankan Rd.,Luzhu Dist., Taoyuan City, Taiwan",1985380080,TPEX,02,4207,src_tw_tpex_portal,證券櫃檯買賣中心,上櫃公司基本資料 mopsfin_t187ap03_O,2026-08-16
72104709,信立化學工業股份有限公司,"No. 99, Xingye Rd., Xuejia DistTAINAN TAIWAN R.O.C",946053170,TPEX,03,4303,src_tw_tpex_portal,證券櫃檯買賣中心,上櫃公司基本資料 mopsfin_t187ap03_O,2026-08-16
12413104,勝昱科技股份有限公司,"3F., No. 152, Jiankang Rd.Songshan Dist., Taipei City 10586,Taiwan",610380650,TPEX,03,4304,src_tw_tpex_portal,證券櫃檯買賣中心,上櫃公司基本資料 mopsfin_t187ap03_O,2026-08-16
22281617,世坤塑膠股份有限公司,"No. 125,127, Magong 3rd Road., Makou Li, Madou Dist.,  TAINAN CITY,TAIWAN R.O.C",550140000,TPEX,03,4305,src_tw_tpex_portal,證券櫃檯買賣中心,上櫃公司基本資料 mopsfin_t187ap03_O,2026-08-16
18770509,東隆興業股份有限公司,"19FL, NO.31, SEC2 SAN MING RD, PANCHIAO DIST., NEWTAIPEI CITY , TAIWAN",1226920120,TPEX,04,4401,src_tw_tpex_portal,證券櫃檯買賣中心,上櫃公司基本資料 mopsfin_t187ap03_O,2026-08-16
56349214,郡都開發股份有限公司,"9F.-1, No. 151, Zhongzheng 4th Rd., Qianjin Dist., Kaohsiung City 8016 , TaiwaKAOHSIUNG CITY, TAIWANG (R.O.C.)",679918300,TPEX,04,4402,src_tw_tpex_portal,證券櫃檯買賣中心,上櫃公司基本資料 mopsfin_t187ap03_O,2026-08-16
07652202,新昕纖維股份有限公司,"ROOM 4. 10TH FL . NO.289CHANG-AN W. RD., TAIPEI TAIWAN",519120000,TPEX,04,4406,src_tw_tpex_portal,證券櫃檯買賣中心,上櫃公司基本資料 mopsfin_t187ap03_O,2026-08-16
22676914,飛寶企業股份有限公司,"8F., No.252, Sec. 2, New Taipei Blvd.,Sanchong Dist.,New Taipe Cityi, Taiwan, R.O.C.",313146890,TPEX,04,4413,src_tw_tpex_portal,證券櫃檯買賣中心,上櫃公司基本資料 mopsfin_t187ap03_O,2026-08-16
07648290,三圓建設股份有限公司,"8F., NO.96 , SECTION 2, NANKINGE RD.. TAIPEI, TAIWAN, R.O.C",735862130,TPEX,14,4416,src_tw_tpex_portal,證券櫃檯買賣中心,上櫃公司基本資料 mopsfin_t187ap03_O,2026-08-16
91871595,金洲海洋科技股份有限公司,"23-2F No. 2, Chungshan 2nd Road,Kaohsiung, Taiwan R.O.C 80603",839713990,TPEX,04,4417,src_tw_tpex_portal,證券櫃檯買賣中心,上櫃公司基本資料 mopsfin_t187ap03_O,2026-08-16
86124493,皇家國際美食股份有限公司,"15F.-2, No. 248, Sec. 2, Yonghua Rd., Anping Dist.Tainan City 708 , Taiwan (R.O.C.)",1691631330,TPEX,16,4419,src_tw_tpex_portal,證券櫃檯買賣中心,上櫃公司基本資料 mopsfin_t187ap03_O,2026-08-16
29576307,光明絲織廠股份有限公司,"7F., No.607, Ruiguang Rd., Neihu Dist.,Taipei City 114698, Taiwan (R.O.C.)",404550000,TPEX,04,4420,src_tw_tpex_portal,證券櫃檯買賣中心,上櫃公司基本資料 mopsfin_t187ap03_O,2026-08-16
59021804,耀億工業股份有限公司,"No. 334, Sec . 6 , Chang Mei Rd.,Homei, Chang Hua ,Taiwan 508 R.O.C.",562736090,TPEX,20,4430,src_tw_tpex_portal,證券櫃檯買賣中心,上櫃公司基本資料 mopsfin_t187ap03_O,2026-08-16
22069170,銘旺實業股份有限公司,"9F-5, No. 6, Sec.1, Zhongxing Rd., Wugu DistrictNew Taipei City 248, Taiwan",505890000,TPEX,04,4432,src_tw_tpex_portal,證券櫃檯買賣中心,上櫃公司基本資料 mopsfin_t187ap03_O,2026-08-16
23282425,興采實業股份有限公司,"No.10, Wuquan 2nd Rd.,Xinzhuang Dist., New Taipei City 24892,",612997740,TPEX,04,4433,src_tw_tpex_portal,證券櫃檯買賣中心,上櫃公司基本資料 mopsfin_t187ap03_O,2026-08-16
92791352,開曼群島商竣邦國際股份有限公司,"14F.-4, No. 186, Jian 1st Rd., Zhonghe Dist.,New Taipei City, Taiwan",327391540,TPEX,04,4442,src_tw_tpex_portal,證券櫃檯買賣中心,上櫃公司基本資料 mopsfin_t187ap03_O,2026-08-16
55878947,健信科技工業股份有限公司,"NO.3  CHANG  PIN  E.1ST  RD., HSIEN-HSI  HSIANG.  CHANGHUA  HSIEN,  TAIWAN,  R.O.C.",574696860,TPEX,05,4502,src_tw_tpex_portal,證券櫃檯買賣中心,上櫃公司基本資料 mopsfin_t187ap03_O,2026-08-16
59260902,金雨企業股份有限公司,"No 101 LANE 411 PU-NEI STREET YEN-HO LICHANGHUA  , TAIWAN , R.O.C",783133260,TPEX,05,4503,src_tw_tpex_portal,證券櫃檯買賣中心,上櫃公司基本資料 mopsfin_t187ap03_O,2026-08-16
04416894,崇友實業(股)公司,"13F., No.88, Nanking E. Rd., Sec.2,  Taipei, Taiwan, R.O.C.",1770120000,TPEX,05,4506,src_tw_tpex_portal,證券櫃檯買賣中心,上櫃公司基本資料 mopsfin_t187ap03_O,2026-08-16
55857746,高鋒工業股份有限公司,"NO.16, KEYA ROAD,  TA-YA, TAICHUNG, 428 TAIWAN, R.O.C.",1089777240,TPEX,05,4510,src_tw_tpex_portal,證券櫃檯買賣中心,上櫃公司基本資料 mopsfin_t187ap03_O,2026-08-16
55848584,福裕事業股份有限公司,"No. 34, Xinggong Rd., Shengang Township,Changhua County 509 , Taiwan (R.O.C.)",1437619210,TPEX,05,4513,src_tw_tpex_portal,證券櫃檯買賣中心,上櫃公司基本資料 mopsfin_t187ap03_O,2026-08-16
22522361,永彰科技股份有限公司,"15 F., No. 319, Sec. 3, Linghang S. Rd., Zhongli Dist., Taoyuan City, TaiwanTaoyuan City, Taiwan",649490000,TPEX,05,4523,src_tw_tpex_portal,證券櫃檯買賣中心,上櫃公司基本資料 mopsfin_t187ap03_O,2026-08-16
22551554,(方方土)霖冷凍機械股份有限公司,"NO. 300, CHIKAN N. RD., ZIGUAN DISTKAOHSIUNG CITY,TAIWAN.(R.O.C)",761523700,TPEX,05,4527,src_tw_tpex_portal,證券櫃檯買賣中心,上櫃公司基本資料 mopsfin_t187ap03_O,2026-08-16
52604255,江興鍛壓工業股份有限公司,"No.3-1, Siehe S. Lane, Situn District 407Taichung City, Taiwan, R.O.C.",841656950,TPEX,05,4528,src_tw_tpex_portal,證券櫃檯買賣中心,上櫃公司基本資料 mopsfin_t187ap03_O,2026-08-16
22662904,淳紳股份有限公司,"4F., No.630, Guangfu S. Rd., Da'an Dist.,Taipei City,10695,Taiwan, (R.O.C.)",845490960,TPEX,20,4529,src_tw_tpex_portal,證券櫃檯買賣中心,上櫃公司基本資料 mopsfin_t187ap03_O,2026-08-16
36243760,天意能創股份有限公司,"12 F.-4, No. 112, Sec. 2, Chang'an E. Rd., Zhongshan Dist., Taipei CityZhongshan Dist., Taipei City 104, Taiwan",357949590,TPEX,16,4530,src_tw_tpex_portal,證券櫃檯買賣中心,上櫃公司基本資料 mopsfin_t187ap03_O,2026-08-16
36096704,協易機械工業股份有限公司,"No.446, Nanshang Rd., Guishan Dist.,Taoyuan City , Taiwan (R.O.C.)",1784341100,TPEX,05,4533,src_tw_tpex_portal,證券櫃檯買賣中心,上櫃公司基本資料 mopsfin_t187ap03_O,2026-08-16
84189908,慶騰精密科技股份有限公司,"NO.20, LANE 487 CHUNG HUA RD.,TOU FEN CITY , MIAO-LI  COUNTRY, TAIWAN",867889480,TPEX,05,4534,src_tw_tpex_portal,證券櫃檯買賣中心,上櫃公司基本資料 mopsfin_t187ap03_O,2026-08-16
22794503,至興精機股份有限公司,"NO.3, KON EIGHTH RD. CHUANG HINE INDUSTRIAL PARK, HSEN-KANG,CHANGHUA, TAIWAN",756617400,TPEX,05,4535,src_tw_tpex_portal,證券櫃檯買賣中心,上櫃公司基本資料 mopsfin_t187ap03_O,2026-08-16
60256758,大詠城機械股份有限公司,"No. 23, Lugong S. 6th Rd., Lugang Town,Changhua County , Taiwan, ROC",594696040,TPEX,05,4538,src_tw_tpex_portal,證券櫃檯買賣中心,上櫃公司基本資料 mopsfin_t187ap03_O,2026-08-16
86263092,晟田科技工業股份有限公司,"No.11 ,Beiling 2Rd. Beiling Ville., Lujhu DistKaohsiung City , Taiwan (R.O.C)",676470680,TPEX,20,4541,src_tw_tpex_portal,證券櫃檯買賣中心,上櫃公司基本資料 mopsfin_t187ap03_O,2026-08-16
70730016,科嶠工業股份有限公司,"No. 308, Mingxing St., Guishan Dist., Taoyuan City 333, TaiwanTaoyuan County, Taiwan",352542580,TPEX,28,4542,src_tw_tpex_portal,證券櫃檯買賣中心,上櫃公司基本資料 mopsfin_t187ap03_O,2026-08-16
22212598,萬在工業股份有限公司,"NO.260, SEC. 2, CHUNG SAN RD.KUAN MIAO. TAINAN,  TAIWAN. R.O.C.",597723000,TPEX,05,4543,src_tw_tpex_portal,證券櫃檯買賣中心,上櫃公司基本資料 mopsfin_t187ap03_O,2026-08-16
80132123,桓達科技股份有限公司,"No.16,Tzuchiang St.,Tucheng Industrial Park,New Taipei City 23678,Taiwan",570024450,TPEX,05,4549,src_tw_tpex_portal,證券櫃檯買賣中心,上櫃公司基本資料 mopsfin_t187ap03_O,2026-08-16
84271478,長佳機電工程股份有限公司,"8F., No.1, Ln. 10, Jihu Rd.,Neihu Dist., Taipei 114, Taiwan, R.O.C",378387830,TPEX,05,4550,src_tw_tpex_portal,證券櫃檯買賣中心,上櫃公司基本資料 mopsfin_t187ap03_O,2026-08-16
27601913,橙的電子股份有限公司,"5F, NO.29 Keya Rd. Central Taiwan Science ParkTaichung  Taiwan",263274640,TPEX,31,4554,src_tw_tpex_portal,證券櫃檯買賣中心,上櫃公司基本資料 mopsfin_t187ap03_O,2026-08-16
01517102,旭然國際股份有限公司,"No. 15, Kejia 6th Rd.,Douliu City, Yunlin County ,Taiwan(R.O.C",423028400,TPEX,20,4556,src_tw_tpex_portal,證券櫃檯買賣中心,上櫃公司基本資料 mopsfin_t187ap03_O,2026-08-16
23209895,寶緯工業股份有限公司,"No.30, Caishen Rd., Beidou TownshipChanghua County 521, Taiwan",500000000,TPEX,05,4558,src_tw_tpex_portal,證券櫃檯買賣中心,上櫃公司基本資料 mopsfin_t187ap03_O,2026-08-16
59362767,健椿工業股份有限公司,"No. 16, East 7 Rd., Chang Bin Industrial Park, Shain Shi,Chang Hua, Taiwan, R.O.C.",585216190,TPEX,05,4561,src_tw_tpex_portal,證券櫃檯買賣中心,上櫃公司基本資料 mopsfin_t187ap03_O,2026-08-16
86195222,百德機械股份有限公司,"No.3, Gong 6th Rd., Youshih Industrial Park, Dajia DistTaichung, Taiwan",549500000,TPEX,05,4563,src_tw_tpex_portal,證券櫃檯買賣中心,上櫃公司基本資料 mopsfin_t187ap03_O,2026-08-16
54705928,科際精密股份有限公司,"5F., No.6, Jiankang Rd., Jhonghe Dist.,New Taipei City 23586, Taiwan (R.O.C.)",320451250,TPEX,05,4568,src_tw_tpex_portal,證券櫃檯買賣中心,上櫃公司基本資料 mopsfin_t187ap03_O,2026-08-16
86078580,達航科技股份有限公司,"NO.21,KOUN 1ST RDTACHIA,TAICHUNG CITY, TAIWAN, 437101",491379980,TPEX,31,4577,src_tw_tpex_portal,證券櫃檯買賣中心,上櫃公司基本資料 mopsfin_t187ap03_O,2026-08-16
15877936,捷流閥業股份有限公司,"No.9, Chung Shan Rd. Tu-Cheng Industrial District,New Taipei City, ROC",468031090,TPEX,05,4580,src_tw_tpex_portal,證券櫃檯買賣中心,上櫃公司基本資料 mopsfin_t187ap03_O,2026-08-16
69777435,君帆工業股份有限公司,"No.118, Yongkehuan Rd., Yongkang Dist.,Tainan City 71041, Taiwan (R.O.C.)",300024000,TPEX,05,4584,src_tw_tpex_portal,證券櫃檯買賣中心,上櫃公司基本資料 mopsfin_t187ap03_O,2026-08-16
34097236,唐鋒實業股份有限公司,"2-20 Nanyuan Rd,Chungli, Taoyuan Hsien, Taiwan, R.O.C.",479468200,TPEX,38,4609,src_tw_tpex_portal,證券櫃檯買賣中心,上櫃公司基本資料 mopsfin_t187ap03_O,2026-08-16
11121403,中美聯合實業股份有限公司,"12TH FL., NO.76 SEC.2 TUN-HWA SOUTH ROAD.TAIPEI.10661 TAIWAN, R.O.C.",723332000,TPEX,38,4702,src_tw_tpex_portal,證券櫃檯買賣中心,上櫃公司基本資料 mopsfin_t187ap03_O,2026-08-16
11051504,大恭化學工業股份有限公司,"7TH FLOOR, 778, PA TE  ROAD,SEC. 4,TAIPEI, TAIWAN",790300930,TPEX,21,4706,src_tw_tpex_portal,證券櫃檯買賣中心,上櫃公司基本資料 mopsfin_t187ap03_O,2026-08-16
05712099,磐亞股份有限公司,"11F,50 SEC 1 ,HSIN SHENG SOUTH RD,  TAIPEI,TAIWAN R.O.C.",4037152700,TPEX,21,4707,src_tw_tpex_portal,證券櫃檯買賣中心,上櫃公司基本資料 mopsfin_t187ap03_O,2026-08-16
35108702,永純化學工業股份有限公司,"11F ,NO.168 SUNG CHIANG ROAD  TAIPEI, TAIWAN, R.O.C.",610560000,TPEX,21,4711,src_tw_tpex_portal,證券櫃檯買賣中心,上櫃公司基本資料 mopsfin_t187ap03_O,2026-08-16
86123874,永捷創新科技股份有限公司,"No.258-26, Anding, Anding Dist., Tainan City 74546, Taiwan (R.O.C.)",2218381880,TPEX,21,4714,src_tw_tpex_portal,證券櫃檯買賣中心,上櫃公司基本資料 mopsfin_t187ap03_O,2026-08-16
85004174,大立高分子工業股份有限公司,"No. 18, Yonggong 2nd Rd., Yong’an Dist.,Kaohsiung  City 828, Taiwan",944271910,TPEX,21,4716,src_tw_tpex_portal,證券櫃檯買賣中心,上櫃公司基本資料 mopsfin_t187ap03_O,2026-08-16
86688957,美琪瑪國際股份有限公司,"No. 1, TA-TUNG 1st. RD., KUNG-YING DISTRICT,  TAO-YUAN CITY, TAIWAN",749863040,TPEX,21,4721,src_tw_tpex_portal,證券櫃檯買賣中心,上櫃公司基本資料 mopsfin_t187ap03_O,2026-08-16
12905993,永昕生物醫藥股份有限公司,"7F., No. 66, Shengyi 2nd RdZhubei City, Hsinchu County, Taiwan",2070418000,TPEX,22,4726,src_tw_tpex_portal,證券櫃檯買賣中心,上櫃公司基本資料 mopsfin_t187ap03_O,2026-08-16
12744147,雙美生物科技股份有限公司,"1F., No.10, Lane 31, Sec. 1, Huandong Rd., Xinshi Dist.,Tainan City 744, Taiwan (R.O.C.)",544630000,TPEX,22,4728,src_tw_tpex_portal,證券櫃檯買賣中心,上櫃公司基本資料 mopsfin_t187ap03_O,2026-08-16
27800048,熒茂光學股份有限公司,"No.7,Luke 3rd Rd.,Luzhu Dist.,Kaohsiung City 82151, Taiwan (R.O.C.)",792267410,TPEX,26,4729,src_tw_tpex_portal,證券櫃檯買賣中心,上櫃公司基本資料 mopsfin_t187ap03_O,2026-08-16
96965874,豪展醫療科技股份有限公司,"9F,No.78,Sec.1,Kwang-Fu Rd.,Sanchong, New Taipei City Taiwan,R.O.C",415687580,TPEX,22,4735,src_tw_tpex_portal,證券櫃檯買賣中心,上櫃公司基本資料 mopsfin_t187ap03_O,2026-08-16
80627878,泓瀚科技股份有限公司,"No.173-2, Dahu Rd., Xiangshan Dist.,Hsinchu City 300, Taiwan",348120790,TPEX,21,4741,src_tw_tpex_portal,證券櫃檯買賣中心,上櫃公司基本資料 mopsfin_t187ap03_O,2026-08-16
29108260,合一生技股份有限公司,"35F., No. 66, Sec. 1, Zhongxiao W. Rd., Zhongzheng Dist., Taipei City 100Taipei, Taiwan",4805334860,TPEX,22,4743,src_tw_tpex_portal,證券櫃檯買賣中心,上櫃公司基本資料 mopsfin_t187ap03_O,2026-08-16
80234971,皇將科技股份有限公司,"No. 190, Gongye 9th Rd.,Dali Dist, Taichung City 412, Taiwan",569484500,TPEX,22,4744,src_tw_tpex_portal,證券櫃檯買賣中心,上櫃公司基本資料 mopsfin_t187ap03_O,2026-08-16
09906168,合富醫療控股股份有限公司,"Suite 102, Cannon Place, North Sound Rd., George Town,P.O. Box 712,Grand Cayman, KY1-9006, Cayman Islands",697055470,TPEX,22,4745,src_tw_tpex_portal,證券櫃檯買賣中心,上櫃公司基本資料 mopsfin_t187ap03_O,2026-08-16
35348007,強生化學製藥廠股份有限公司,"NO.77,79,SECTION 4,SANHO ROAD.SANCHUNG DIST,NEW TAIPEI CITY 241,TAIWAN",454610320,TPEX,22,4747,src_tw_tpex_portal,證券櫃檯買賣中心,上櫃公司基本資料 mopsfin_t187ap03_O,2026-08-16
80551069,新應材股份有限公司,"No.455, Sinhe Rd.Longtan, Taoyuan Taiwan",947328650,TPEX,24,4749,src_tw_tpex_portal,證券櫃檯買賣中心,上櫃公司基本資料 mopsfin_t187ap03_O,2026-08-16
16446422,國碳科技股份有限公司,"No. 176, Zhongzun St., Luzhu Dist., Taoyuan City 338, Taiwan (R.O.C.)TAOYUAN TW",302832150,TPEX,21,4754,src_tw_tpex_portal,證券櫃檯買賣中心,上櫃公司基本資料 mopsfin_t187ap03_O,2026-08-16
28732006,勤凱科技股份有限公司,"No.32,Dayou 3rd St,Daliao DistKaohsiung City 83163 ,Taiwan,R.O.C",321459230,TPEX,31,4760,src_tw_tpex_portal,證券櫃檯買賣中心,上櫃公司基本資料 mopsfin_t187ap03_O,2026-08-16
88744414,誠泰工業科技股份有限公司,"No.1, Luke 3rd Rd., Luzhu Dist.,Kaohsiung City 821, Taiwan (R.O.C.)",314150000,TPEX,21,4767,src_tw_tpex_portal,證券櫃檯買賣中心,上櫃公司基本資料 mopsfin_t187ap03_O,2026-08-16
53278617,晶呈科技股份有限公司,"No.58, Ln. 462, Gongyi Rd., Zhunan Township,Miaoli County 350032, Taiwan",474879690,TPEX,21,4768,src_tw_tpex_portal,證券櫃檯買賣中心,上櫃公司基本資料 mopsfin_t187ap03_O,2026-08-16
54224077,台灣特品化學股份有限公司,"No.1, Zhangbin W. 3rd Rd., Xianxi Township,Changhua County 507, Taiwan (R.O.C)Changhua County 507, Taiwan (R.O.C.)",1476815520,TPEX,21,4772,src_tw_tpex_portal,證券櫃檯買賣中心,上櫃公司基本資料 mopsfin_t187ap03_O,2026-08-16
41244424,大略國際控股有限公司,"11 F., No. 101, Sec. 2, Nanjing E. Rd., Zhongshan Dist., Taipei CityTaiwan (R.O.C.)",719919200,TPEX,16,4804,src_tw_tpex_portal,證券櫃檯買賣中心,上櫃公司基本資料 mopsfin_t187ap03_O,2026-08-16
70557661,桂田文創娛樂股份有限公司,"4F., No. 6, Ln. 298, Xinming Rd., Neihu Dist.,Taipei City Taiwan(R.O.C)",999470920,TPEX,32,4806,src_tw_tpex_portal,證券櫃檯買賣中心,上櫃公司基本資料 mopsfin_t187ap03_O,2026-08-16
21223267,聯合光纖通信股份有限公司,"#12, Creation Road IV, Science-Based Industrial ParkHsinchu, Taiwan, R.O.C.",1053437140,TPEX,27,4903,src_tw_tpex_portal,證券櫃檯買賣中心,上櫃公司基本資料 mopsfin_t187ap03_O,2026-08-16
23882531,台聯電訊股份有限公司,"3F., No.108, Ruiguang Rd., Neihu Dist.,Taipei City 114, Taiwan",292600440,TPEX,22,4905,src_tw_tpex_portal,證券櫃檯買賣中心,上櫃公司基本資料 mopsfin_t187ap03_O,2026-08-16
22099391,富宇地產股份有限公司,"16F.-3, No.238, Shihjheng N. 2nd Rd., Situn Dist., Taichung City 40756, TaiwanTaichung City, Taiwan",1181457780,TPEX,14,4907,src_tw_tpex_portal,證券櫃檯買賣中心,上櫃公司基本資料 mopsfin_t187ap03_O,2026-08-16
16634613,前鼎光電股份有限公司,"No. 3, Ziqiang Rd.,Hsinchu Industrial Park, Hukou Township,Hsinchu County 303035, Taiwan (R.O.C.)",782169070,TPEX,27,4908,src_tw_tpex_portal,證券櫃檯買賣中心,上櫃公司基本資料 mopsfin_t187ap03_O,2026-08-16
45163295,新復興微波通訊股份有限公司,"NO.45,15th Jian,Wangjian VillageSinwu Township,Taoyuan County327 R.O.C",933568640,TPEX,27,4909,src_tw_tpex_portal,證券櫃檯買賣中心,上櫃公司基本資料 mopsfin_t187ap03_O,2026-08-16
80225425,德英生物科技股份有限公司,"No.92,Keji 5th Rd., Annan Dist., Tainan CityAnnan Dist., Tainan 70955, Taiwan",637195680,TPEX,22,4911,src_tw_tpex_portal,證券櫃檯買賣中心,上櫃公司基本資料 mopsfin_t187ap03_O,2026-08-16
28733011,力士科技股份有限公司,"24F., No. 555, Siyuan Rd., Xinzhuang Dist.New Taipei City  242, Taiwan (R.O.C.)",338908000,TPEX,24,4923,src_tw_tpex_portal,證券櫃檯買賣中心,上櫃公司基本資料 mopsfin_t187ap03_O,2026-08-16
53025260,欣厚科技股份有限公司,"Chang-An E. Rd. Sec.2 16#, 7th Floor-2Taipei City, Taiwan.",371644090,TPEX,35,4924,src_tw_tpex_portal,證券櫃檯買賣中心,上櫃公司基本資料 mopsfin_t187ap03_O,2026-08-16
70848850,新盛力科技股份有限公司,"No.1, West 15th Street, Qianzhen DistrictKaohsiung City 80681, Taiwan",655657610,TPEX,25,4931,src_tw_tpex_portal,證券櫃檯買賣中心,上櫃公司基本資料 mopsfin_t187ap03_O,2026-08-16
80660088,友輝光電股份有限公司,"No. 80, Xinguang E. Rd, Jen-Shan Li, Daxi Dist.,Taoyuan City, Taiwan, R.O.C.",826116750,TPEX,26,4933,src_tw_tpex_portal,證券櫃檯買賣中心,上櫃公司基本資料 mopsfin_t187ap03_O,2026-08-16
80494173,亞洲電材股份有限公司,"6F-7, No. 3, Huanke 1st RoadZhubei City, Hsinchu County,Taiwan(R.O.C",982008680,TPEX,28,4939,src_tw_tpex_portal,證券櫃檯買賣中心,上櫃公司基本資料 mopsfin_t187ap03_O,2026-08-16
28222209,紅心辣椒娛樂科技股份有限公司,"3F., No. 31, Lane 583, Ruiguang Rd., Neihu DistrictTaipei City 114694 , Taiwan",88528160,TPEX,32,4946,src_tw_tpex_portal,證券櫃檯買賣中心,上櫃公司基本資料 mopsfin_t187ap03_O,2026-08-16
24302624,金耘國際股份有限公司,"No. 10, Gong 2nd Rd., Liuying Dist., Tainan City 736403, Taiwan (R.O.C.)Tainan City 736403, Taiwan (R.O.C.)",577291070,TPEX,10,4950,src_tw_tpex_portal,證券櫃檯買賣中心,上櫃公司基本資料 mopsfin_t187ap03_O,2026-08-16
80333472,精拓科技股份有限公司,"7F-1,No.10,Tai Yuen 2nd St.,Chupei City,Hsinchu,Taiwan,R.O.C",341487130,TPEX,24,4951,src_tw_tpex_portal,證券櫃檯買賣中心,上櫃公司基本資料 mopsfin_t187ap03_O,2026-08-16
86714857,緯致科技股份有限公司,"32F., No.93, Sec.1, Xintai 5th Rd., Xizhi Dist., New Taipei CityNew Taipei City , Taiwan (R.O.C.)",731470140,TPEX,30,4953,src_tw_tpex_portal,證券櫃檯買賣中心,上櫃公司基本資料 mopsfin_t187ap03_O,2026-08-16
28422591,譜瑞科技股份有限公司,"14F., No.335, Ruiguang Rd., Neihu Dist.Nei Hu, Taipei, Taiwan, R.O.C.",789577880,TPEX,24,4966,src_tw_tpex_portal,證券櫃檯買賣中心,上櫃公司基本資料 mopsfin_t187ap03_O,2026-08-16
39954594,英特磊科技股份有限公司,"PO Box 309, Ugland House, Grand Cayman, KY1-1104, Cayman IslandsCayman Islands",471857430,TPEX,24,4971,src_tw_tpex_portal,證券櫃檯買賣中心,上櫃公司基本資料 mopsfin_t187ap03_O,2026-08-16
86831927,湯石照明科技股份有限公司,"4F., No.236, Bo’ai St., Shulin Dist.,New Taipei City , Taiwan (R.O.C.)",568885870,TPEX,26,4972,src_tw_tpex_portal,證券櫃檯買賣中心,上櫃公司基本資料 mopsfin_t187ap03_O,2026-08-16
80161908,廣穎電通股份有限公司,"7F., No. 106, Zhouzi St.Neihu District, Taipei City 114, Taiwan",652928430,TPEX,24,4973,src_tw_tpex_portal,證券櫃檯買賣中心,上櫃公司基本資料 mopsfin_t187ap03_O,2026-08-16
80640083,亞泰影像科技股份有限公司,"2F., No.880, Zhongzheng Rd.,Zhonghe Dist., New Taipei City 235, Taiw",725001040,TPEX,28,4974,src_tw_tpex_portal,證券櫃檯買賣中心,上櫃公司基本資料 mopsfin_t187ap03_O,2026-08-16
12927477,華星光通科技股份有限公司,"No.6, Hejiang  Road, Zhongli Dist.,Taoyuan City, Taiwan, R.O.C.",1423592840,TPEX,27,4979,src_tw_tpex_portal,證券櫃檯買賣中心,上櫃公司基本資料 mopsfin_t187ap03_O,2026-08-16
38612141,環宇通訊半導體控股股份有限公司,"23155 Kashiwa CourtTorrance, California, USA",1213435590,TPEX,24,4991,src_tw_tpex_portal,證券櫃檯買賣中心,上櫃公司基本資料 mopsfin_t187ap03_O,2026-08-16
70783202,晶達光電股份有限公司,"8F., No.137, Ln. 235, Baoqiao Rd.,Xindian Dist.,New Taipei City 231,Taiwan",425920360,TPEX,26,4995,src_tw_tpex_portal,證券櫃檯買賣中心,上櫃公司基本資料 mopsfin_t187ap03_O,2026-08-16
84252697,榮剛材料科技股份有限公司,"35, HSIN CHUNG ROAD, HSINYING CITYTAINAN HSIEN, TAIWAN 730",6024711970,TPEX,10,5009,src_tw_tpex_portal,證券櫃檯買賣中心,上櫃公司基本資料 mopsfin_t187ap03_O,2026-08-16
07926511,久陽精密股份有限公司,"25F-3, No. 502, Jiuru 1st Road, Sanmin District,Kaohsiung City,Taiwan",1006739220,TPEX,10,5011,src_tw_tpex_portal,證券櫃檯買賣中心,上櫃公司基本資料 mopsfin_t187ap03_O,2026-08-16
84703335,強新工業股份有限公司,"NO.12-19 LAI GUAN LIAU, CHIA LIE DIST.,TAINAN CITY TAIWAN R.O.C.",1334160000,TPEX,10,5013,src_tw_tpex_portal,證券櫃檯買賣中心,上櫃公司基本資料 mopsfin_t187ap03_O,2026-08-16
43912787,建錩實業股份有限公司,"No.178, Daguan Rd.,  Dayuan Dist,  Taoyuan City, TaiwanTaoyuan City, Taiwan R.O.C",1832650540,TPEX,10,5014,src_tw_tpex_portal,證券櫃檯買賣中心,上櫃公司基本資料 mopsfin_t187ap03_O,2026-08-16
12494555,華祺工業股份有限公司,"NO. 29, SUNG  CHIANG  NORTH  ROAD CHUNG LI  IND. PARK, TAIWAN  R.O.C.",606391890,TPEX,10,5015,src_tw_tpex_portal,證券櫃檯買賣中心,上櫃公司基本資料 mopsfin_t187ap03_O,2026-08-16
85611896,松和工業股份有限公司,"61,NAN-KONG 3 ROAD, NAN TOU CITY  NAN TOU HSIEN, TAIWAN, R.O.C.",496220760,TPEX,10,5016,src_tw_tpex_portal,證券櫃檯買賣中心,上櫃公司基本資料 mopsfin_t187ap03_O,2026-08-16
21261212,凱衛資訊股份有限公司,"5F., No.35, Ln. 11, Guangfu N. Rd., Songshan Dist.  Taipei 105, Taiwan, R.O.C.",386746000,TPEX,30,5201,src_tw_tpex_portal,證券櫃檯買賣中心,上櫃公司基本資料 mopsfin_t187ap03_O,2026-08-16
22645531,力新國際科技股份有限公司,"6F, No.15 Ln. 128, Xinhu 1st Rd., Neihu District,Taipei, Taiwan, R.O.C",890940000,TPEX,30,5202,src_tw_tpex_portal,證券櫃檯買賣中心,上櫃公司基本資料 mopsfin_t187ap03_O,2026-08-16
23533366,中茂能資系統整合科技(股)公司,"20 F., No. 175, Zhongzheng 2nd Rd., Lingya Dist., Kaohsiung CityKaohsiung City  , Taiwan, R.O.C.",135000000,TPEX,35,5205,src_tw_tpex_portal,證券櫃檯買賣中心,上櫃公司基本資料 mopsfin_t187ap03_O,2026-08-16
04738240,坤悅開發股份有限公司,"19F.-2,  No. 402, Shizheng Rd,Taichung City, Taiwan R.O.C.",1800933750,TPEX,14,5206,src_tw_tpex_portal,證券櫃檯買賣中心,上櫃公司基本資料 mopsfin_t187ap03_O,2026-08-16
22619999,新鼎系統股份有限公司,"11Fl., 16, Fushan Rd., Beitou Dist.,Taipei City 112037, Taiwan, R.O.C.",285513450,TPEX,20,5209,src_tw_tpex_portal,證券櫃檯買賣中心,上櫃公司基本資料 mopsfin_t187ap03_O,2026-08-16
23131763,寶碩財務科技股份有限公司,"6F.-1, No.358, Sec. 2, Bade Rd., Songshan Dist.Taipei City, Taiwan (R.O.C.)",821777790,TPEX,30,5210,src_tw_tpex_portal,證券櫃檯買賣中心,上櫃公司基本資料 mopsfin_t187ap03_O,2026-08-16
86287778,蒙恬科技股份有限公司,"7 F,No.47 Lane 2,Sec. 2,Kuang-Fu Rd.Hsinchu, Taiwan R.O.C",320247270,TPEX,30,5211,src_tw_tpex_portal,證券櫃檯買賣中心,上櫃公司基本資料 mopsfin_t187ap03_O,2026-08-16
16541333,凌網科技股份有限公司,"5F.-6, No.8, Taiyuan 1st St.,Zhubei City, Hsinchu County 302, Taiwan",346330000,TPEX,30,5212,src_tw_tpex_portal,證券櫃檯買賣中心,上櫃公司基本資料 mopsfin_t187ap03_O,2026-08-16
89961389,亞昕國際開發股份有限公司,"30F., No.555, Siyuan Rd., Xinzhuang Dist., New Taipei City 242034, TaiwanNew Taipei City, Taiwan (R.O.C.)",7213343260,TPEX,14,5213,src_tw_tpex_portal,證券櫃檯買賣中心,上櫃公司基本資料 mopsfin_t187ap03_O,2026-08-16
80082329,萬達光電科技股份有限公司,"No. 22, Dingping Rd., Su’ao Township, Yilan County 270008 , Taiwan (R.O.C.)Yilan County , Taiwan (R.O.C.)",396670000,TPEX,26,5220,src_tw_tpex_portal,證券櫃檯買賣中心,上櫃公司基本資料 mopsfin_t187ap03_O,2026-08-16
53000726,安力國際股份有限公司,"3 F., No. 558, Fugui Rd., Xinzhuang Dist.,New Taipei City , Taiwan",445497810,TPEX,25,5223,src_tw_tpex_portal,證券櫃檯買賣中心,上櫃公司基本資料 mopsfin_t187ap03_O,2026-08-16
31604336,蓋曼群島商立凱電能科技(股)公司,"No. 236, Huannan Road,Guanyin District, Taoyuan City",960000000,TPEX,28,5227,src_tw_tpex_portal,證券櫃檯買賣中心,上櫃公司基本資料 mopsfin_t187ap03_O,2026-08-16
86667046,鈺鎧科技股份有限公司,"No.15, Jingke E. Road, Nantun Dist.,Taichung, Code:40852Taichung, Taiwan",380562530,TPEX,28,5228,src_tw_tpex_portal,證券櫃檯買賣中心,上櫃公司基本資料 mopsfin_t187ap03_O,2026-08-16
28951775,雷笛克光學股份有限公司,"15F,NO.655,BANNA RD.,Zhonghe Dist,New Taipei City,Taiwan.",559767300,TPEX,26,5230,src_tw_tpex_portal,證券櫃檯買賣中心,上櫃公司基本資料 mopsfin_t187ap03_O,2026-08-16
28023412,智晶光電股份有限公司,"NO.8, KEBEI RD. 2SCIENCE PARK, CHU-NAN, MIAOLI COUNTY 350",451271410,TPEX,26,5245,src_tw_tpex_portal,證券櫃檯買賣中心,上櫃公司基本資料 mopsfin_t187ap03_O,2026-08-16
86710851,天鉞電子股份有限公司,"3F-3., No. 700, Zhongzheng Rd.,Zhonghe Dist., New Taipei City,Taiwan",337333770,TPEX,26,5251,src_tw_tpex_portal,證券櫃檯買賣中心,上櫃公司基本資料 mopsfin_t187ap03_O,2026-08-16
13158496,智崴資訊科技股份有限公司,"No.9, Fuxing 4th Rd., Qianzhen Dist.,Kaohsiung City 806, Taiwan",739368910,TPEX,32,5263,src_tw_tpex_portal,證券櫃檯買賣中心,上櫃公司基本資料 mopsfin_t187ap03_O,2026-08-16
27952369,笙科電子股份有限公司,"10F., No.18, Taiyuan St.,Zhubei City,Hsinchu County,Taiwan,R.O.C.",552761180,TPEX,24,5272,src_tw_tpex_portal,證券櫃檯買賣中心,上櫃公司基本資料 mopsfin_t187ap03_O,2026-08-16
27490748,信驊科技股份有限公司,"4F., No. 1, Sec. 3, Gongdao 5th Rd., East Dist.HSINCHU CITY  TAIWAN",415829530,TPEX,24,5274,src_tw_tpex_portal,證券櫃檯買賣中心,上櫃公司基本資料 mopsfin_t187ap03_O,2026-08-16
38547064,達輝股份有限公司,"3F, No.27 ,Alley 16, Lane 337, Sec.1,Ta-Tung Rd.,New Taipei City 22161, Taiwan",395000000,TPEX,20,5276,src_tw_tpex_portal,證券櫃檯買賣中心,上櫃公司基本資料 mopsfin_t187ap03_O,2026-08-16
80283629,尚凡國際創新科技股份有限公司,"5F., No.37, Sec. 3, Roosevelt Rd., Da-an District,Taipei City 106, TaiwanTaipei City , Taiwan",300000000,TPEX,36,5278,src_tw_tpex_portal,證券櫃檯買賣中心,上櫃公司基本資料 mopsfin_t187ap03_O,2026-08-16
28466605,數字科技股份有限公司,"10F, NO.12, LANE 609, SEC.5, CHUGSHIN RD.,SANCHONG CITY, TAIPEI TAIWAN R.O.C",603105500,TPEX,36,5287,src_tw_tpex_portal,證券櫃檯買賣中心,上櫃公司基本資料 mopsfin_t187ap03_O,2026-08-16
27565769,宜鼎國際股份有限公司,"5F., No.237, Sec. 1, Datong Rd., Xizhi Dist.New Taipei City 221, Taiwan",963374170,TPEX,25,5289,src_tw_tpex_portal,證券櫃檯買賣中心,上櫃公司基本資料 mopsfin_t187ap03_O,2026-08-16
84808400,邑昇實業股份有限公司,"No.2,Jhonghua Lane,Shanying Rd.,Gueishan Township,Taoyuan County  Taiwan",418906060,TPEX,28,5291,src_tw_tpex_portal,證券櫃檯買賣中心,上櫃公司基本資料 mopsfin_t187ap03_O,2026-08-16
28935446,杰力科技股份有限公司,"4F.-1, No.22, Taiyuan St., Jhubei City,Hsinchu County 30288, Taiwan (R.O.C.)",508889810,TPEX,24,5299,src_tw_tpex_portal,證券櫃檯買賣中心,上櫃公司基本資料 mopsfin_t187ap03_O,2026-08-16
30866141,寶得利國際股份有限公司,"6 F., No. 51, Sec. 2, Keelung Rd., Xinyi Dist., Taipei City 110502.Taipei,Taiwan,R.O.C.",658903040,TPEX,16,5301,src_tw_tpex_portal,證券櫃檯買賣中心,上櫃公司基本資料 mopsfin_t187ap03_O,2026-08-16
47255828,太欣半導體股份有限公司,"NO.1,ALLEY 30,LANE 358,RUEIGUANG  RD. ,NEIHU DISTRICT ,    TAIPEI,TAIWAN,R.O.C.",1598883490,TPEX,24,5302,src_tw_tpex_portal,證券櫃檯買賣中心,上櫃公司基本資料 mopsfin_t187ap03_O,2026-08-16
20768310,系統電子工業股份有限公司,"6F., No.1, Sec. 1, Tiding Blvd., Neihu Dist.,Taipei City, Taiwan (R.O.C.)",2303660630,TPEX,28,5309,src_tw_tpex_portal,證券櫃檯買賣中心,上櫃公司基本資料 mopsfin_t187ap03_O,2026-08-16
23534251,天剛資訊股份有限公司,"Rm. 2, 8F., No. 81,Sec. 2, Chengde Rd.,Datong DistTaipei, Taiwan, R.O.C.",289435170,TPEX,30,5310,src_tw_tpex_portal,證券櫃檯買賣中心,上櫃公司基本資料 mopsfin_t187ap03_O,2026-08-16
23530966,寶島光學科技股份有限公司,"16F,NO.97,Sec.1,Xintai, 5th Rd.,Xizhi Dist.,New Taipei City,Taiwan,R.O.C",600598980,TPEX,22,5312,src_tw_tpex_portal,證券櫃檯買賣中心,上櫃公司基本資料 mopsfin_t187ap03_O,2026-08-16
22099815,世紀民生科技股份有限公司,"No. 248-8, Sec. 2, Yonghua Rd., Anping Distainan City 708 , Taiwan (R.O.C.)",146000000,TPEX,20,5314,src_tw_tpex_portal,證券櫃檯買賣中心,上櫃公司基本資料 mopsfin_t187ap03_O,2026-08-16
22100405,光聯科技股份有限公司,"No.12,Chien-Kuo Road,T.T.I.P. Tantzu Dist.,Taichung City 42760, Taiwan R.O.C.",1063518320,TPEX,26,5315,src_tw_tpex_portal,證券櫃檯買賣中心,上櫃公司基本資料 mopsfin_t187ap03_O,2026-08-16
44043132,美而快國際股份有限公司,"9F., No.29, Ln. 203, Chongyang Rd., Nangang Dist.,TAIPEI CITY 115, TAIWAN R.O.C.",595431490,TPEX,36,5321,src_tw_tpex_portal,證券櫃檯買賣中心,上櫃公司基本資料 mopsfin_t187ap03_O,2026-08-16
05147030,士林開發股份有限公司,"8F., No.90, SEC 6, CHUNG-SHAN N. RD  TAIPEI, TAIWAN R.O.C.",2263790900,TPEX,14,5324,src_tw_tpex_portal,證券櫃檯買賣中心,上櫃公司基本資料 mopsfin_t187ap03_O,2026-08-16
76409479,華容股份有限公司,"1F.,No.5,Ln.60,Mingui St.,Daliao Dist.,Kaohsiung City 83146,Taiwan(R.O.C.)",1727107240,TPEX,28,5328,src_tw_tpex_portal,證券櫃檯買賣中心,上櫃公司基本資料 mopsfin_t187ap03_O,2026-08-16
86691377,建榮工業材料股份有限公司,"No.277, Ming Fong Rd.,Yang Mei District, Taoyuan City, Taiwan",1948939640,TPEX,28,5340,src_tw_tpex_portal,證券櫃檯買賣中心,上櫃公司基本資料 mopsfin_t187ap03_O,2026-08-16
22099316,立衛科技股份有限公司,"NO.9  LI-HSIN RD. V., SCIENCE-BASED INDUSTRIAL PARK,HSIN CHU, TAIWAN, R.O.C.",794474600,TPEX,24,5344,src_tw_tpex_portal,證券櫃檯買賣中心,上櫃公司基本資料 mopsfin_t187ap03_O,2026-08-16
23827860,馥鴻建設股份有限公司,"7 F., No. 65, Sec. 3, Nanjing E. Rd., Zhongshan Dist.Taipei City 104107, Taiwan (R.O.C.)",377950000,TPEX,20,5345,src_tw_tpex_portal,證券櫃檯買賣中心,上櫃公司基本資料 mopsfin_t187ap03_O,2026-08-16
84149358,世界先進積體電路股份有限公司,"123, Park Ave -3rd, Hsinchu Science Park,Hsinchu, Taiwan 30077, R. O. C.",18795675500,TPEX,24,5347,src_tw_tpex_portal,證券櫃檯買賣中心,上櫃公司基本資料 mopsfin_t187ap03_O,2026-08-16
22099673,正能量智能股份有限公司,"3F,NO.31, Ke Jung Rd.,Hsinchu Science Park, Chu-Nan, Miao-Li,Taiwan 350, R.O.CMiao-Li,Taiwan , ROC",147759170,TPEX,37,5348,src_tw_tpex_portal,證券櫃檯買賣中心,上櫃公司基本資料 mopsfin_t187ap03_O,2026-08-16
22099694,鈺創科技股份有限公司,"No. 6, Technology Road 5, Hsinchu Science Park  Hsinchu, Taiwan 300092, R.O.C.",3284647810,TPEX,24,5351,src_tw_tpex_portal,證券櫃檯買賣中心,上櫃公司基本資料 mopsfin_t187ap03_O,2026-08-16
12278439,台林電通股份有限公司,"NO.10 RUNGAN ROAD LUZHU DISTRICT,TAOYUAN CITY,TAIWAN",757650000,TPEX,27,5353,src_tw_tpex_portal,證券櫃檯買賣中心,上櫃公司基本資料 mopsfin_t187ap03_O,2026-08-16
23063420,佳總興業股份有限公司,"No. 39-4, Singbang Rd., Taoyuan Dist., Taoyuan City 330, Taiwan (R.O.C.) TAOYUAN TAIWAN. R.O.C",1661227920,TPEX,28,5355,src_tw_tpex_portal,證券櫃檯買賣中心,上櫃公司基本資料 mopsfin_t187ap03_O,2026-08-16
35229109,協益電子股份有限公司,"3F., No.49, Guanqian Rd., Zhongzheng Dist.,Taipei City 100, Taiwan (R.O.C.)",1030400000,TPEX,25,5356,src_tw_tpex_portal,證券櫃檯買賣中心,上櫃公司基本資料 mopsfin_t187ap03_O,2026-08-16
23615486,力麗觀光開發股份有限公司,"3F, No.162, Sung Chiang RdTaipei,Taiwan,R.O.C",638499400,TPEX,16,5364,src_tw_tpex_portal,證券櫃檯買賣中心,上櫃公司基本資料 mopsfin_t187ap03_O,2026-08-16
22099907,中強光電股份有限公司,"No 11, Li Hsing Rd, Science Park,,  Hsinchu, TaiwanHsinchu, Taiwan",3909811100,TPEX,26,5371,src_tw_tpex_portal,證券櫃檯買賣中心,上櫃公司基本資料 mopsfin_t187ap03_O,2026-08-16
86332422,光譜電工股份有限公司,"38-1 TUNG YUAN RDCHUNG-LI TAOYUAN HSIEN, TAIWAN",2076905620,TPEX,05,5381,src_tw_tpex_portal,證券櫃檯買賣中心,上櫃公司基本資料 mopsfin_t187ap03_O,2026-08-16
21224842,青雲國際科技股份有限公司,"6F, No.716, Chung Cheng Rd.,  ChungHo District,New Taipei City, Taiwan",541213220,TPEX,25,5386,src_tw_tpex_portal,證券櫃檯買賣中心,上櫃公司基本資料 mopsfin_t187ap03_O,2026-08-16
84901089,能率創新股份有限公司,"10F, No.101, Fu-Hsing North Road Taipei, Taiwan 105, R.O.CTaipei,Taiwan,R.O.C",1765621450,TPEX,26,5392,src_tw_tpex_portal,證券櫃檯買賣中心,上櫃公司基本資料 mopsfin_t187ap03_O,2026-08-16
04669623,慕康生技醫藥股份有限公司,"16F.-1, No.239, Sec. 1, Datong Rd., Xizhi Dist.,New Taipei City 221, Taiwan(R.O.C)",494654600,TPEX,20,5398,src_tw_tpex_portal,證券櫃檯買賣中心,上櫃公司基本資料 mopsfin_t187ap03_O,2026-08-16
12358067,中菲電腦股份有限公司,"8th FL.No.151,Xing'ai Rd.,Neihu Dist   Taipei Taiwan, R.O.C",781761230,TPEX,30,5403,src_tw_tpex_portal,證券櫃檯買賣中心,上櫃公司基本資料 mopsfin_t187ap03_O,2026-08-16
01517124,國眾電腦股份有限公司,"3F, No. 298, Yang Guang St., Neihu Dist.,Taipei 11491, Taiwan, R.O.C.",922846230,TPEX,30,5410,src_tw_tpex_portal,證券櫃檯買賣中心,上櫃公司基本資料 mopsfin_t187ap03_O,2026-08-16
34286449,台灣半導體股份有限公司,"11Fl., No. 205, Sec. 3, Beishin Rd., Xindian Dist.,New Taipei City 231, Taiwan, R.O.C.",2634854860,TPEX,24,5425,src_tw_tpex_portal,證券櫃檯買賣中心,上櫃公司基本資料 mopsfin_t187ap03_O,2026-08-16
35320697,振發實業股份有限公司,"No. 25, Sec. 2, Guangfu Rd., Sanchong Dist,New Taipei City, TAIWAN, R.O.C.",1438000000,TPEX,25,5426,src_tw_tpex_portal,證券櫃檯買賣中心,上櫃公司基本資料 mopsfin_t187ap03_O,2026-08-16
23746488,新門科技股份有限公司,"6F, No.42, Shing Jung Rd.,Nei Hu Dist., Taipei, Taiwan, R.O.C.",206878040,TPEX,35,5432,src_tw_tpex_portal,證券櫃檯買賣中心,上櫃公司基本資料 mopsfin_t187ap03_O,2026-08-16
16091527,東友科技股份有限公司,"12F, No. 503, Sec. 6, Nanjing E. Rd., Neihu Dist.,Taipei City 114057, Taiwan",1125365650,TPEX,25,5438,src_tw_tpex_portal,證券櫃檯買賣中心,上櫃公司基本資料 mopsfin_t187ap03_O,2026-08-16
22773079,高技企業股份有限公司,"No.3,Lane 43,Hsing Pang Rd.Taoyuan District,Taoyuan City,Taiwan 330",929757520,TPEX,28,5439,src_tw_tpex_portal,證券櫃檯買賣中心,上櫃公司基本資料 mopsfin_t187ap03_O,2026-08-16
33838628,均豪精密工業股份有限公司,"No. 5-1, Innovation 1st Rd., SBIP300 Hsinchu, Taiwan, R.O.C",1647466440,TPEX,24,5443,src_tw_tpex_portal,證券櫃檯買賣中心,上櫃公司基本資料 mopsfin_t187ap03_O,2026-08-16
23438530,南良國際股份有限公司,"6F, NO.349, YANG-KUANG ST., NEI-HUTAIPEI, TAIWAN, R.O.C.",1224032390,TPEX,20,5450,src_tw_tpex_portal,證券櫃檯買賣中心,上櫃公司基本資料 mopsfin_t187ap03_O,2026-08-16
86266274,佶優科技股份有限公司,"NO. 8 TZU CHIANG STREET,  TUCHENG DIST., NEW TAIPEI CITY, TAIWAN",1487636690,TPEX,31,5452,src_tw_tpex_portal,證券櫃檯買賣中心,上櫃公司基本資料 mopsfin_t187ap03_O,2026-08-16
86233176,昇益開發股份有限公司,"11F,No.417,Sec.2 Kung Dao Wu Rd. ,Hsinchu, 300 Taiwan, R.O.C.",655018130,TPEX,14,5455,src_tw_tpex_portal,證券櫃檯買賣中心,上櫃公司基本資料 mopsfin_t187ap03_O,2026-08-16
23866949,宣德科技股份有限公司,"No.568, Sec.1, Mingsheng N. Road,Guishan District,Taoyuan City, Taiwan",1964288000,TPEX,28,5457,src_tw_tpex_portal,證券櫃檯買賣中心,上櫃公司基本資料 mopsfin_t187ap03_O,2026-08-16
33701355,同協電子股份有限公司,"1 Lane 429,Ming-An RoadHsin-Chuang District, New Taipei City",587781300,TPEX,28,5460,src_tw_tpex_portal,證券櫃檯買賣中心,上櫃公司基本資料 mopsfin_t187ap03_O,2026-08-16
89396770,霖宏科技股份有限公司,NO.6  CHUNG-SHAN RD. MIN-HSIUNG INDUSTRIAL  PARKCHIAYI   HSIEN.   TAIWAN  R.O.C,710714900,TPEX,28,5464,src_tw_tpex_portal,證券櫃檯買賣中心,上櫃公司基本資料 mopsfin_t187ap03_O,2026-08-16
36270626,富驊企業股份有限公司,"NO.225,LANE 54,SEC.2,AN HO ROND.TAINAN, TAIWAN, R.O.C.",1476826290,TPEX,25,5465,src_tw_tpex_portal,證券櫃檯買賣中心,上櫃公司基本資料 mopsfin_t187ap03_O,2026-08-16
84149245,凱鈺科技股份有限公司,"No. 6, Technology Road 5, Hsinchu Science ParkHsinchu, Taiwan 30078, R.O.C.",589229090,TPEX,24,5468,src_tw_tpex_portal,證券櫃檯買賣中心,上櫃公司基本資料 mopsfin_t187ap03_O,2026-08-16
23902678,聰泰科技開發股份有限公司,"18F,No.88,Sec.2,Chunghsiao E.Rd.,Taipei 100,Taiwan",397569440,TPEX,25,5474,src_tw_tpex_portal,證券櫃檯買賣中心,上櫃公司基本資料 mopsfin_t187ap03_O,2026-08-16
97178087,德宏工業股份有限公司,No.718 Sec.2 Yang-Hoo Rd.Yang-Mei Dist Tao-Yuan City,1271270170,TPEX,28,5475,src_tw_tpex_portal,證券櫃檯買賣中心,上櫃公司基本資料 mopsfin_t187ap03_O,2026-08-16
81231585,智冠科技股份有限公司,"13F., No. 1-16,  Kuojian Rd.,  Chianjen Chiu,Kaohsiung,  Taiwan  806,  R.O.C",1560743320,TPEX,32,5478,src_tw_tpex_portal,證券櫃檯買賣中心,上櫃公司基本資料 mopsfin_t187ap03_O,2026-08-16
23790625,新華泰富股份有限公司,"8-1st F., No. 328 ,Changchun Rd., Zhongshan Disc., Taipei, TaiwanTaiwan(R.O.C.)",714028910,TPEX,20,5481,src_tw_tpex_portal,證券櫃檯買賣中心,上櫃公司基本資料 mopsfin_t187ap03_O,2026-08-16
47238650,中美矽晶製品股份有限公司,"4F, No. 8. Industrial East Road 2, Hsinchu Science Park, Taiwan, R.O.C.   Hsinchu, Taiwan, R.O.C.",6412216510,TPEX,24,5483,src_tw_tpex_portal,證券櫃檯買賣中心,上櫃公司基本資料 mopsfin_t187ap03_O,2026-08-16
22321575,通泰積體電路股份有限公司,"6F, NO.166, CHIEN-I RD.,ZHONGHE DIST., NEW TAIPEI CITY, TAIWAN",242225160,TPEX,24,5487,src_tw_tpex_portal,證券櫃檯買賣中心,上櫃公司基本資料 mopsfin_t187ap03_O,2026-08-16
43900488,松普科技股份有限公司,"No.3, Dinghu 5th St. Guishan Dist., Taoyuan City 333008, Taiwan(R.O.C.)TAOYUAN CITY. TAIWAN. R.O.C",915861240,TPEX,28,5488,src_tw_tpex_portal,證券櫃檯買賣中心,上櫃公司基本資料 mopsfin_t187ap03_O,2026-08-16
86157450,彩富電子股份有限公司,"No. 116, Jou Tz Street, NeihuTaipei 114, Taiwan",1027064410,TPEX,31,5489,src_tw_tpex_portal,證券櫃檯買賣中心,上櫃公司基本資料 mopsfin_t187ap03_O,2026-08-16
84149929,同亨科技股份有限公司,"4F.,No 30,INDUSTRY E. RD. IX, SCIENCE-BASED INDUSTRIAL PARK  HSIN-CHU, TAIWAN",961522010,TPEX,25,5490,src_tw_tpex_portal,證券櫃檯買賣中心,上櫃公司基本資料 mopsfin_t187ap03_O,2026-08-16
03051501,三聯科技股份有限公司,"5F-3 ,No. 390 , Fu-Hsing  S. Rd., Sec. 1,Taipei 106 , Taiwan , R.O.C.",436892550,TPEX,31,5493,src_tw_tpex_portal,證券櫃檯買賣中心,上櫃公司基本資料 mopsfin_t187ap03_O,2026-08-16
97326828,凱崴電子股份有限公司,"NO. 32,Singbang Rd.TAOYUAN City,  TAIWAN,  R.O.C.",1935485450,TPEX,28,5498,src_tw_tpex_portal,證券櫃檯買賣中心,上櫃公司基本資料 mopsfin_t187ap03_O,2026-08-16
22417810,永信建設開發股份有限公司,"12F  NO.183 LIOW HER ROAD KAOSHSIUNG, TAIWAN ,ROC",2174281330,TPEX,14,5508,src_tw_tpex_portal,證券櫃檯買賣中心,上櫃公司基本資料 mopsfin_t187ap03_O,2026-08-16
22132814,德昌營造股份有限公司,"1F., No.401-1, Wuquan Rd., North Dist,Taichung City , Taiwan (R.O.C.)",1360000000,TPEX,14,5511,src_tw_tpex_portal,證券櫃檯買賣中心,上櫃公司基本資料 mopsfin_t187ap03_O,2026-08-16
86690644,力麒建設股份有限公司,"8F., No.99, Jilin Rd., Jhongshan Dist.,  Taipei City 104, Taiwan (R.O.C.)",7663124940,TPEX,14,5512,src_tw_tpex_portal,證券櫃檯買賣中心,上櫃公司基本資料 mopsfin_t187ap03_O,2026-08-16
22817225,三豐建設股份有限公司,"7F,NO.173 CHANG AN EAST ROAD SEC.2TAIPEI  TAIWAN",2361182800,TPEX,14,5514,src_tw_tpex_portal,證券櫃檯買賣中心,上櫃公司基本資料 mopsfin_t187ap03_O,2026-08-16
47254476,雙喜營造股份有限公司,"186 MIN TSU RD  HSIN-CHU,TAIWAN,R.O.C",515452230,TPEX,14,5516,src_tw_tpex_portal,證券櫃檯買賣中心,上櫃公司基本資料 mopsfin_t187ap03_O,2026-08-16
66410981,力泰建設企業股份有限公司,"NO.7 , SEC7 , YIEN-PING NORTH ROAD , SELIN DISTRICT ,  TAIPEI CITY , TAIWAN , R.O.C.",599752450,TPEX,14,5520,src_tw_tpex_portal,證券櫃檯買賣中心,上櫃公司基本資料 mopsfin_t187ap03_O,2026-08-16
66629349,豐謙建設股份有限公司,"25F.-1, No.501, Sec. 2, Taiwan Blvd., West Dist., Taichung City 403, TaiwanTAICHUNG  CITY, TAIWAN, ROC",1550014640,TPEX,14,5523,src_tw_tpex_portal,證券櫃檯買賣中心,上櫃公司基本資料 mopsfin_t187ap03_O,2026-08-16
58250510,鉅陞國際開發股份有限公司,"12 F.-3, No. 633, Sanhe 1st Ln., Xitun Dist.,Taichung City 407047, Taiwan (R.O.C.)",1057693500,TPEX,14,5529,src_tw_tpex_portal,證券櫃檯買賣中心,上櫃公司基本資料 mopsfin_t187ap03_O,2026-08-16
22415496,龍巖股份有限公司,"16F., No. 195, Jingmao 2nd Rd., Nangang Dist.,Taipei City 115018, Taiwan (R.O.C.)",4200841990,TPEX,20,5530,src_tw_tpex_portal,證券櫃檯買賣中心,上櫃公司基本資料 mopsfin_t187ap03_O,2026-08-16
52524653,聖暉工程科技股份有限公司,"19F.-1, No.201, Sec. 2, Wenxin Rd., Xitun Dist.,Taichung City 40758, Taiwan (R.O.C.)",620404650,TPEX,31,5536,src_tw_tpex_portal,證券櫃檯買賣中心,上櫃公司基本資料 mopsfin_t187ap03_O,2026-08-16
47532886,桓鼎股份有限公司,"13 F., No. 880, Zhongzheng Rd., Zhonghe Dist.New Taipei City 235015, Taiwan (R.O.C.)",467035930,TPEX,14,5543,src_tw_tpex_portal,證券櫃檯買賣中心,上櫃公司基本資料 mopsfin_t187ap03_O,2026-08-16
84548046,久舜營造股份有限公司,"2F., No. 257, Xinhu 2nd Rd.Neihu Dist., Taipei City 11494, Taiwan",452880000,TPEX,14,5547,src_tw_tpex_portal,證券櫃檯買賣中心,上櫃公司基本資料 mopsfin_t187ap03_O,2026-08-16
04267141,安倉營造股份有限公司,"6F, No. 223, Songjiang Rd., Zhongshan Dist.,Taipei Taiwan R.O.C.",585290130,TPEX,14,5548,src_tw_tpex_portal,證券櫃檯買賣中心,上櫃公司基本資料 mopsfin_t187ap03_O,2026-08-16
00701122,臺聯貨櫃通運股份有限公司,"2,SAN HO ST.,TUNAN LI.CHI-TU DISTKEELUNG TAIWAN R.O.C.",648000000,TPEX,15,5601,src_tw_tpex_portal,證券櫃檯買賣中心,上櫃公司基本資料 mopsfin_t187ap03_O,2026-08-16
04927158,陸海股份有限公司,"12F,171-1 SEC. 2, TA -TUNG RD. HSI CHIH DISTRICT,NEW TAIPEI CITY,TAIWAN,R.O.C.HSI CHIH DISTRICT,NEW TAIPEI CITY,TAIWAN",1048766070,TPEX,15,5603,src_tw_tpex_portal,證券櫃檯買賣中心,上櫃公司基本資料 mopsfin_t187ap03_O,2026-08-16
51125209,中連誠企業股份有限公司,"Industrial Park , First Road , No 7Taichung,Taiwan,R.O. C.",1087829680,TPEX,20,5604,src_tw_tpex_portal,證券櫃檯買賣中心,上櫃公司基本資料 mopsfin_t187ap03_O,2026-08-16
01176152,中菲行國際物流股份有限公司,"11/12F, No.160, Min Chuan East Rd., Sec 6 Taipei, Taiwan",1428840000,TPEX,15,5609,src_tw_tpex_portal,證券櫃檯買賣中心,上櫃公司基本資料 mopsfin_t187ap03_O,2026-08-16
22265047,劍湖山世界股份有限公司,"67 TA-HU-KOU,YONG-KWANG VILLAGE,KOO-KUNG HSIANG,YUNELIN HSIEN,TAIWAN,R.O.C.",1430000000,TPEX,16,5701,src_tw_tpex_portal,證券櫃檯買賣中心,上櫃公司基本資料 mopsfin_t187ap03_O,2026-08-16
12144501,亞都麗緻大飯店股份有限公司,"41, MIN CHUAN EAST ROAD.,SEC. 2, TAIPEI, TAIWAN,104, R.O.C.",702395940,TPEX,16,5703,src_tw_tpex_portal,證券櫃檯買賣中心,上櫃公司基本資料 mopsfin_t187ap03_O,2026-08-16
23637974,知本老爺大酒店股份有限公司,"No.23,Lane 113,Long Chuien Rd.Wen Chuien Village,Peinan Hsiang   Taitung Taiwan,R.O.C",588616580,TPEX,16,5704,src_tw_tpex_portal,證券櫃檯買賣中心,上櫃公司基本資料 mopsfin_t187ap03_O,2026-08-16
23530683,致和證券股份有限公司,"10,SEC 3,SHI-MAN RD,   TAINAN  TAIWAN",5044900840,TPEX,17,5864,src_tw_tpex_portal,證券櫃檯買賣中心,上櫃公司基本資料 mopsfin_t187ap03_O,2026-08-16
80287239,台名保險經紀人股份有限公司,"11F.,No.49,Guanqian Rd.Taipei City,Taiwan,R.O.C",250243030,TPEX,17,5878,src_tw_tpex_portal,證券櫃檯買賣中心,上櫃公司基本資料 mopsfin_t187ap03_O,2026-08-16
22358925,德記洋行股份有限公司,"No.301, Zhongzheng Rd., Yongkang Dist.,Tainan City 71001, Taiwan (R.O.C.)",945000000,TPEX,38,5902,src_tw_tpex_portal,證券櫃檯買賣中心,上櫃公司基本資料 mopsfin_t187ap03_O,2026-08-16
23060248,全家便利商店股份有限公司,"7F.,No.61,Section2,Chung-Shan N.Road.  Taipei,Taiwan,R.O.C",2232200000,TPEX,38,5903,src_tw_tpex_portal,證券櫃檯買賣中心,上櫃公司基本資料 mopsfin_t187ap03_O,2026-08-16
97151664,寶雅國際股份有限公司,"No. 74, Sec. 3, Minzu Rd. West Central Dist. Tainan,Taiwan R.O.C",1064438260,TPEX,38,5904,src_tw_tpex_portal,證券櫃檯買賣中心,上櫃公司基本資料 mopsfin_t187ap03_O,2026-08-16
23524280,南仁湖育樂股份有限公司,"21F-2,No.206,guanghua 1 st Rd.Lingya dist, Kaohsiung, TAIWAN",2816232350,TPEX,16,5905,src_tw_tpex_portal,證券櫃檯買賣中心,上櫃公司基本資料 mopsfin_t187ap03_O,2026-08-16
03027502,宏遠證券股份有限公司,"3-5F & 7F., No. 236,  Sec. 4, Hsin-I  Rd.Taipei, Taiwan 106, R.O.C",4036140820,TPEX,17,6015,src_tw_tpex_portal,證券櫃檯買賣中心,上櫃公司基本資料 mopsfin_t187ap03_O,2026-08-16
23824511,康和綜合證券股份有限公司,"B1.B2,NO.176,SEC.1,KEELUNG  RD.,TAIPEI , TAIWAN , R.O.C",6865955080,TPEX,17,6016,src_tw_tpex_portal,證券櫃檯買賣中心,上櫃公司基本資料 mopsfin_t187ap03_O,2026-08-16
22955802,大展證券股份有限公司,"17FL., NO.17, SEC.1,Chengde  Rd.,Datong Dist.,TAIPEI TAIWAN R.O.C.",2523531540,TPEX,17,6020,src_tw_tpex_portal,證券櫃檯買賣中心,上櫃公司基本資料 mopsfin_t187ap03_O,2026-08-16
22957098,美好證券股份有限公司,"4TH FLOOR, NO. 176, SEC. 2,MIN-SHENG EAST ROADTAIPEI, TAIWAN, R. O. C.",3122309740,TPEX,17,6021,src_tw_tpex_portal,證券櫃檯買賣中心,上櫃公司基本資料 mopsfin_t187ap03_O,2026-08-16
97179282,元大期貨股份有限公司,"Part of 2F, and 3F & 4F& 5F., No.77, Sec. 2, Nanjing E. Rd., Zhongshan DistTaipei 104, Taiwan R.O.C.",3679727320,TPEX,17,6023,src_tw_tpex_portal,證券櫃檯買賣中心,上櫃公司基本資料 mopsfin_t187ap03_O,2026-08-16
23471214,福邦證券股份有限公司,"5.6.7F., No.6, Sec. 1, Zhongxiao W. Rd.,Taipei, Taiwan",3961618410,TPEX,17,6026,src_tw_tpex_portal,證券櫃檯買賣中心,上櫃公司基本資料 mopsfin_t187ap03_O,2026-08-16
84200994,公勝保險經紀人股份有限公司,"Rm. 4, 4F., No.93, Dashun 1st Rd., Zuoying Dist.Kaohsiung City 813, Taiwan( R.O.C.)",250000000,TPEX,17,6028,src_tw_tpex_portal,證券櫃檯買賣中心,上櫃公司基本資料 mopsfin_t187ap03_O,2026-08-16
23466893,寬魚國際股份有限公司,"12F., No.268, Sec. 2, Fusing S. Rd., Da’an Dist.Taipei City 106, Taiwan (R.O.C.)",1146183710,TPEX,32,6101,src_tw_tpex_portal,證券櫃檯買賣中心,上櫃公司基本資料 mopsfin_t187ap03_O,2026-08-16
84149569,合邦電子股份有限公司,"8F, NO.11, PARK AVE. RD. II, SCIENCE-BASED PARKHSIN CHU, TAIWAN, R.O.C.",136048910,TPEX,24,6103,src_tw_tpex_portal,證券櫃檯買賣中心,上櫃公司基本資料 mopsfin_t187ap03_O,2026-08-16
97435451,創惟科技股份有限公司,"13F., No.205, Sec.3,Beixin Rd.,Xindian Dist., New Taipei City,Taiwan",911271070,TPEX,24,6104,src_tw_tpex_portal,證券櫃檯買賣中心,上櫃公司基本資料 mopsfin_t187ap03_O,2026-08-16
23727428,亞元科技股份有限公司,"7F,AAEON Building, No.43,Sec.4,Keelung Rd., Taipei City 10607,Taiwan R.O.CTaipei,Taiwan",878254140,TPEX,27,6109,src_tw_tpex_portal,證券櫃檯買賣中心,上櫃公司基本資料 mopsfin_t187ap03_O,2026-08-16
16612907,光聚晶電聯合股份有限公司,"7F., No. 8, Ln. 11, Sec. 2, Dunhua S. Rd., Da’an Dist.Taipei City 106, Taiwan, R.O.C.",1085110510,TPEX,32,6111,src_tw_tpex_portal,證券櫃檯買賣中心,上櫃公司基本資料 mopsfin_t187ap03_O,2026-08-16
22033899,亞矽科技股份有限公司,"7F., No. 58, Jhouzih St.,Neihu District, Taipei, Taiwan, R.O.C.",525494550,TPEX,29,6113,src_tw_tpex_portal,證券櫃檯買賣中心,上櫃公司基本資料 mopsfin_t187ap03_O,2026-08-16
43880075,久威國際股份有限公司,"3F., No.39, Ln. 365, Yangguang St., Neihu Dist., Taipei City 114Taipei City , Taiwan, R.O.C.",439119370,TPEX,28,6114,src_tw_tpex_portal,證券櫃檯買賣中心,上櫃公司基本資料 mopsfin_t187ap03_O,2026-08-16
89621848,建達國際股份有限公司,"5F., No.531, Zhongzheng Rd.,Xindian Dist.,New Taipei City 231, Taiwan(R.O.C.)",908895730,TPEX,29,6118,src_tw_tpex_portal,證券櫃檯買賣中心,上櫃公司基本資料 mopsfin_t187ap03_O,2026-08-16
86620351,新普科技股份有限公司,"NO.471 SEC.2 BADE RD., HUKOU TOWNSHIPHSINCHU COUNTY 30348, TAIWAN(R.O.C.)",1849705190,TPEX,25,6121,src_tw_tpex_portal,證券櫃檯買賣中心,上櫃公司基本資料 mopsfin_t187ap03_O,2026-08-16
05114306,擎邦國際科技工程股份有限公司,"5th floor, 210, Ruiguang Rd., Neihu DistTaipei, Taiwan",780916320,TPEX,05,6122,src_tw_tpex_portal,證券櫃檯買賣中心,上櫃公司基本資料 mopsfin_t187ap03_O,2026-08-16
86162989,上奇科技股份有限公司,"3F,No.33,Lane 76,Rui Guang Rd.Taipei, R.O.C.",620894300,TPEX,30,6123,src_tw_tpex_portal,證券櫃檯買賣中心,上櫃公司基本資料 mopsfin_t187ap03_O,2026-08-16
84900878,業強科技股份有限公司,"7F., NO.19-13, SANCHONG RD., NANGANG DIST., TAIPEI CITY 115, TAIWAN (R.O.C.)Taipei City , Taiwan (R.O.C)",1824799450,TPEX,28,6124,src_tw_tpex_portal,證券櫃檯買賣中心,上櫃公司基本資料 mopsfin_t187ap03_O,2026-08-16
04757891,廣運機械工程股份有限公司,"No. 69, Ting Ping Rd., Juifang Industrial Zone,Taipei Hsien, Taiwan,  R.O.C.",2590111500,TPEX,05,6125,src_tw_tpex_portal,證券櫃檯買賣中心,上櫃公司基本資料 mopsfin_t187ap03_O,2026-08-16
47122187,信音企業股份有限公司,NO.209.  SECTION 2. CHUNG-CHEN ROAD. HU-KOU HSIANG   HSINCHU. TAIWAN R.O.C,1297709080,TPEX,28,6126,src_tw_tpex_portal,證券櫃檯買賣中心,上櫃公司基本資料 mopsfin_t187ap03_O,2026-08-16
86412635,九豪精密陶瓷股份有限公司,"NO.160,  SEC.  1,  PING-TUNG  RD.,  PING-JEN  CITY,  TAOYUAN  HSIEN,  TAIWAN,  R.O.C.",1080797510,TPEX,28,6127,src_tw_tpex_portal,證券櫃檯買賣中心,上櫃公司基本資料 mopsfin_t187ap03_O,2026-08-16
22050539,普誠科技股份有限公司,"2F, No. 233-1, Baociao Road.,Sindian, Taipei, Taiwan, R.O.C.",1605741200,TPEX,24,6129,src_tw_tpex_portal,證券櫃檯買賣中心,上櫃公司基本資料 mopsfin_t187ap03_O,2026-08-16
84659035,上亞科技股份有限公司,"6 F., No. 63, Ln. 77, Xing'ai Rd., Neihu Dist.,Taipei City 114731, Taiwan (R.O.C.)",463000000,TPEX,22,6130,src_tw_tpex_portal,證券櫃檯買賣中心,上櫃公司基本資料 mopsfin_t187ap03_O,2026-08-16
22522622,萬旭電業股份有限公司,"3F 72 Wu Kong 6th Rd., Wu Ku Industrial DistrictNew Taipei City, Taiwan, ROC.",818821170,TPEX,28,6134,src_tw_tpex_portal,證券櫃檯買賣中心,上櫃公司基本資料 mopsfin_t187ap03_O,2026-08-16
16252902,茂達電子股份有限公司,"No. 6 Dusing 1St Rd., SBIPHsin-Chu,Taiwan,R.O.C.",756355000,TPEX,24,6138,src_tw_tpex_portal,證券櫃檯買賣中心,上櫃公司基本資料 mopsfin_t187ap03_O,2026-08-16
30990747,訊達電腦股份有限公司,"2F, No.147,Sec. 2,Jianguo N. Rd.,TAIPEI, 104, TAIWAN, ROC",548977600,TPEX,30,6140,src_tw_tpex_portal,證券櫃檯買賣中心,上櫃公司基本資料 mopsfin_t187ap03_O,2026-08-16
16084080,振曜科技股份有限公司,"No. 945, Boai St.,Jubei City, Hsinchu, 302, Taiwan,R.O.C",860588970,TPEX,27,6143,src_tw_tpex_portal,證券櫃檯買賣中心,上櫃公司基本資料 mopsfin_t187ap03_O,2026-08-16
89398566,得利影視股份有限公司,"10F, 53, Ming Chuan W. Rd.Taipei, 104 Taiwan",382737010,TPEX,32,6144,src_tw_tpex_portal,證券櫃檯買賣中心,上櫃公司基本資料 mopsfin_t187ap03_O,2026-08-16
97491093,耕興股份有限公司,"6F, No.106, Hsin Tai Wu Rd., Sec.1, Hsi-Chih,Taipei,Taiwan.  Hsi-Chih,Taipei,Taiwan.",1018671990,TPEX,31,6146,src_tw_tpex_portal,證券櫃檯買賣中心,上櫃公司基本資料 mopsfin_t187ap03_O,2026-08-16
16130009,頎邦科技股份有限公司,"No 3,Li Hsin 5 Rd.,Science-Based Industrial Park  Hsinchu,Taiwan,R.O.C.",7445935390,TPEX,24,6147,src_tw_tpex_portal,證券櫃檯買賣中心,上櫃公司基本資料 mopsfin_t187ap03_O,2026-08-16
86468118,驊宏資通股份有限公司,"5F., No.30, Beiping E. Rd., Jhongjheng District,Taipei City 100, Taiwan (R.O.C.)",466037570,TPEX,30,6148,src_tw_tpex_portal,證券櫃檯買賣中心,上櫃公司基本資料 mopsfin_t187ap03_O,2026-08-16
16238655,撼訊科技股份有限公司,"7F-7, No.79, Hsin Tai Wu Rd. Sec. 1,HsiChih Dist,NEW TAIPEI CITY, TAIWAN 221, R.O.C.",483459850,TPEX,25,6150,src_tw_tpex_portal,證券櫃檯買賣中心,上櫃公司基本資料 mopsfin_t187ap03_O,2026-08-16
12390496,晉倫科技股份有限公司,"NO. 250, CHANGFA RD, NANGANG VIL, DAYUAN  DIST,TAOYUAN CITY, TAIWAN, R.O.C.",552573000,TPEX,31,6151,src_tw_tpex_portal,證券櫃檯買賣中心,上櫃公司基本資料 mopsfin_t187ap03_O,2026-08-16
89743949,順發電腦股份有限公司,"No.2, Jianguo 2nd Rd., Sanmin Dist.,Kaohsiung,Taiwan,R.O.C.",800800000,TPEX,29,6154,src_tw_tpex_portal,證券櫃檯買賣中心,上櫃公司基本資料 mopsfin_t187ap03_O,2026-08-16
22944019,松上電子股份有限公司,"4F., NO.117, Zhongcheng Rd.,Tucheng Dist., New Taipei City, Taiwan",1078750100,TPEX,28,6156,src_tw_tpex_portal,證券櫃檯買賣中心,上櫃公司基本資料 mopsfin_t187ap03_O,2026-08-16
22006020,禾昌興業股份有限公司,"NO.9,SHIN HWA RD,KWEI SHAN IND. PARK  TAOYUAN, TAIWAN",556982880,TPEX,28,6158,src_tw_tpex_portal,證券櫃檯買賣中心,上櫃公司基本資料 mopsfin_t187ap03_O,2026-08-16
23058518,欣技資訊股份有限公司,"12F,333 Dunhua S. Rd.,Sec.2   Taipei,Taiwan",684891200,TPEX,25,6160,src_tw_tpex_portal,證券櫃檯買賣中心,上櫃公司基本資料 mopsfin_t187ap03_O,2026-08-16
22178466,捷波資訊股份有限公司,"9F, 207, Sec. 3, Beixin Rd.,Xindian Dist., New Taipei City, Taiwan",562374770,TPEX,25,6161,src_tw_tpex_portal,證券櫃檯買賣中心,上櫃公司基本資料 mopsfin_t187ap03_O,2026-08-16
84778623,華電聯網股份有限公司,"11F1,No.108,Hsin-Tai-Wu Rd.,Sec.1  Hsi-Chih,New Taipei City,Taiwan,R.O.C.",1488387470,TPEX,30,6163,src_tw_tpex_portal,證券櫃檯買賣中心,上櫃公司基本資料 mopsfin_t187ap03_O,2026-08-16
22100566,久正光電股份有限公司,"No.8,6th.Rd.,Taichung Industrial Park,Taichung ,Taiwan ,R.O.C.",1460000000,TPEX,26,6167,src_tw_tpex_portal,證券櫃檯買賣中心,上櫃公司基本資料 mopsfin_t187ap03_O,2026-08-16
23296194,昱泉國際股份有限公司,"11F.-5, No. 633, Sec. 2, Taiwan Blvd., Xitun Dist.,Taichung City 407619 , Taiwan (R.O.C)",233949600,TPEX,32,6169,src_tw_tpex_portal,證券櫃檯買賣中心,上櫃公司基本資料 mopsfin_t187ap03_O,2026-08-16
12135600,統振股份有限公司,"No.181,AnMei St,NeiHu District,Taipei 114,Taiwan ,R.O.C",972600380,TPEX,27,6170,src_tw_tpex_portal,證券櫃檯買賣中心,上櫃公司基本資料 mopsfin_t187ap03_O,2026-08-16
89596101,大城地產股份有限公司,"6F., No.839, Sec. 4,    Taiwan Blvd., Xitun    Dist.,Taichung City    407, Taiwan     (R.O.C)",1000000000,TPEX,14,6171,src_tw_tpex_portal,證券櫃檯買賣中心,上櫃公司基本資料 mopsfin_t187ap03_O,2026-08-16
23641338,信昌電子陶瓷股份有限公司,"No.566-1, Kaoshi Rd., Yangmei,  Taoyuan 326103, Taiwan (R.O.C.)",1712000000,TPEX,28,6173,src_tw_tpex_portal,證券櫃檯買賣中心,上櫃公司基本資料 mopsfin_t187ap03_O,2026-08-16
22100469,安碁科技股份有限公司,"No. 11-3, Jianguo Rd., Tanzih Dist.,Taichung City 427, Taiwan R.O.C.",500000000,TPEX,28,6174,src_tw_tpex_portal,證券櫃檯買賣中心,上櫃公司基本資料 mopsfin_t187ap03_O,2026-08-16
84607396,立敦科技股份有限公司,"No.9,Zhonglong  2nd Rd,  Tongluo TownshipMiaoli County 36643,  Taiwan ( R.O.C.)",1501218120,TPEX,28,6175,src_tw_tpex_portal,證券櫃檯買賣中心,上櫃公司基本資料 mopsfin_t187ap03_O,2026-08-16
89491275,亞通利大能源股份有限公司,"22F., No.96, Sec. 1, Xintai 5th Rd., Xizhi Dist.,New Taipei City, Taiwan",1773246500,TPEX,20,6179,src_tw_tpex_portal,證券櫃檯買賣中心,上櫃公司基本資料 mopsfin_t187ap03_O,2026-08-16
89550029,遊戲橘子數位科技股份有限公司,"No.111, Ruihu St.,Neihu Dist., Taipei City, Taiwan",1754935730,TPEX,32,6180,src_tw_tpex_portal,證券櫃檯買賣中心,上櫃公司基本資料 mopsfin_t187ap03_O,2026-08-16
16138282,合晶科技股份有限公司,"No.100, Longyuan 1 st Rd., Longtan Science Park,Taoyuan,32542,Taiwan R.O.C.",5936013150,TPEX,24,6182,src_tw_tpex_portal,證券櫃檯買賣中心,上櫃公司基本資料 mopsfin_t187ap03_O,2026-08-16
22906009,幃翔精密股份有限公司,"3F., No.1, Ln. 11, Ziqiang St.Tucheng Dist., New Taipei City , Taiwan",1498675310,TPEX,28,6185,src_tw_tpex_portal,證券櫃檯買賣中心,上櫃公司基本資料 mopsfin_t187ap03_O,2026-08-16
16318881,新潤興業股份有限公司,"8F., No.109, Sec. 3, Minsheng E. Rd., Songshan Dist.,Taipei City 105, Taiwan R.O.C.",1949075980,TPEX,14,6186,src_tw_tpex_portal,證券櫃檯買賣中心,上櫃公司基本資料 mopsfin_t187ap03_O,2026-08-16
97015768,萬潤科技股份有限公司,"NO.1,Lu-ke 10 Rd.,Lujhu Science Park,Lujhu DistKaohsiung  City ,821011,Taiwan(R.O.C)",981933850,TPEX,24,6187,src_tw_tpex_portal,證券櫃檯買賣中心,上櫃公司基本資料 mopsfin_t187ap03_O,2026-08-16
16836218,廣明光電股份有限公司,"6F.,NO..58-2, Huaya 2nd Rd.,Guishan Dist.,Taoyuan City 33341, Taiwan,R.O.C.",2783589100,TPEX,25,6188,src_tw_tpex_portal,證券櫃檯買賣中心,上櫃公司基本資料 mopsfin_t187ap03_O,2026-08-16
04674153,萬泰科技股份有限公司,"17 PEI-YUAN ROADCHUNG-LI INDUSTRIAL PARK, TAIWAN, R.O.C.",1865224410,TPEX,27,6190,src_tw_tpex_portal,證券櫃檯買賣中心,上櫃公司基本資料 mopsfin_t187ap03_O,2026-08-16
45082694,育富電子股份有限公司,"24F., No.101, Xinpu 6th St., Taoyuan Dist., Taoyuan City 330, Taiwan (R.O.C.)Taoyuan City ,  Taiwan (R.O.C.)",480000000,TPEX,28,6194,src_tw_tpex_portal,證券櫃檯買賣中心,上櫃公司基本資料 mopsfin_t187ap03_O,2026-08-16
89403884,詩肯股份有限公司,"No.69, Dinghu 1st St., Guishan Dist.,Taoyuan City 333, Taiwan.",501929420,TPEX,38,6195,src_tw_tpex_portal,證券櫃檯買賣中心,上櫃公司基本資料 mopsfin_t187ap03_O,2026-08-16
16759177,瑞築建設股份有限公司,"7F., No.467, Singshan Rd.,Neihu Dist., Taipei City 114063, Taiwan",1714003500,TPEX,14,6198,src_tw_tpex_portal,證券櫃檯買賣中心,上櫃公司基本資料 mopsfin_t187ap03_O,2026-08-16
84228281,天品聯合企業股份有限公司,"8 F., No. 657, Bannan Rd., Zhonghe Dist.New Taipei City, aiwan (R.O.C.)",617600180,TPEX,20,6199,src_tw_tpex_portal,證券櫃檯買賣中心,上櫃公司基本資料 mopsfin_t187ap03_O,2026-08-16
04329168,海韻電子工業股份有限公司,"8F., #19 Alley 360 Sec. 1, Neihu Road, Neihu,Taipei,Taiwan, R.O.C.",824013700,TPEX,28,6203,src_tw_tpex_portal,證券櫃檯買賣中心,上櫃公司基本資料 mopsfin_t187ap03_O,2026-08-16
43408984,台灣艾華電子工業股份有限公司,"9F,NO.1221 CHUNG CHENG RD,TAOYUAN,TAIWAN R.O.C.",231020800,TPEX,28,6204,src_tw_tpex_portal,證券櫃檯買賣中心,上櫃公司基本資料 mopsfin_t187ap03_O,2026-08-16
22837088,雷科股份有限公司,"NO.248-39,SHIN SHENG RD CHIEN ZHEN DISTRICT, 806KAOHSIUNG TAIWAN, R.O.C",796799100,TPEX,28,6207,src_tw_tpex_portal,證券櫃檯買賣中心,上櫃公司基本資料 mopsfin_t187ap03_O,2026-08-16
16101031,日揚科技股份有限公司,"No.8, Huoshui Rd., Xinshi Dist.Tainan City, Taiwan 744",944623430,TPEX,24,6208,src_tw_tpex_portal,證券櫃檯買賣中心,上櫃公司基本資料 mopsfin_t187ap03_O,2026-08-16
45190379,慶生電子股份有限公司,"NO.24 SONGJIANG N.ROAD CHUNG-CIINDUSTRIAL PARK, TAOYUAN,TAIWAN",350480000,TPEX,28,6210,src_tw_tpex_portal,證券櫃檯買賣中心,上櫃公司基本資料 mopsfin_t187ap03_O,2026-08-16
07611076,理銘開發股份有限公司,"7F,No.419,Sec.2 Kung Dao Wu  Rd. ,Hsin Chu,Taiwan,R.O.C.",1020000000,TPEX,14,6212,src_tw_tpex_portal,證券櫃檯買賣中心,上櫃公司基本資料 mopsfin_t187ap03_O,2026-08-16
22059031,中國探針股份有限公司,"4F., No.8, Ln. 24, Heping Rd.,Banqiao Dist., New Taipei City 220",1172100180,TPEX,28,6217,src_tw_tpex_portal,證券櫃檯買賣中心,上櫃公司基本資料 mopsfin_t187ap03_O,2026-08-16
12223097,豪勉科技股份有限公司,"3rd Fl., No. 70, Sec. 1, Chengde Rd. Taipei, Taiwan, R.O.C.",642620000,TPEX,27,6218,src_tw_tpex_portal,證券櫃檯買賣中心,上櫃公司基本資料 mopsfin_t187ap03_O,2026-08-16
97447647,富旺國際開發股份有限公司,"4F.-5, No.20, Dalong Rd., West Dist.,Taichung City 40310, Taiwan (R.O.C.)",1249670900,TPEX,14,6219,src_tw_tpex_portal,證券櫃檯買賣中心,上櫃公司基本資料 mopsfin_t187ap03_O,2026-08-16
45911735,岳豐科技股份有限公司,"NO12-9,130th LANE. SECTION 2,CHUNG SHAN E,ROAD,HSINWU,TAOYUAN 32741,TAIWANHSINWU,TAOYUAN 32741,TAIWAN",1464626400,TPEX,28,6220,src_tw_tpex_portal,證券櫃檯買賣中心,上櫃公司基本資料 mopsfin_t187ap03_O,2026-08-16
84981323,晉泰科技股份有限公司,"7F, No.289, Sec.2, Kuang Fu Rd., Hsin-Chu City 300, Taiwan, R.O.C.",1685912060,TPEX,30,6221,src_tw_tpex_portal,證券櫃檯買賣中心,上櫃公司基本資料 mopsfin_t187ap03_O,2026-08-16
22182927,立軒開發建設股份有限公司,"8F., No. 258, Sec. 1, Wenhua 1st RdLinkou Dist.,New Taipei City,Taiwan",956888780,TPEX,26,6222,src_tw_tpex_portal,證券櫃檯買賣中心,上櫃公司基本資料 mopsfin_t187ap03_O,2026-08-16
89647050,旺矽科技股份有限公司,"No.155, Chung-Ho St.Chu-Pei City,Hsinchu Hsiang,Taiwan,R.O.C",979813090,TPEX,24,6223,src_tw_tpex_portal,證券櫃檯買賣中心,上櫃公司基本資料 mopsfin_t187ap03_O,2026-08-16
20811962,茂綸股份有限公司,"14F,207-2,Sec.3,Peihsin Rd.,Hsintien Dist.,New Taipei Taiwan,R.O.C",761117860,TPEX,29,6227,src_tw_tpex_portal,證券櫃檯買賣中心,上櫃公司基本資料 mopsfin_t187ap03_O,2026-08-16
84560006,全譜科技股份有限公司,"7F.,No.239,Sec.1,Datong Rd.,Xizhi Dist.,Hsi Chih,Taipei Hsien,221 Taiwan,R.O.C",260000000,TPEX,25,6228,src_tw_tpex_portal,證券櫃檯買賣中心,上櫃公司基本資料 mopsfin_t187ap03_O,2026-08-16
86491265,研通科技股份有限公司,"31.-12,No. 99,Sec.1,Xintai 5th Rd.,Xizhi Dist.,NEW TAIPEI CITY XIZHI ,TAIWAN R.O.C",403607000,TPEX,24,6229,src_tw_tpex_portal,證券櫃檯買賣中心,上櫃公司基本資料 mopsfin_t187ap03_O,2026-08-16
16627697,系微股份有限公司,"16F., No.120, Sec. 2, Jianguo N. Rd., Zhongshan DistrictTaipei, Taiwan, R.O.C.",456521860,TPEX,30,6231,src_tw_tpex_portal,證券櫃檯買賣中心,上櫃公司基本資料 mopsfin_t187ap03_O,2026-08-16
16177572,旺玖科技股份有限公司,"7F, NO.48, Sec.3, Nan Kang Rd., Nan Kang,Taipei 115607, Taiwan, R.O.C",810218960,TPEX,24,6233,src_tw_tpex_portal,證券櫃檯買賣中心,上櫃公司基本資料 mopsfin_t187ap03_O,2026-08-16
23712277,高僑自動化科技股份有限公司,"No.1 Industrial Park 7Rd., Tachia,Taichung Hsien, Taiwan, R.O.C.",1003863980,TPEX,26,6234,src_tw_tpex_portal,證券櫃檯買賣中心,上櫃公司基本資料 mopsfin_t187ap03_O,2026-08-16
16094290,中湛股份有限公司,"Room A, 10F., No. 51, GongYi Road SEction 2, NanTun,Taichung, Taiwan 408",416540390,TPEX,36,6236,src_tw_tpex_portal,證券櫃檯買賣中心,上櫃公司基本資料 mopsfin_t187ap03_O,2026-08-16
86315535,驊訊電子企業股份有限公司,"6F., 100, Sec. 4, Civil BoulevardTaipei, Taiwan, R.O.C.",796453710,TPEX,24,6237,src_tw_tpex_portal,證券櫃檯買賣中心,上櫃公司基本資料 mopsfin_t187ap03_O,2026-08-16
97446128,松崗國際興業股份有限公司,"11F,No.50,Sec.1,Chung Hsiao W Rd.,Taipei,Taiwan R.O.C.",228673700,TPEX,30,6240,src_tw_tpex_portal,證券櫃檯買賣中心,上櫃公司基本資料 mopsfin_t187ap03_O,2026-08-16
86504769,鑫永洋科技股份有限公司,"1 F., No. 168, Keji 5th Rd., Annan Dist., Tainan City 709035, Taiwan (R.O.C.)Tainan,Taiwan.R.O.C.",455336700,TPEX,27,6241,src_tw_tpex_portal,證券櫃檯買賣中心,上櫃公司基本資料 mopsfin_t187ap03_O,2026-08-16
12549828,立康生醫事業股份有限公司,"No.29, Huangong Rd., Yongkang Dist.,Tainan City 71041, Taiwan (R.O.C.)",318065000,TPEX,22,6242,src_tw_tpex_portal,證券櫃檯買賣中心,上櫃公司基本資料 mopsfin_t187ap03_O,2026-08-16
20889546,茂迪股份有限公司,"6F, No. 248, Sec. 3, Bei-Shen Road, Shen-Keng DistrictNew Taipei City,Taiwan",3870418750,TPEX,26,6244,src_tw_tpex_portal,證券櫃檯買賣中心,上櫃公司基本資料 mopsfin_t187ap03_O,2026-08-16
22327466,立端科技股份有限公司,"7F, No. 173, Sec. 2,  Datong Road, Xizhi District, New Taipei  City 221, Taiwan",1466083030,TPEX,27,6245,src_tw_tpex_portal,證券櫃檯買賣中心,上櫃公司基本資料 mopsfin_t187ap03_O,2026-08-16
12386388,臺龍電子股份有限公司,"3F., No. 7, Ln. 332, Siyuan Rd., Xinzhuang Dist., New Taipei City 242, TaiwanNEW TAIPEI CITY, TAIWAN. R.O.C.",378514150,TPEX,26,6246,src_tw_tpex_portal,證券櫃檯買賣中心,上櫃公司基本資料 mopsfin_t187ap03_O,2026-08-16
38432767,沛波鋼鐵股份有限公司,"No. 3,Jingjian 11th Rd.,Lukang Township, Changhua County, Taiwan",999561490,TPEX,10,6248,src_tw_tpex_portal,證券櫃檯買賣中心,上櫃公司基本資料 mopsfin_t187ap03_O,2026-08-16
84497335,百徽股份有限公司,"3F., No.199,Ruihu St.,Neihu Dist.,Taipei,Taiwan .",280561460,TPEX,28,6259,src_tw_tpex_portal,證券櫃檯買賣中心,上櫃公司基本資料 mopsfin_t187ap03_O,2026-08-16
86244737,久元電子股份有限公司,"4F, No.5, Technology Rd., Science-Based Industrial Park,Hsin-Chu, Taiwan, R.O.C.",1284979890,TPEX,24,6261,src_tw_tpex_portal,證券櫃檯買賣中心,上櫃公司基本資料 mopsfin_t187ap03_O,2026-08-16
84117341,普萊德科技股份有限公司,"10F.,No.96, Minquan Rd., Xindian Dist.,  New Taipei City 231, Taiwan (R.O.C.)",625009640,TPEX,27,6263,src_tw_tpex_portal,證券櫃檯買賣中心,上櫃公司基本資料 mopsfin_t187ap03_O,2026-08-16
97477509,富裔實業股份有限公司,"18F No.277,Songren Rd., Xinyi Dist.,Taipei Taiwan, R.O.C.",1363552910,TPEX,14,6264,src_tw_tpex_portal,證券櫃檯買賣中心,上櫃公司基本資料 mopsfin_t187ap03_O,2026-08-16
16436439,方土昶股份有限公司,"10F, NO.92, Pao Chung Road, Xindian Dist., New Taipei City , Taiwan, R.O.C.",1181721510,TPEX,29,6265,src_tw_tpex_portal,證券櫃檯買賣中心,上櫃公司基本資料 mopsfin_t187ap03_O,2026-08-16
23576977,泰詠電子股份有限公司,"No.480, Nioupu E. Rd.,  Hsinchu, Taiwan, R.O.C.",1538716410,TPEX,28,6266,src_tw_tpex_portal,證券櫃檯買賣中心,上櫃公司基本資料 mopsfin_t187ap03_O,2026-08-16
86882278,倍微科技股份有限公司,"5F,No. 75, Sec. 1, Sintai 5th RdSijhih City, Taipei , Taiwan 221, R.O.C.",721457590,TPEX,29,6270,src_tw_tpex_portal,證券櫃檯買賣中心,上櫃公司基本資料 mopsfin_t187ap03_O,2026-08-16
04226091,台燿科技股份有限公司,"803, Po Ai St., Chupei CityHsinchu Hsien ,  Taiwan R.O.C.",2994600930,TPEX,28,6274,src_tw_tpex_portal,證券櫃檯買賣中心,上櫃公司基本資料 mopsfin_t187ap03_O,2026-08-16
22264722,元山科技工業股份有限公司,"No. 6, Renfa 6th Rd., Renwu DistKaohsiung City, Taiwan, ROC",800237370,TPEX,28,6275,src_tw_tpex_portal,證券櫃檯買賣中心,上櫃公司基本資料 mopsfin_t187ap03_O,2026-08-16
34235759,安鈦克科技股份有限公司,"8F., No. 107, Jhouzih St., Neihu District,Taipei City 11493, Taiwan, R.O.C.",220430000,TPEX,25,6276,src_tw_tpex_portal,證券櫃檯買賣中心,上櫃公司基本資料 mopsfin_t187ap03_O,2026-08-16
20759430,胡連精密股份有限公司,"No. 1, Ln. 342, Fude 1st Rd., Xizhi DistNew Taipei City 221010 , Taiwan (R.O.C.)",1190157360,TPEX,28,6279,src_tw_tpex_portal,證券櫃檯買賣中心,上櫃公司基本資料 mopsfin_t187ap03_O,2026-08-16
16599215,佳邦科技股份有限公司,"No.11, Ke-Yi St.,Chunan, Miaoli 350,Taiwan, R.O.C.",1489803410,TPEX,28,6284,src_tw_tpex_portal,證券櫃檯買賣中心,上櫃公司基本資料 mopsfin_t187ap03_O,2026-08-16
11298247,良維科技股份有限公司,"10th FL., No.36, Sec. 1, Chang An E. RoadTaipei, Taiwan, R.O.C.",1695008980,TPEX,28,6290,src_tw_tpex_portal,證券櫃檯買賣中心,上櫃公司基本資料 mopsfin_t187ap03_O,2026-08-16
86541238,沛亨半導體股份有限公司,"No.945, Bo'ai St., Zhubei City,Hsinchu, Taiwan, R.O.C.",420000000,TPEX,24,6291,src_tw_tpex_portal,證券櫃檯買賣中心,上櫃公司基本資料 mopsfin_t187ap03_O,2026-08-16
22133530,迅德興業股份有限公司,"38-1,Ming Shen N. Rd.,Sec. 1,Kuei-Shan,  Taoyuan , Taiwan",466007120,TPEX,28,6292,src_tw_tpex_portal,證券櫃檯買賣中心,上櫃公司基本資料 mopsfin_t187ap03_O,2026-08-16
97306837,智基科技開發股份有限公司,"10F.-1, No.114, Chenggong Rd., North Dist., Tainan City 704, Taiwan (R.O.C.)Tainan City , Taiwan (R.O.C.)",260471060,TPEX,32,6294,src_tw_tpex_portal,證券櫃檯買賣中心,上櫃公司基本資料 mopsfin_t187ap03_O,2026-08-16
28081989,晶焱科技股份有限公司,"18F., No. 2, Jian 8th Rd., Zhonghe Dist.,New Taipei City 235603, Taiwan",994973310,TPEX,24,6411,src_tw_tpex_portal,證券櫃檯買賣中心,上櫃公司基本資料 mopsfin_t187ap03_O,2026-08-16
16877131,韋僑科技股份有限公司,"NO. 99, Renhuagong 2nd Rd., Dali Dist.Taichung 412. Taiwan",422740000,TPEX,27,6417,src_tw_tpex_portal,證券櫃檯買賣中心,上櫃公司基本資料 mopsfin_t187ap03_O,2026-08-16
22774892,詠昇電子股份有限公司,"No.2, Lane 10, Sec. 2, ZhongFu Road,ZhongLi Dist. Taoyuan, Taiwan, R.O.C.",345220000,TPEX,28,6418,src_tw_tpex_portal,證券櫃檯買賣中心,上櫃公司基本資料 mopsfin_t187ap03_O,2026-08-16
28212547,京晨科技股份有限公司,"18F.-2, No. 16, Jian 8th Rd., Zhonghe Dist.New Taipei City 235, Taiwan (R.O.C.)",131591700,TPEX,26,6419,src_tw_tpex_portal,證券櫃檯買賣中心,上櫃公司基本資料 mopsfin_t187ap03_O,2026-08-16
12894399,億而得微電子股份有限公司,"11F-2, No. 12, Taiyuan 2nd St., Zhubei City,Hsinchu County 302082 , Taiwan (R.O.C.)",310160000,TPEX,24,6423,src_tw_tpex_portal,證券櫃檯買賣中心,上櫃公司基本資料 mopsfin_t187ap03_O,2026-08-16
22994919,易發精機股份有限公司,"No.3-2, Ziqiang 4th Rd., Zhongli CityTaoyuan County 320, Taiwan (R.O.C.)",508252520,TPEX,05,6425,src_tw_tpex_portal,證券櫃檯買賣中心,上櫃公司基本資料 mopsfin_t187ap03_O,2026-08-16
12688172,今展科技股份有限公司,"14F , NO. 646 ESC . 5,CHUNG HSING RD.,SANCHUNG.NEW TAIPEI CITY,TAIWAN,R.O.C",343670020,TPEX,28,6432,src_tw_tpex_portal,證券櫃檯買賣中心,上櫃公司基本資料 mopsfin_t187ap03_O,2026-08-16
28112723,大中積體電路股份有限公司,"5F,No.6,Dusing 1st Rd.,Hsinchu Science Park,Hsinchu 300,Taiwan",374613000,TPEX,24,6435,src_tw_tpex_portal,證券櫃檯買賣中心,上櫃公司基本資料 mopsfin_t187ap03_O,2026-08-16
53562649,廣錠科技股份有限公司,"24F., No. 93, Sec. 1, Xintai 5th Rd., Xizhi Dist.,New Taipei City 221, Taiwan (R.O.C.)",533184290,TPEX,25,6441,src_tw_tpex_portal,證券櫃檯買賣中心,上櫃公司基本資料 mopsfin_t187ap03_O,2026-08-16
53104031,益得生物科技股份有限公司,"No. 20, Guangfu Rd.,Hukou Township, Hsinchu County 303036, T",1103245270,TPEX,22,6461,src_tw_tpex_portal,證券櫃檯買賣中心,上櫃公司基本資料 mopsfin_t187ap03_O,2026-08-16
28835517,神盾股份有限公司,"2F-1, No. 360, Ruiguang Road, Neihu DistrictTaipei City , Taiwan (R.O.C.)",912507540,TPEX,24,6462,src_tw_tpex_portal,證券櫃檯買賣中心,上櫃公司基本資料 mopsfin_t187ap03_O,2026-08-16
24497254,威潤科技股份有限公司,"6F., No. 539, Tanmei StNeihu Dist., Taipei City 114",470736850,TPEX,27,6465,src_tw_tpex_portal,證券櫃檯買賣中心,上櫃公司基本資料 mopsfin_t187ap03_O,2026-08-16
12803476,大樹醫藥股份有限公司,"18F.,No.186, Fuxing Rd.,Taoyuan Dist.,Taoyuan City 330, Taiwan, R.O.C",1500532020,TPEX,22,6469,src_tw_tpex_portal,證券櫃檯買賣中心,上櫃公司基本資料 mopsfin_t187ap03_O,2026-08-16
27375986,宇智網通股份有限公司,"3F,No.1,Jin-Shan 8th St.,Hsinchu 300,Taiwan,R.O.C.",376941000,TPEX,27,6470,src_tw_tpex_portal,證券櫃檯買賣中心,上櫃公司基本資料 mopsfin_t187ap03_O,2026-08-16
84094369,華豫寧股份有限公司,"4F-8.NO.238.CHIN HUA N. RD.,N. DIST.TAICHUNG CITY , TAIWAN",525261990,TPEX,29,6474,src_tw_tpex_portal,證券櫃檯買賣中心,上櫃公司基本資料 mopsfin_t187ap03_O,2026-08-16
25064206,弘煜科技事業股份有限公司,"15F.,NO.186 Sec.2,Taiwan Blvd.,Taichung,Taiwan",286344630,TPEX,32,6482,src_tw_tpex_portal,證券櫃檯買賣中心,上櫃公司基本資料 mopsfin_t187ap03_O,2026-08-16
28927852,點序科技股份有限公司,"8F.-1, No. 31, Huanke 1st Rd., Zhubei City,Hsinchu County 302 , Taiwan (R.O.C)",473664930,TPEX,24,6485,src_tw_tpex_portal,證券櫃檯買賣中心,上櫃公司基本資料 mopsfin_t187ap03_O,2026-08-16
80192260,互動國際數位股份有限公司,"No.38-1,Wugong 5th Rd.,Wugu District,New Taipei City,Taiwan,R.O.C.",508932860,TPEX,27,6486,src_tw_tpex_portal,證券櫃檯買賣中心,上櫃公司基本資料 mopsfin_t187ap03_O,2026-08-16
28113286,環球晶圓股份有限公司,"No. 8. Industrial East Road 2, Hsinchu Science Park, Taiwan, R.O.C.Taiwan R.O.C",4781137250,TPEX,24,6488,src_tw_tpex_portal,證券櫃檯買賣中心,上櫃公司基本資料 mopsfin_t187ap03_O,2026-08-16
54021973,生華生物科技股份有限公司,"10F., No. 225, Sec. 3, Peihsin Rd., Hsintien Dist.,New Taipei City, Taiwan",899036200,TPEX,22,6492,src_tw_tpex_portal,證券櫃檯買賣中心,上櫃公司基本資料 mopsfin_t187ap03_O,2026-08-16
28509490,九齊科技股份有限公司,"7F-1, No.81, Shuilli  RoadHsinchu, Taiwan, R.O.C.",315596900,TPEX,24,6494,src_tw_tpex_portal,證券櫃檯買賣中心,上櫃公司基本資料 mopsfin_t187ap03_O,2026-08-16
23024594,科懋生物科技股份有限公司,"5F, No. 508, Sec. 7, Zhongxiao E. Rd., Nangang Dist.Taipei City 115011, Taiwan",472902200,TPEX,22,6496,src_tw_tpex_portal,證券櫃檯買賣中心,上櫃公司基本資料 mopsfin_t187ap03_O,2026-08-16
80579685,久禾光電股份有限公司,"No.8, Gongyequ 6th RdTaichung City 40755, Taiwan (R.O.C.)",471648920,TPEX,26,6498,src_tw_tpex_portal,證券櫃檯買賣中心,上櫃公司基本資料 mopsfin_t187ap03_O,2026-08-16
54150856,益安生醫股份有限公司,"7F., No.116, Hougang St., Shilin Dist.Taipei City 111, Taiwan",969448930,TPEX,22,6499,src_tw_tpex_portal,證券櫃檯買賣中心,上櫃公司基本資料 mopsfin_t187ap03_O,2026-08-16
23531297,雙邦實業股份有限公司,"NO.3, Yongsing Road, Nantou City,  Nantou County 540, Taiwan, R. O. C.",823608260,TPEX,04,6506,src_tw_tpex_portal,證券櫃檯買賣中心,上櫃公司基本資料 mopsfin_t187ap03_O,2026-08-16
69546202,惠光股份有限公司,"259 Section 1 Majia Road, MadouTainan , Taiwan",865388640,TPEX,33,6508,src_tw_tpex_portal,證券櫃檯買賣中心,上櫃公司基本資料 mopsfin_t187ap03_O,2026-08-16
04243562,聚和國際股份有限公司,"No. 28, Hua Dong Rd., Chaoliao VillageDaliao Dist., Kaohsiung City, Taiwan",1965433260,TPEX,21,6509,src_tw_tpex_portal,證券櫃檯買賣中心,上櫃公司基本資料 mopsfin_t187ap03_O,2026-08-16
27879121,中華精測科技股份有限公司,"15 Gongye 3rd Road, Pingjhen Dist,Taoyuan City 324, Taiwan, R.O.C",327890220,TPEX,24,6510,src_tw_tpex_portal,證券櫃檯買賣中心,上櫃公司基本資料 mopsfin_t187ap03_O,2026-08-16
28133327,啟發電子股份有限公司,"5F.-1, No.251, Fuxing 1st St., Zhubei City30271 Hsinchu , Taiwan (R.O.C.)",252600000,TPEX,31,6512,src_tw_tpex_portal,證券櫃檯買賣中心,上櫃公司基本資料 mopsfin_t187ap03_O,2026-08-16
28835663,勤崴國際科技股份有限公司,"4F.,No 100, Sec 2, Roosevelt Rd.,Taipei City 100, Taiwan. R.O.C",563369350,TPEX,30,6516,src_tw_tpex_portal,證券櫃檯買賣中心,上櫃公司基本資料 mopsfin_t187ap03_O,2026-08-16
55174031,保勝光學股份有限公司,"14,Chien-Kuo Road,Taichung Export Processing ZoneTantzu,Taichung,Taiwan",305790530,TPEX,26,6517,src_tw_tpex_portal,證券櫃檯買賣中心,上櫃公司基本資料 mopsfin_t187ap03_O,2026-08-16
80167706,達爾膚生醫科技股份有限公司,"13F., No. 70, Sec. 3, Nanjing E. Rd., Zhongshan Dist.,Taipei City 104, Taiwan, R.O.C.",450476250,TPEX,22,6523,src_tw_tpex_portal,證券櫃檯買賣中心,上櫃公司基本資料 mopsfin_t187ap03_O,2026-08-16
25057697,明達醫學科技股份有限公司,"No.116, Ln. 956, Zhongshan Rd., Taoyuan Dist.,Taoyuan City 33072, Taiwan",254585500,TPEX,22,6527,src_tw_tpex_portal,證券櫃檯買賣中心,上櫃公司基本資料 mopsfin_t187ap03_O,2026-08-16
13067290,創威光電股份有限公司,"6F No. 119 Baozhong Road, Xindian DistrictNew Taipei City, Taiwan R.O.C.",337500000,TPEX,27,6530,src_tw_tpex_portal,證券櫃檯買賣中心,上櫃公司基本資料 mopsfin_t187ap03_O,2026-08-16
16394917,瑞耘科技股份有限公司,"No.19,Datong Rd., Hsin-Chu Industrial Park, Hukou Township,Hsinchu County 303035, Taiwan",374451470,TPEX,24,6532,src_tw_tpex_portal,證券櫃檯買賣中心,上櫃公司基本資料 mopsfin_t187ap03_O,2026-08-16
12663974,順天醫藥生技股份有限公司,"4F, NO. 3-2, PARK ST., NANGANG DIST.,TAIPEI CITY, TAIWAN",1678408250,TPEX,22,6535,src_tw_tpex_portal,證券櫃檯買賣中心,上櫃公司基本資料 mopsfin_t187ap03_O,2026-08-16
84819223,倉和股份有限公司,"3F, 492-16, Wan Shou Road, Sec.1, KweishanTaoyuan, Taiwan R.O.C",380220000,TPEX,28,6538,src_tw_tpex_portal,證券櫃檯買賣中心,上櫃公司基本資料 mopsfin_t187ap03_O,2026-08-16
53114404,隆中網絡股份有限公司,"Room. 3, 2F., No.360, Jianxing Road., North District.,Taichung City 40459, Taiwan (R.O.C.)",420006300,TPEX,32,6542,src_tw_tpex_portal,證券櫃檯買賣中心,上櫃公司基本資料 mopsfin_t187ap03_O,2026-08-16
12673109,正基科技股份有限公司,"6F-2., No. 23, Huanke 1st Rd., Zhubei City, Hsinchu County 302047, TaiwanHsinchu County 302047, Taiwan(R.O.C.)",668484490,TPEX,27,6546,src_tw_tpex_portal,證券櫃檯買賣中心,上櫃公司基本資料 mopsfin_t187ap03_O,2026-08-16
53943057,高端疫苗生物製劑股份有限公司,"No.68, Shengyi 3rd Rd., Zhubei City,Hsinchu County 30261 , Taiwan",3287490500,TPEX,22,6547,src_tw_tpex_portal,證券櫃檯買賣中心,上櫃公司基本資料 mopsfin_t187ap03_O,2026-08-16
70849957,長華科技股份有限公司,"NO. 24,Kai-Fa Road Nan-Tze Dist., Kaohsiung. Taiwan, R.O.C.Kaohsiung Taiwan, R.O.C.",380185880,TPEX,24,6548,src_tw_tpex_portal,證券櫃檯買賣中心,上櫃公司基本資料 mopsfin_t187ap03_O,2026-08-16
53184695,勝品電通股份有限公司,"No.10, Dacheng Rd., Taoyuan Dist.,Taoyuan City 330, Taiwan, ROC.",287500000,TPEX,26,6556,src_tw_tpex_portal,證券櫃檯買賣中心,上櫃公司基本資料 mopsfin_t187ap03_O,2026-08-16
70643081,欣普羅光電股份有限公司,"6F, No.23, Siyuan Rd.Xinzhuang Dist., New Taipei City, Taiwan",324747150,TPEX,26,6560,src_tw_tpex_portal,證券櫃檯買賣中心,上櫃公司基本資料 mopsfin_t187ap03_O,2026-08-16
86000036,是方電訊股份有限公司,"2F, No. 68, Ruiguang Rd., Nei-hu Dist.,Taipei City, Taiwan",779583700,TPEX,27,6561,src_tw_tpex_portal,證券櫃檯買賣中心,上櫃公司基本資料 mopsfin_t187ap03_O,2026-08-16
28514260,宏觀微電子股份有限公司,"8F., No.28, Chenggong 12th St., Zhubei CityHsinchu County , Taiwan (R.O.C.)",307997000,TPEX,24,6568,src_tw_tpex_portal,證券櫃檯買賣中心,上櫃公司基本資料 mopsfin_t187ap03_O,2026-08-16
29135647,醫揚科技股份有限公司,"4F., No.135, Ln. 235, Baoqiao Rd.,Xindian Dist., New Taipei City 231, ROC",390707450,TPEX,22,6569,src_tw_tpex_portal,證券櫃檯買賣中心,上櫃公司基本資料 mopsfin_t187ap03_O,2026-08-16
27271130,維田科技股份有限公司,"15F-1, No.186, Jian Yi Rd., Zhonghe Dist.,New Taipei City ,235 Taiwan",371191700,TPEX,25,6570,src_tw_tpex_portal,證券櫃檯買賣中心,上櫃公司基本資料 mopsfin_t187ap03_O,2026-08-16
80281973,霈方國際股份有限公司,"6F., No.310, Sec. 4, Zhongxiao E. Rd., Da’an Dist., Taipei City 10694, TaiwanTAIWAN",219900000,TPEX,22,6574,src_tw_tpex_portal,證券櫃檯買賣中心,上櫃公司基本資料 mopsfin_t187ap03_O,2026-08-16
54165507,逸達生物科技股份有限公司,"9F-2., No.19-3, Sanchong Rd., Nangang Dist.,Taipei City 115, Taiwan (R.O.C.)",1575405410,TPEX,22,6576,src_tw_tpex_portal,證券櫃檯買賣中心,上櫃公司基本資料 mopsfin_t187ap03_O,2026-08-16
70565509,勁豐電子股份有限公司,"1F, No.30, Section. 1, Huanshan Rd. Neihu DistrictTaipei 11442, Taiwan",600601450,TPEX,25,6577,src_tw_tpex_portal,證券櫃檯買賣中心,上櫃公司基本資料 mopsfin_t187ap03_O,2026-08-16
13000453,達邦蛋白生技股份有限公司,"52, Gongye 3rd RoadTainan City, Taiwan",719419010,TPEX,33,6578,src_tw_tpex_portal,證券櫃檯買賣中心,上櫃公司基本資料 mopsfin_t187ap03_O,2026-08-16
36268804,南俊國際股份有限公司,"6F., No. 202, Xingfu Rd., Taoyuan Dist.,Taoyuan City 330063, Taiwan (R.O.C.)",706429560,TPEX,28,6584,src_tw_tpex_portal,證券櫃檯買賣中心,上櫃公司基本資料 mopsfin_t187ap03_O,2026-08-16
70507419,東典光電科技股份有限公司,"No. 70, Sec. 2, Ligong 1st Rd., Wujie TownshipYilan County , Taiwan (R.O.C.)",347008250,TPEX,27,6588,src_tw_tpex_portal,證券櫃檯買賣中心,上櫃公司基本資料 mopsfin_t187ap03_O,2026-08-16
70584647,普鴻資訊股份有限公司,"9F.-2, No. 1, Guangfu S. Rd., Songshan Dist.,Taipei City Taiwan (R.O.C.)",249640380,TPEX,30,6590,src_tw_tpex_portal,證券櫃檯買賣中心,上櫃公司基本資料 mopsfin_t187ap03_O,2026-08-16
20675832,台灣銘板股份有限公司,"33383  NO.36, HUAYA 1ST RD., GUISHAN DIST.,TAOYUAN CITY, TAIWAN",318566090,TPEX,30,6593,src_tw_tpex_portal,證券櫃檯買賣中心,上櫃公司基本資料 mopsfin_t187ap03_O,2026-08-16
27530185,寬宏藝術經紀股份有限公司,"6F., No.267, Lequn 2nd Rd., Zhongshan Dist.,Taipei city 10462, Taiwan",380000000,TPEX,32,6596,src_tw_tpex_portal,證券櫃檯買賣中心,上櫃公司基本資料 mopsfin_t187ap03_O,2026-08-16
53125710,立誠光電股份有限公司,"6 F., No. 5, Ln. 17, Sec. 3, Nanshan Rd., Luzhu Dist.,Taoyuan City , Taiwan, R.O.C.",300422500,TPEX,28,6597,src_tw_tpex_portal,證券櫃檯買賣中心,上櫃公司基本資料 mopsfin_t187ap03_O,2026-08-16
86122164,富強鑫精密工業股份有限公司,"269, Bao Dong Road, Pi Tou Village, Guanmiao Dist.,Tainan , Taiwan, R.O.C.",1674429460,TPEX,05,6603,src_tw_tpex_portal,證券櫃檯買賣中心,上櫃公司基本資料 mopsfin_t187ap03_O,2026-08-16
44549792,台灣瀧澤科技股份有限公司,"NO.505,Sec. 3, Yanping Rd., Pingzhen Dist.Taoyuan City, Taiwan.",724562460,TPEX,05,6609,src_tw_tpex_portal,證券櫃檯買賣中心,上櫃公司基本資料 mopsfin_t187ap03_O,2026-08-16
28113167,應用奈米醫材科技股份有限公司,"4F, No16, Sec.2, Sheng Yi RoadZhubei, Hsinchu 30261 Taiwan, R.O.C.",475145840,TPEX,22,6612,src_tw_tpex_portal,證券櫃檯買賣中心,上櫃公司基本資料 mopsfin_t187ap03_O,2026-08-16
16034271,朋億股份有限公司,"10F-1., No.76, Sec. 2, Jiafeng S. Rd., Jhubei City,Hsin-Chu County 302054,Taiwan,R.O.C.",389007425,TPEX,31,6613,src_tw_tpex_portal,證券櫃檯買賣中心,上櫃公司基本資料 mopsfin_t187ap03_O,2026-08-16
53710986,慧智基因股份有限公司,"4F.-2, No. 66-1, Sec. 1, Chongqing S. Rd., Zhongzheng Dist.,Taipei City 100, Taiwan (R.O.C.)",215934000,TPEX,22,6615,src_tw_tpex_portal,證券櫃檯買賣中心,上櫃公司基本資料 mopsfin_t187ap03_O,2026-08-16
72488249,特昇國際股份有限公司,"PTD4093,Kaw Perindustrian Prt Jamil,Prt Jawa,84150Muar JohorJohor, Malaysia",354784730,TPEX,38,6616,src_tw_tpex_portal,證券櫃檯買賣中心,上櫃公司基本資料 mopsfin_t187ap03_O,2026-08-16
42486336,共信醫藥科技控股股份有限公司,"3F, No. 80, Sec. 1, Jianguo North Road, Zongshan Dist.Taipei , Taiwan",1275061000,TPEX,22,6617,src_tw_tpex_portal,證券櫃檯買賣中心,上櫃公司基本資料 mopsfin_t187ap03_O,2026-08-16
24546157,漢達生技醫藥股份有限公司,"3F-1&3F-2, No23, Nanke 3rd Rd.,Xinshi Dist.,Tainan City 74147,Taiwan",1699819000,TPEX,22,6620,src_tw_tpex_portal,證券櫃檯買賣中心,上櫃公司基本資料 mopsfin_t187ap03_O,2026-08-16
16863495,萬年清環境工程股份有限公司,"No.261, Sec.5, Longfu Rd., Xitun Dist., Taichung City 40755, TaiwanTaichung City 40755, Taiwan",225794820,TPEX,35,6624,src_tw_tpex_portal,證券櫃檯買賣中心,上櫃公司基本資料 mopsfin_t187ap03_O,2026-08-16
76347621,泰金投資控股股份有限公司,"13F., No.152, Songjiang Rd.,Zhongshan Dist., Taipei CityTaipei, Taiwan",383795630,TPEX,38,6629,src_tw_tpex_portal,證券櫃檯買賣中心,上櫃公司基本資料 mopsfin_t187ap03_O,2026-08-16
86700973,醫影股份有限公司,"19F.-2, No.510, Sec. 5, Zhongsiao E. Rd., Xinyi Dist., Taipei CityTaiwan(R.O.C)",268100000,TPEX,22,6637,src_tw_tpex_portal,證券櫃檯買賣中心,上櫃公司基本資料 mopsfin_t187ap03_O,2026-08-16
53186146,均華精密工業股份有限公司,"No. 2-1, Minsheng Street, Tucheng District,New Taipei City 23679, Taiwan",285175000,TPEX,24,6640,src_tw_tpex_portal,證券櫃檯買賣中心,上櫃公司基本資料 mopsfin_t187ap03_O,2026-08-16
70670235,富致科技股份有限公司,"No.111 Wu-Gung 1 Road. Wu Gu Dist.,New Taipei City, Taiwan",373996620,TPEX,28,6642,src_tw_tpex_portal,證券櫃檯買賣中心,上櫃公司基本資料 mopsfin_t187ap03_O,2026-08-16
53621915,&#20870;星科技股份有限公司,"9F, No.8, Taiyuan 2nd St.,Zhubei City, Hsinchu County, Taiwan",420901600,TPEX,24,6643,src_tw_tpex_portal,證券櫃檯買賣中心,上櫃公司基本資料 mopsfin_t187ap03_O,2026-08-16
54008079,台灣生醫材料股份有限公司,"1F., No. 188, Sec. 1, Shengyi Rd.,Hsinchu Science Park,Zhubei City,Hsinchu County,Taiwan,R.O.C",420000000,TPEX,22,6649,src_tw_tpex_portal,證券櫃檯買賣中心,上櫃公司基本資料 mopsfin_t187ap03_O,2026-08-16
13063718,全宇昕科技股份有限公司,"15F-7,No716,Zhongzheng Rd.,Zhonghe District,New Taipei City Taiwan",346015410,TPEX,24,6651,src_tw_tpex_portal,證券櫃檯買賣中心,上櫃公司基本資料 mopsfin_t187ap03_O,2026-08-16
53900846,天正國際精密機械股份有限公司,"No. 2, Renfa 6th Rd., Renwu Dist.Kaohsiung City 814018, Taiwan( R.O.C.)",409627200,TPEX,31,6654,src_tw_tpex_portal,證券櫃檯買賣中心,上櫃公司基本資料 mopsfin_t187ap03_O,2026-08-16
80158777,威健股份有限公司,"12F., No.3, Park St., Nangang Dist.,Taipei City 115, Taiwan (R.O.C.)",233042480,TPEX,22,6661,src_tw_tpex_portal,證券櫃檯買賣中心,上櫃公司基本資料 mopsfin_t187ap03_O,2026-08-16
12862410,樂斯科生物科技股份有限公司,"2F., No. 316, Chongyang Rd.,Nangang Dist., Taipei City 11573, Taiwan",256124000,TPEX,22,6662,src_tw_tpex_portal,證券櫃檯買賣中心,上櫃公司基本資料 mopsfin_t187ap03_O,2026-08-16
23555277,群翊工業股份有限公司,"No.188, Heping Rd.,Yangmei Dist., Taoyuan City 326, Taiwan",608065700,TPEX,28,6664,src_tw_tpex_portal,證券櫃檯買賣中心,上櫃公司基本資料 mopsfin_t187ap03_O,2026-08-16
89728356,信紘科技股份有限公司,"No.66, Youyi Rd.,Zhunan Township, Miaoli County , Taiwan",492788780,TPEX,31,6667,src_tw_tpex_portal,證券櫃檯買賣中心,上櫃公司基本資料 mopsfin_t187ap03_O,2026-08-16
27979753,鈺太科技股份有限公司,"5F.,No.6-1,Dusing Rd., Hsinchu Science ParkHsinchu City,Taiwan",549753350,TPEX,24,6679,src_tw_tpex_portal,證券櫃檯買賣中心,上櫃公司基本資料 mopsfin_t187ap03_O,2026-08-16
24332747,鑫創電子股份有限公司,"8F., No. 95, Zhongyuan St.,Zhonghe Dist., New Taipei City ,Taiwan",239542100,TPEX,25,6680,src_tw_tpex_portal,證券櫃檯買賣中心,上櫃公司基本資料 mopsfin_t187ap03_O,2026-08-16
28398895,雍智科技股份有限公司,"9F-2, No. 33, Huanke 1st Rd., Zhubei City,Hsinchu County, Taiwan (R.O.C.)",275571610,TPEX,24,6683,src_tw_tpex_portal,證券櫃檯買賣中心,上櫃公司基本資料 mopsfin_t187ap03_O,2026-08-16
53172585,安格科技股份有限公司,"No. 55, Gaotie 2nd Rd., Zhubei City,Hsinchu County, Taiwan (R.O.C.)",445594960,TPEX,24,6684,src_tw_tpex_portal,證券櫃檯買賣中心,上櫃公司基本資料 mopsfin_t187ap03_O,2026-08-16
70565450,安碁資訊股份有限公司,"13F., No. 9, Sec. 3, Nangang Rd., Nangang Dist.Taipei City 115, Taiwan (R.O.C.)",299997200,TPEX,36,6690,src_tw_tpex_portal,證券櫃檯買賣中心,上櫃公司基本資料 mopsfin_t187ap03_O,2026-08-16
24758118,進金生能源服務股份有限公司,"6F., No.257, Xinhu 2nd Rd., Neihu Dist.Taipei City 114, Taiwan (R.O.C.)",588438900,TPEX,35,6692,src_tw_tpex_portal,證券櫃檯買賣中心,上櫃公司基本資料 mopsfin_t187ap03_O,2026-08-16
28870892,廣閎科技股份有限公司,"8F.-3, No.8, Taiyuan 2nd St., Zhubei CityHsinchu County 302, Taiwan(R.O.C)",457200000,TPEX,24,6693,src_tw_tpex_portal,證券櫃檯買賣中心,上櫃公司基本資料 mopsfin_t187ap03_O,2026-08-16
23929058,東捷資訊服務股份有限公司,"5F, NO.19-8, SANCHONG ROAD, NAN KANGTAIPEI, TAIWAN",273233640,TPEX,30,6697,src_tw_tpex_portal,證券櫃檯買賣中心,上櫃公司基本資料 mopsfin_t187ap03_O,2026-08-16
24347235,軒郁國際股份有限公司,"5 F., No. 109, Sec. 3, Minsheng E. Rd.,Songshan Dist.Taipei City 105, Taiwan (R.O.C.)",362572100,TPEX,22,6703,src_tw_tpex_portal,證券櫃檯買賣中心,上櫃公司基本資料 mopsfin_t187ap03_O,2026-08-16
12748729,天擎積體電路股份有限公司,"3FC5,No.1 Li-Shin RD. 1,Science ParkHsinchu, Taiwan, R.O.C.",290087790,TPEX,24,6708,src_tw_tpex_portal,證券櫃檯買賣中心,上櫃公司基本資料 mopsfin_t187ap03_O,2026-08-16
60274720,長聖國際生技股份有限公司,"4F., No.30, Keya Rd., Daya Dist.Taichung City, Taiwan (R.O.C.)",1017638610,TPEX,22,6712,src_tw_tpex_portal,證券櫃檯買賣中心,上櫃公司基本資料 mopsfin_t187ap03_O,2026-08-16
27619977,應廣科技股份有限公司,"6F-6, No.1, Sec. 3, Gongdao 5th Rd.HsinChu City 300042, Taiwan, R.O.C.",302418140,TPEX,24,6716,src_tw_tpex_portal,證券櫃檯買賣中心,上櫃公司基本資料 mopsfin_t187ap03_O,2026-08-16
53502805,久昌科技股份有限公司,"2F., NO. 6-1, Dusing Rd., East Dist., Hsinchu  Science  Park,Hsinchu City, Taiwan (R.O.C.)",302257410,TPEX,24,6720,src_tw_tpex_portal,證券櫃檯買賣中心,上櫃公司基本資料 mopsfin_t187ap03_O,2026-08-16
24210110,信實保全股份有限公司,"6F.-1, No.8, Taiyuan 2nd St.,Zhubei City,Hsinchu County 302082, Taiwan (R.O.C.)",245000000,TPEX,20,6721,src_tw_tpex_portal,證券櫃檯買賣中心,上櫃公司基本資料 mopsfin_t187ap03_O,2026-08-16
54803147,台灣矽科宏晟科技股份有限公司,"13 F.-2, No. 5, Taiyuan 1st St., Zhubei Vil.,Zhubei City, Hsinchu County 302, Taiwan",371300000,TPEX,31,6725,src_tw_tpex_portal,證券櫃檯買賣中心,上櫃公司基本資料 mopsfin_t187ap03_O,2026-08-16
04393941,亞泰金屬工業股份有限公司,"No.16, Ln. 199, Sec. 2, Minfu Rd., Yangmei Dist.Taoyuan City 32663, Taiwan (R.O.C.)",268841770,TPEX,28,6727,src_tw_tpex_portal,證券櫃檯買賣中心,上櫃公司基本資料 mopsfin_t187ap03_O,2026-08-16
12978735,上洋產業股份有限公司,"No. 39, Wuquan 6th Rd., Wugu Dist.,New Taipei City Taiwan (R.O.C.)",301200000,TPEX,38,6728,src_tw_tpex_portal,證券櫃檯買賣中心,上櫃公司基本資料 mopsfin_t187ap03_O,2026-08-16
80722654,常廣股份有限公司,"No.29,Gong 1st Rd.,DajiaTaichung City,Taiwan(R.O.C)",362981510,TPEX,22,6730,src_tw_tpex_portal,證券櫃檯買賣中心,上櫃公司基本資料 mopsfin_t187ap03_O,2026-08-16
25079572,昇佳電子股份有限公司,"11F.,  No.  6,  Taiyuan  2nd  St.Jhubei City,Hsinchu County 302, Taiwan",489126180,TPEX,24,6732,src_tw_tpex_portal,證券櫃檯買賣中心,上櫃公司基本資料 mopsfin_t187ap03_O,2026-08-16
42404010,博晟生醫股份有限公司,"4F, No.3-2, Yuang St.Nangang DistrictTaipei City, Taiwan, R.O.C.",1343160260,TPEX,22,6733,src_tw_tpex_portal,證券櫃檯買賣中心,上櫃公司基本資料 mopsfin_t187ap03_O,2026-08-16
13115906,美達科技股份有限公司,"15F., No. 268, Liancheng Rd., Zhonghe DistrictNew Taipei City, Taiwan ROC.",461822920,TPEX,31,6735,src_tw_tpex_portal,證券櫃檯買賣中心,上櫃公司基本資料 mopsfin_t187ap03_O,2026-08-16
56712683,竹陞科技股份有限公司,"No.1, Baotai 6th Rd.Zhubei City, Hsinchu County, Taiwan",233925000,TPEX,31,6739,src_tw_tpex_portal,證券櫃檯買賣中心,上櫃公司基本資料 mopsfin_t187ap03_O,2026-08-16
88176897,"91APP, Inc.","6F., No. 5, Ln. 768, Sec. 4, Bade Rd., Nangang Dist.Taipei City 115 , Taiwan (R.O.C.)",602889985,TPEX,36,6741,src_tw_tpex_portal,證券櫃檯買賣中心,上櫃公司基本資料 mopsfin_t187ap03_O,2026-08-16
57604000,智聯服務股份有限公司,"6F.-3 No. 33, Huanke 1st Rd., Zhubei CityHsinchu County 302, Taiwan (R.O.C.)",222000000,TPEX,30,6751,src_tw_tpex_portal,證券櫃檯買賣中心,上櫃公司基本資料 mopsfin_t187ap03_O,2026-08-16
22425662,叡揚資訊股份有限公司,"5F., No.9, Dehui St., Zhongshan DistrictTaipei,Taiwan",371441470,TPEX,30,6752,src_tw_tpex_portal,證券櫃檯買賣中心,上櫃公司基本資料 mopsfin_t187ap03_O,2026-08-16
05052033,穩得實業股份有限公司,"6F&6F-1 No.188 Baoqiao Road, Xindian DistrictNew Taipei City 23145, Taiwan R.O.C",349558670,TPEX,28,6761,src_tw_tpex_portal,證券櫃檯買賣中心,上櫃公司基本資料 mopsfin_t187ap03_O,2026-08-16
27491562,達亞國際股份有限公司,"No. 200, Sec. 1, Nanshan Rd., Luzhu Dist.,Taoyuan City, Taiwan, R.O.C.",369302880,TPEX,22,6762,src_tw_tpex_portal,證券櫃檯買賣中心,上櫃公司基本資料 mopsfin_t187ap03_O,2026-08-16
97025978,綠界科技股份有限公司,"5F, No. 58, Section 1, Chenggong Road,Nangang District, Taipei City, Taiwan",184039130,TPEX,36,6763,src_tw_tpex_portal,證券櫃檯買賣中心,上櫃公司基本資料 mopsfin_t187ap03_O,2026-08-16
25098389,台灣微創醫療器材股份有限公司,"1F., No.26, Sec. 2, Shengyi Rd.Zhubei City, 30261, Taiwan (R.O.C.)",391836300,TPEX,22,6767,src_tw_tpex_portal,證券櫃檯買賣中心,上櫃公司基本資料 mopsfin_t187ap03_O,2026-08-16
52310651,昱展新藥生技股份有限公司,"5F., No.32, Keya Rd., Daya Dist.Taichung City, Taiwan (R.O.C.)",668000000,TPEX,22,6785,src_tw_tpex_portal,證券櫃檯買賣中心,上櫃公司基本資料 mopsfin_t187ap03_O,2026-08-16
12613876,華景電通股份有限公司,"No. 41, Keyi St., Zhunan Township,Miaoli County 350, Taiwan (R.O.C.)",387396830,TPEX,24,6788,src_tw_tpex_portal,證券櫃檯買賣中心,上櫃公司基本資料 mopsfin_t187ap03_O,2026-08-16
30921876,虎門科技股份有限公司,"11F., No. 68, Sec. 2, Xianmin Blvd., Banqiao DistNew Taipei City 220, Taiwan (R.O.C.)",208470000,TPEX,30,6791,src_tw_tpex_portal,證券櫃檯買賣中心,上櫃公司基本資料 mopsfin_t187ap03_O,2026-08-16
70758512,崑鼎綠能環保股份有限公司,"12Fl, No. 16, Fushan Road, Beitou DistrictTaipei City 112037, Taiwan (R.O.C.)",727943850,TPEX,35,6803,src_tw_tpex_portal,證券櫃檯買賣中心,上櫃公司基本資料 mopsfin_t187ap03_O,2026-08-16
05839152,明係事業股份有限公司,"No. 1, Sec. 3, Zhongshan Rd., Dacun Township,Changhua County, 515 Taiwan (R.O.C)",475000000,TPEX,37,6804,src_tw_tpex_portal,證券櫃檯買賣中心,上櫃公司基本資料 mopsfin_t187ap03_O,2026-08-16
53739409,宏碁資訊服務股份有限公司,"18F, No. 9, Sec. 3, Nangang Rd., Nangang Dist., Taipei City,11563, Taiwan (R.O.C.)",414490000,TPEX,36,6811,src_tw_tpex_portal,證券櫃檯買賣中心,上櫃公司基本資料 mopsfin_t187ap03_O,2026-08-16
23065258,聯寶電子股份有限公司,"5F.-2, No. 125, Ln. 235, Baoqiao Rd.Xindian Dist., New Taipei City., Taiwan",318585070,TPEX,28,6821,src_tw_tpex_portal,證券櫃檯買賣中心,上櫃公司基本資料 mopsfin_t187ap03_O,2026-08-16
54795527,濾能股份有限公司,"2F., No. 98, Ln. 199, Sec. 1, Zhongshan N. Rd., Yangmei Dist.Taoyuan City 326, Taiwan (R.O.C.)",305339200,TPEX,24,6823,src_tw_tpex_portal,證券櫃檯買賣中心,上櫃公司基本資料 mopsfin_t187ap03_O,2026-08-16
83599094,千附精密股份有限公司,"No. 28, Houke S. Rd., Houli Dist., Taichung City,Central Taiwan Science ParkTaichung, Taiwan 421012, R.O.C.",591690000,TPEX,24,6829,src_tw_tpex_portal,證券櫃檯買賣中心,上櫃公司基本資料 mopsfin_t187ap03_O,2026-08-16
22652384,東研信超股份有限公司,"No.18, Ln. 171, Sec. 2, Jiuzong Rd., Neihu DistTaipei City , Taiwan",307551080,TPEX,31,6840,src_tw_tpex_portal,證券櫃檯買賣中心,上櫃公司基本資料 mopsfin_t187ap03_O,2026-08-16
50824681,長佳智能股份有限公司,"8F, No. 360, Sec. 1, Jingmao Rd., Beitun Dist.,Taiwan  Taichung City",952230000,TPEX,22,6841,src_tw_tpex_portal,證券櫃檯買賣中心,上櫃公司基本資料 mopsfin_t187ap03_O,2026-08-16
35924015,進典工業股份有限公司,"No,6-1, Qingnian Rd., Yangmei Dist,Taoyuan City,ROC",333040000,TPEX,05,6843,src_tw_tpex_portal,證券櫃檯買賣中心,上櫃公司基本資料 mopsfin_t187ap03_O,2026-08-16
16115725,諾貝兒寶貝股份有限公司,"NO.87, TACHANG 2ND RD.,KAOHSIUNG TAIWAN R.O.C.",374284400,TPEX,22,6844,src_tw_tpex_portal,證券櫃檯買賣中心,上櫃公司基本資料 mopsfin_t187ap03_O,2026-08-16
54059626,綠茵生技股份有限公司,"5F., No. 43, Keya Rd., Daya Dist.,Taichung City 428 , Taiwan (R.O.C.)",270660390,TPEX,02,6846,src_tw_tpex_portal,證券櫃檯買賣中心,上櫃公司基本資料 mopsfin_t187ap03_O,2026-08-16
28345862,數泓科技股份有限公司,"No. 15-1, Beihuan Rd., Tanzi Dist.Taichung City, Taiwan (R.O.C.)",232497160,TPEX,31,6855,src_tw_tpex_portal,證券櫃檯買賣中心,上櫃公司基本資料 mopsfin_t187ap03_O,2026-08-16
16089901,鑫傳國際多媒體科技股份有限公司,"No. 68, Sec. 1, Guoguang Rd., Dali Dist.,Taichung City, Taiwan 412 R.O.C.",282000000,TPEX,32,6856,src_tw_tpex_portal,證券櫃檯買賣中心,上櫃公司基本資料 mopsfin_t187ap03_O,2026-08-16
70848654,伯特光電股份有限公司,"No.35, Ln. 87, Sec. 1, Tanfu Rd., Tanzih Dist., Taichung City 42753, Taiwan.Taichung City, Taiwan.",415886000,TPEX,26,6859,src_tw_tpex_portal,證券櫃檯買賣中心,上櫃公司基本資料 mopsfin_t187ap03_O,2026-08-16
16590299,偉康科技股份有限公司,"4F., No. 161, Sec. 5, Nanjing E. Rd., Songshan Dist.,Taipei City 105409, Taiwan (R.O.C.)",158406450,TPEX,36,6865,src_tw_tpex_portal,證券櫃檯買賣中心,上櫃公司基本資料 mopsfin_t187ap03_O,2026-08-16
45900358,騰雲科技服務股份有限公司,"35F, No. 99, Sec. 1, Xintai 5th Rd., Xizhi Dist.,New Taipei City, Taiwan (R.O.C.)",280505620,TPEX,36,6870,src_tw_tpex_portal,證券櫃檯買賣中心,上櫃公司基本資料 mopsfin_t187ap03_O,2026-08-16
24731239,浩宇生醫股份有限公司,"16F., No. 508, Sec. 7, Zhongxiao E. Rd., Nangang Dist.,Taipei City 103, Taiwan(R.O.C.)",707505110,TPEX,22,6872,src_tw_tpex_portal,證券櫃檯買賣中心,上櫃公司基本資料 mopsfin_t187ap03_O,2026-08-16
70435529,倍力資訊股份有限公司,"12F., No.16, Sec. 4, Nanjing E. Rd., Songshan Dist.Taipei, Taiwan,R.O.C",220000000,TPEX,30,6874,src_tw_tpex_portal,證券櫃檯買賣中心,上櫃公司基本資料 mopsfin_t187ap03_O,2026-08-16
70516563,國邑藥品科技股份有限公司,"11F, No. 508, Sec. 7, Zhongxiao E. Rd., Nangang Dist.,Taipei City 11511, Taiwan (R.O.C.)",645914020,TPEX,22,6875,src_tw_tpex_portal,證券櫃檯買賣中心,上櫃公司基本資料 mopsfin_t187ap03_O,2026-08-16
24664196,鏵友益科技股份有限公司,"No. 88, Beiling 6th Rd., Luzhu Dist.,Kaohsiung City 821011, Taiwan (R.O.C.)",469671220,TPEX,31,6877,src_tw_tpex_portal,證券櫃檯買賣中心,上櫃公司基本資料 mopsfin_t187ap03_O,2026-08-16
86306655,潤德室內裝修設計工程(股)公司,"Rm.1 11F, No.308,Sec.2 Bade Road.Taipei, Taiwan, R.O.C.",150000000,TPEX,20,6881,src_tw_tpex_portal,證券櫃檯買賣中心,上櫃公司基本資料 mopsfin_t187ap03_O,2026-08-16
50872352,海柏特股份有限公司,"7F., No. 82, Sec. 1, Xintai 5th Rd., Xizhi Dist.,New Taipei City 221421, Taiwan (R.O.C.)",183900000,TPEX,30,6884,src_tw_tpex_portal,證券櫃檯買賣中心,上櫃公司基本資料 mopsfin_t187ap03_O,2026-08-16
12739475,衛司特科技股份有限公司,"12F.-1, No. 186, Dadun 19th St., Xitun Dist.Taichung,Taiwan",238000000,TPEX,35,6894,src_tw_tpex_portal,證券櫃檯買賣中心,上櫃公司基本資料 mopsfin_t187ap03_O,2026-08-16
80112843,宏碩系統股份有限公司,"No.31, Lane 598, Zhongzheng Rd.,Toufen City, Miaoli County 35151, Taiwa",341000000,TPEX,24,6895,src_tw_tpex_portal,證券櫃檯買賣中心,上櫃公司基本資料 mopsfin_t187ap03_O,2026-08-16
70515157,創為精密材料股份有限公司,"No.84, WuXun Street, Anle Dist., Keelung City 2040009, Taiwan, R.O.C.Keelung City 2040009, Taiwan, R.O.C.",423984910,TPEX,26,6899,src_tw_tpex_portal,證券櫃檯買賣中心,上櫃公司基本資料 mopsfin_t187ap03_O,2026-08-16
23473992,巨漢系統科技股份有限公司,"8 F., NO. 324, SEC. 1, ZHONGHUA RD., EAST DISTHSINCHU CITY 300002, TAIWAN (R.O.C.)",666760000,TPEX,31,6903,src_tw_tpex_portal,證券櫃檯買賣中心,上櫃公司基本資料 mopsfin_t187ap03_O,2026-08-16
55982771,伯鑫工具股份有限公司,"No. 9-2, Ln. 893, Zhongshan Rd., Shengang Dist.,Taichung City 429, Taiwan (R.O.C.)",185000000,TPEX,20,6904,src_tw_tpex_portal,證券櫃檯買賣中心,上櫃公司基本資料 mopsfin_t187ap03_O,2026-08-16
86870646,德鴻科技股份有限公司,"13F., No. 243, Sec. 2, Chongqing N. Rd., Datong Dist.,Taipei City 103, Taiwan (R.O.C.)",305210000,TPEX,36,6910,src_tw_tpex_portal,證券櫃檯買賣中心,上櫃公司基本資料 mopsfin_t187ap03_O,2026-08-16
89238750,鴻呈實業股份有限公司,"7F, No.880 Jhong-Jheng Road, Jhong He DistNew Taipei City 23586, Taiwan",438488630,TPEX,28,6913,src_tw_tpex_portal,證券櫃檯買賣中心,上櫃公司基本資料 mopsfin_t187ap03_O,2026-08-16
29169532,宸曜科技股份有限公司,"11F., No. 198, Jian 8th Rd., Zhonghe Dist.,New Taipei City 235042, Taiwan",271553850,TPEX,25,6922,src_tw_tpex_portal,證券櫃檯買賣中心,上櫃公司基本資料 mopsfin_t187ap03_O,2026-08-16
28477069,意藍資訊股份有限公司,"12 F., No. 26, Hangzhou N. Rd., Zhongzheng DistTaipei City 100010, Taiwan (R.O.C.)",200003000,TPEX,36,6925,src_tw_tpex_portal,證券櫃檯買賣中心,上櫃公司基本資料 mopsfin_t187ap03_O,2026-08-16
70741647,佑全藥品股份有限公司,"20th Floor-1, No. 925, Section 4, Taiwan Avenue, Xitun DistrictTaichung,Taiwan",450900000,TPEX,22,6929,src_tw_tpex_portal,證券櫃檯買賣中心,上櫃公司基本資料 mopsfin_t187ap03_O,2026-08-16
54326052,圓祥生技股份有限公司,"11F-2，No508，Sec7，Zhongxao E RdTaipei, Taiwan",969934100,TPEX,22,6945,src_tw_tpex_portal,證券櫃檯買賣中心,上櫃公司基本資料 mopsfin_t187ap03_O,2026-08-16
47086838,家碩科技股份有限公司,"No. 117, Sec. 1, Jiafeng 11th Rd., Zhubei CityHsinchu County , Taiwan",300146000,TPEX,24,6953,src_tw_tpex_portal,證券櫃檯買賣中心,上櫃公司基本資料 mopsfin_t187ap03_O,2026-08-16
24943536,旅天下聯合國際旅行社(股)公司,"6F., No. 10, Sec. 3, Minsheng E. Rd., Zhongshan Dist., Taipei City 104Taipei, Taiwan",268340000,TPEX,16,6961,src_tw_tpex_portal,證券櫃檯買賣中心,上櫃公司基本資料 mopsfin_t187ap03_O,2026-08-16
86575187,汎瑋材料科技股份有限公司,"No. 185-2, Gongyequ 38th Rd., Xiehe Vil., Xitun Dist.,Taichung City 407020, Taiwan",249044770,TPEX,28,6967,src_tw_tpex_portal,證券櫃檯買賣中心,上櫃公司基本資料 mopsfin_t187ap03_O,2026-08-16
53416750,萬達寵物事業股份有限公司,"4 F.-3, No. 23, Sec. 1, Chang'an E. Rd., Zhongshan Dist.Taipei City 104403, Taiwan (R.O.C.)",494473330,TPEX,38,6968,src_tw_tpex_portal,證券櫃檯買賣中心,上櫃公司基本資料 mopsfin_t187ap03_O,2026-08-16
97418116,惠民實業股份有限公司,"5F., No. 135, Sec. 3, Minsheng E. Rd., Songshan Dist.,Taipei City, Taiwan",386680000,TPEX,35,6971,src_tw_tpex_portal,證券櫃檯買賣中心,上櫃公司基本資料 mopsfin_t187ap03_O,2026-08-16
04481037,大井泵浦工業股份有限公司,"No. 83-14, Dapiantou, Sanzhi Dist., New Taipei City 252002, Taiwan (R.O.C.)New Taipei City 252002, Taiwan (R.O.C.)",407491450,TPEX,05,6982,src_tw_tpex_portal,證券櫃檯買賣中心,上櫃公司基本資料 mopsfin_t187ap03_O,2026-08-16
54063852,華洋精機股份有限公司,"No. 56, Lane 686, Zhongzheng Road, Xinhua DistrictTainan City, Taiwan R.O.C",180200000,TPEX,31,6983,src_tw_tpex_portal,證券櫃檯買賣中心,上櫃公司基本資料 mopsfin_t187ap03_O,2026-08-16
50924393,和迅生命科學股份有限公司,"6 F., No. 1490, Chunri Rd.,  Taoyuan Dist.Taoyuan City 33022, Taiwan (R.O.C.)",521340000,TPEX,22,6986,src_tw_tpex_portal,證券櫃檯買賣中心,上櫃公司基本資料 mopsfin_t187ap03_O,2026-08-16
25086406,力領科技股份有限公司,"6F-9, No 5, Taiyuan 1st St.,Zhubei City , Hsinchu County, Taiwan",419978330,TPEX,24,6996,src_tw_tpex_portal,證券櫃檯買賣中心,上櫃公司基本資料 mopsfin_t187ap03_O,2026-08-16
28497918,博弘雲端科技股份有限公司,"5F.-8, No. 267, Lequn 2nd Rd., Zhongshan Dist.,Taipei City 104 , Taiwan (R.O.C.)",221005000,TPEX,36,6997,src_tw_tpex_portal,證券櫃檯買賣中心,上櫃公司基本資料 mopsfin_t187ap03_O,2026-08-16
80538664,邑錡股份有限公司,"9th Floor, No. 588, Ruiguang Road, Neihu District, Taipei CityTaipei City 114728, Taiwan (R.O.C)",352806460,TPEX,26,7402,src_tw_tpex_portal,證券櫃檯買賣中心,上櫃公司基本資料 mopsfin_t187ap03_O,2026-08-16
70364799,碩網資訊股份有限公司,"20F, No.86, Sec.1, Beixin Rd.,Xindian Dist., New Taipei City Taiwan",336280000,TPEX,36,7547,src_tw_tpex_portal,證券櫃檯買賣中心,上櫃公司基本資料 mopsfin_t187ap03_O,2026-08-16
70381684,意德士科技股份有限公司,"4F.,No.170,Sec.2,Minsheng E.Rd.,Zhongshan Dist.,Taipei City 104, Taiwan (R.O.C.)",290808690,TPEX,24,7556,src_tw_tpex_portal,證券櫃檯買賣中心,上櫃公司基本資料 mopsfin_t187ap03_O,2026-08-16
53773813,樂意傳播股份有限公司,"9F., No. 205-3,Sec. 3, Beixin Rd.,Xindian Dist.,New Taipei City 231631, Taiwan (R.O.C.)",164628080,TPEX,32,7584,src_tw_tpex_portal,證券櫃檯買賣中心,上櫃公司基本資料 mopsfin_t187ap03_O,2026-08-16
53607701,昶瑞機電股份有限公司,"No.272, Taixi S. Rd., Longjing Dist.,Taichung City 43455, Taiwan (R.O.C)",301500000,TPEX,05,7642,src_tw_tpex_portal,證券櫃檯買賣中心,上櫃公司基本資料 mopsfin_t187ap03_O,2026-08-16
28881286,銳澤實業股份有限公司,"Rm. 1, 9F., No. 76, Sec. 2, Jiafeng S. Rd., Zhubei City,Hsinchu County , Taiwan, R.O.C",347450000,TPEX,31,7703,src_tw_tpex_portal,證券櫃檯買賣中心,上櫃公司基本資料 mopsfin_t187ap03_O,2026-08-16
53156804,明遠精密科技股份有限公司,"No.31, Ln. 191, Zhonghe St.,Zhubei City Hsinchu County, Taiwan",337698040,TPEX,24,7704,src_tw_tpex_portal,證券櫃檯買賣中心,上櫃公司基本資料 mopsfin_t187ap03_O,2026-08-16
53089762,全家國際餐飲股份有限公司,"3F.,No.61,Section2,Chung-Shan N.Road.Taipei,Taiwan,R.O.C",255000000,TPEX,16,7708,src_tw_tpex_portal,證券櫃檯買賣中心,上櫃公司基本資料 mopsfin_t187ap03_O,2026-08-16
22503723,榮田精機股份有限公司,"No. 6, Sec. 2, Chung-shan Rd., Hu-nei District,Kaohsiung City, Taiwan",391027400,TPEX,05,7709,src_tw_tpex_portal,證券櫃檯買賣中心,上櫃公司基本資料 mopsfin_t187ap03_O,2026-08-16
54808255,博盛半導體股份有限公司,"6F-3, No. 32, Gaotie 2nd Rd.Zhubei City, Hsinchu County 302, Taiwan",325618730,TPEX,24,7712,src_tw_tpex_portal,證券櫃檯買賣中心,上櫃公司基本資料 mopsfin_t187ap03_O,2026-08-16
70424425,威力德生醫股份有限公司,"4F、5F.,No.858,Tongmeng 3rd Rd.,Sanmin Dist.,Kaohsiung City,Taiwan (R.O.C.)",454788430,TPEX,22,7713,src_tw_tpex_portal,證券櫃檯買賣中心,上櫃公司基本資料 mopsfin_t187ap03_O,2026-08-16
53120898,創泓科技股份有限公司,"10F., No. 77, Zhouzi St., Neihu Dist.Taipei City, Taiwan (R.O.C.)",210000000,TPEX,36,7714,src_tw_tpex_portal,證券櫃檯買賣中心,上櫃公司基本資料 mopsfin_t187ap03_O,2026-08-16
84339006,裕山環境工程股份有限公司,"30F.-2, No. 80, Minzu 1st Rd., Sanmin Dist.,Kaohsiung City 807413 , Taiwan (R.O.C)",327565000,TPEX,35,7715,src_tw_tpex_portal,證券櫃檯買賣中心,上櫃公司基本資料 mopsfin_t187ap03_O,2026-08-16
84938207,昱臺國際股份有限公司,"4FL. No.28, Sec.3, Nanjing East RoadTaipei, Taiwan ROC",225000000,TPEX,15,7716,src_tw_tpex_portal,證券櫃檯買賣中心,上櫃公司基本資料 mopsfin_t187ap03_O,2026-08-16
93676577,英屬開曼群島商萊德光電(股)公司,"15F.-1, No. 872, Zhongzheng Rd.,Zhonghe Dist., New Taipei City, Taiwan",248315180,TPEX,27,7717,src_tw_tpex_portal,證券櫃檯買賣中心,上櫃公司基本資料 mopsfin_t187ap03_O,2026-08-16
12906711,友鋮股份有限公司,"9F.-4, No. 358, Sec. 1, Dongmen Rd., East Dist.,Tainan City 701002, Taiwan(R.O.C.)",463564840,TPEX,05,7718,src_tw_tpex_portal,證券櫃檯買賣中心,上櫃公司基本資料 mopsfin_t187ap03_O,2026-08-16
83293333,築間餐飲事業股份有限公司,"Rm. 2, 14F., No. 789, Sec. 3, Taiwan Blvd., Xitun Dist.Taichung City 407 , Taiwan (R.O.C.)",496195500,TPEX,16,7723,src_tw_tpex_portal,證券櫃檯買賣中心,上櫃公司基本資料 mopsfin_t187ap03_O,2026-08-16
24362164,光焱科技股份有限公司,"1F., No.96, Luke 5th Rd., Luzhu Dist., Kaohsiung City ,TaiwanKaohsiung City ,Taiwan",138540800,TPEX,31,7728,src_tw_tpex_portal,證券櫃檯買賣中心,上櫃公司基本資料 mopsfin_t187ap03_O,2026-08-16
28800030,印能科技股份有限公司,"No. 173, Dahu Road, Xiangshan DistrictHsinchu City 300110, Taiwan (R.O.C.)",280000000,TPEX,24,7734,src_tw_tpex_portal,證券櫃檯買賣中心,上櫃公司基本資料 mopsfin_t187ap03_O,2026-08-16
65279409,東聯互動股份有限公司,"7F.-1, No. 51, Sec. 4 , Zhongyang Rd., Tucheng Dist.,New Taipei City , Taiwan (R.O.C.)",273557990,TPEX,36,7738,src_tw_tpex_portal,證券櫃檯買賣中心,上櫃公司基本資料 mopsfin_t187ap03_O,2026-08-16
53414676,金利食安科技股份有限公司,"No. 15, Yuanxi St.Pingtung City, 90037, Taiwan (R.O.C.)",364833380,TPEX,02,7743,src_tw_tpex_portal,證券櫃檯買賣中心,上櫃公司基本資料 mopsfin_t187ap03_O,2026-08-16
90290162,崴寶精密科技股份有限公司,"11 F.-9, No. 186, Shizheng N. 7th Rd., Xitun Dist.Taichung City, Taiwan",320767100,TPEX,28,7744,src_tw_tpex_portal,證券櫃檯買賣中心,上櫃公司基本資料 mopsfin_t187ap03_O,2026-08-16
55639539,昕奇雲端科技股份有限公司,"2F., No. 33, Ln. 76, Ruiguang Rd., Neihu Dist.,Taipei City 114 , Taiwan (R.O.C)",301686000,TPEX,36,7747,src_tw_tpex_portal,證券櫃檯買賣中心,上櫃公司基本資料 mopsfin_t187ap03_O,2026-08-16
89999982,竑騰科技股份有限公司,"No.61,Jing 6th Rd., Nantze DistrictKaohsiung 81170, Taiwan",268886000,TPEX,24,7751,src_tw_tpex_portal,證券櫃檯買賣中心,上櫃公司基本資料 mopsfin_t187ap03_O,2026-08-16
90542250,星亞視覺股份有限公司,"8F.,NO.1,Li-hsin Rd.V,Hsinchu Science ParkHsinchu,Taiwan,R.O.C.",250000000,TPEX,26,7753,src_tw_tpex_portal,證券櫃檯買賣中心,上櫃公司基本資料 mopsfin_t187ap03_O,2026-08-16
24692475,金色三麥餐飲股份有限公司,"No. 260, Sec. 2, New Taipei Blvd., Sanchong Dist.New Taipei City 24158, Taiwan (R.O.C.)",241000000,TPEX,16,7757,src_tw_tpex_portal,證券櫃檯買賣中心,上櫃公司基本資料 mopsfin_t187ap03_O,2026-08-16
16890535,仁大資訊股份有限公司,"3 F., No. 216, Sec. 3, New Taipei Blvd., Xinzhuang Dist., New Taipei City 2420New Taipei City, Taiwan.",301000000,TPEX,30,7767,src_tw_tpex_portal,證券櫃檯買賣中心,上櫃公司基本資料 mopsfin_t187ap03_O,2026-08-16
53175112,君曜科技股份有限公司,"2F. NO.49-1 Ln, 2, Sec. 2GuangFu Rd., HsinChu City Taiwan (R.O.C)",300620530,TPEX,24,7770,src_tw_tpex_portal,證券櫃檯買賣中心,上櫃公司基本資料 mopsfin_t187ap03_O,2026-08-16
80516134,耀穎光電股份有限公司,"No. 812, Daxin Rd.Luzhu Dist., Taoyuan City , Taiwan",264986000,TPEX,24,7772,src_tw_tpex_portal,證券櫃檯買賣中心,上櫃公司基本資料 mopsfin_t187ap03_O,2026-08-16
54398718,能率亞洲資本股份有限公司,"6F.-2, No. 248, Sec. 3, Nanjing E. Rd., Songshan Dist., Taipei CityTaipei,Taiwan ,R.O.C.",1866062500,TPEX,20,7777,src_tw_tpex_portal,證券櫃檯買賣中心,上櫃公司基本資料 mopsfin_t187ap03_O,2026-08-16
65279724,光速火箭股份有限公司,"8F., No. 217, Sec. 2, New Taipei BlvdXinzhuang Dist., New Taipei City, Taiwan",232130000,TPEX,38,7782,src_tw_tpex_portal,證券櫃檯買賣中心,上櫃公司基本資料 mopsfin_t187ap03_O,2026-08-16
84751639,安葆國際實業股份有限公司,"5F., No. 207-5, Sec. 3, Beixin Rd., Xindian Dist., New Taipei City TaiwanXindian Dist., New Taipei City Taiwan",466620000,TPEX,31,7792,src_tw_tpex_portal,證券櫃檯買賣中心,上櫃公司基本資料 mopsfin_t187ap03_O,2026-08-16
52380564,宏碁智新股份有限公司,"7 F.-5, No. 369, Fuxing N. Rd., Songshan Dist.,Taipei City 105001, Taiwan (R.O.C.)",280000000,TPEX,38,7794,src_tw_tpex_portal,證券櫃檯買賣中心,上櫃公司基本資料 mopsfin_t187ap03_O,2026-08-16
80682695,威聯通科技股份有限公司,"2F., No. 22, Zhongxing Rd., Xizhi Dist.New Taipei City 221 , Taiwan (R.O.C.)",331251010,TPEX,36,7805,src_tw_tpex_portal,證券櫃檯買賣中心,上櫃公司基本資料 mopsfin_t187ap03_O,2026-08-16
27295674,捷創科技股份有限公司,"6F-1, No.27, Guan-Hsin Rd., East DistHsinchu , Taiwan(R.O.C)",202500000,TPEX,24,7810,src_tw_tpex_portal,證券櫃檯買賣中心,上櫃公司基本資料 mopsfin_t187ap03_O,2026-08-16
83063590,民盛應用企業股份有限公司,"6F. No 168, Ruiguang Rd., Neihu DistTaipei City, Taiwan",333770000,TPEX,37,7811,src_tw_tpex_portal,證券櫃檯買賣中心,上櫃公司基本資料 mopsfin_t187ap03_O,2026-08-16
28540318,海昌生化科技股份有限公司,"7F-5, No.210, Gongyequ 38th Rd., Xitun DistTaichung City, Taiwan",450000000,TPEX,22,7814,src_tw_tpex_portal,證券櫃檯買賣中心,上櫃公司基本資料 mopsfin_t187ap03_O,2026-08-16
70560595,精誠金融科技股份有限公司,"5 F.-6, No. 288, Sec. 6, Civic Blvd., Xinyi Dist., Taipei City 110417Taipei City, Taiwan",252635000,TPEX,30,7819,src_tw_tpex_portal,證券櫃檯買賣中心,上櫃公司基本資料 mopsfin_t187ap03_O,2026-08-16
54662717,立盈環保科技股份有限公司,"No.7 ,Gongye 2nd Rd.,Pingzhen Dist.Taoyuan City 324403, Taiwan (R.0.C.)",377680960,TPEX,35,7820,src_tw_tpex_portal,證券櫃檯買賣中心,上櫃公司基本資料 mopsfin_t187ap03_O,2026-08-16
27472283,創新服務股份有限公司,"No.10, Ln. 116, Da-Angang Rd., Dajia Dist.,Taichung City 437, TAIWAN.",404939110,TPEX,24,7828,src_tw_tpex_portal,證券櫃檯買賣中心,上櫃公司基本資料 mopsfin_t187ap03_O,2026-08-16
90378737,達人網科技股份有限公司,"Rm. 2001, 20 F.-1, No. 2, Ln. 150, Sec. 5, Xinyi Rd., Xinyi Dist.,Taipei City, Taiwan (R.O.C.)",150960250,TPEX,36,7839,src_tw_tpex_portal,證券櫃檯買賣中心,上櫃公司基本資料 mopsfin_t187ap03_O,2026-08-16
83213541,天能綠電股份有限公司,"2F, No. 1, Jihu Rd. Neihu Dist.Taipei City , Taiwan",182500000,TPEX,35,7842,src_tw_tpex_portal,證券櫃檯買賣中心,上櫃公司基本資料 mopsfin_t187ap03_O,2026-08-16
86806602,佑華微電子股份有限公司,"9F-1,295,Sec. 2,Kuang Fu RoadHsinchu, Taiwan, R.O.C",451601000,TPEX,24,8024,src_tw_tpex_portal,證券櫃檯買賣中心,上櫃公司基本資料 mopsfin_t187ap03_O,2026-08-16
22101002,鈦昇科技股份有限公司,"61 , Heng  Shan  Road , Yen-Chau  HsiangKaohsiung  Taiwan  R.O.C",1097505960,TPEX,05,8027,src_tw_tpex_portal,證券櫃檯買賣中心,上櫃公司基本資料 mopsfin_t187ap03_O,2026-08-16
22626725,光菱電子股份有限公司,"9F.-7, No.79, Sec. 1, Xintai 5th Rd.,Xizhi Dist.,New Taipei City 221,TaiwanTAIPEI,TAIWAN,R.O.C",518103000,TPEX,29,8032,src_tw_tpex_portal,證券櫃檯買賣中心,上櫃公司基本資料 mopsfin_t187ap03_O,2026-08-16
86001464,榮群電訊股份有限公司,"3F, No.5,Industry E, Rd. IX, Science-Based Industrial Park,Hsinchu, Taiwan, R.O.C.",565863530,TPEX,27,8034,src_tw_tpex_portal,證券櫃檯買賣中心,上櫃公司基本資料 mopsfin_t187ap03_O,2026-08-16
16207745,長園科技實業股份有限公司,"NO.9,Keya E.Rd,Situn District, Taichung City 407.TAICHUNG, TAIWAN",622781900,TPEX,28,8038,src_tw_tpex_portal,證券櫃檯買賣中心,上櫃公司基本資料 mopsfin_t187ap03_O,2026-08-16
16069953,九暘電子股份有限公司,"10F, No.47, Lane 2, Kwang-Fu RD. Sec. 2,Hsin-Chu, Taiwan, R.O.C.",964138740,TPEX,24,8040,src_tw_tpex_portal,證券櫃檯買賣中心,上櫃公司基本資料 mopsfin_t187ap03_O,2026-08-16
03550210,臺灣金山電子工業股份有限公司,"2F., No. 1, Aly. 11, Ln. 68, Sec. 1, Guangfu Rd.SanChong Dist., New Taipei City Taiwan",1314799540,TPEX,28,8042,src_tw_tpex_portal,證券櫃檯買賣中心,上櫃公司基本資料 mopsfin_t187ap03_O,2026-08-16
23310983,蜜望實企業股份有限公司,"8F, NO .316 ,NEIHU ROAD,SEC. 1,  TAIPEI,  TAIWAN  R. O. C.",799071700,TPEX,28,8043,src_tw_tpex_portal,證券櫃檯買賣中心,上櫃公司基本資料 mopsfin_t187ap03_O,2026-08-16
16606102,網路家庭國際資訊股份有限公司,"12F, 105, Sec. 2, Tun-Hwa S. Rd.Taipei Taiwan",2047680650,TPEX,36,8044,src_tw_tpex_portal,證券櫃檯買賣中心,上櫃公司基本資料 mopsfin_t187ap03_O,2026-08-16
23360202,星雲電腦股份有限公司,"4F,No.236,Fu-Te 2nd Rd.,Xizhi Dist., New Taipei City 221 ,Taiwan",416663430,TPEX,31,8047,src_tw_tpex_portal,證券櫃檯買賣中心,上櫃公司基本資料 mopsfin_t187ap03_O,2026-08-16
05094603,德勝科技股份有限公司,"3/F, NO.1, LANE 50, NAN KANG RD., SEC.3,TAIPEI, TAIWAN. R.O.C.",577057520,TPEX,27,8048,src_tw_tpex_portal,證券櫃檯買賣中心,上櫃公司基本資料 mopsfin_t187ap03_O,2026-08-16
16440433,晶采光電科技股份有限公司,"4th/FL.  No.  116,  Sec.  1,  Hsin-Tai  5th  Rd.,  Hsi-Chih  city,Taipei  Hsien,  Tawian,  R.O.C.",1182798080,TPEX,26,8049,src_tw_tpex_portal,證券櫃檯買賣中心,上櫃公司基本資料 mopsfin_t187ap03_O,2026-08-16
70479315,廣積科技股份有限公司,"15F-1,No3,Yuan QU Street, NanKang,Taipei 115,Taiwan(NanKang Software Park)Taipei, Taiwan, R. O. C.",2052048910,TPEX,25,8050,src_tw_tpex_portal,證券櫃檯買賣中心,上櫃公司基本資料 mopsfin_t187ap03_O,2026-08-16
70455720,安國國際科技股份有限公司,"9F.-1, No. 66, Sanchong Rd., Nangang DistrictTaipei 115, Taiwan, R.O.C.",1062325660,TPEX,24,8054,src_tw_tpex_portal,證券櫃檯買賣中心,上櫃公司基本資料 mopsfin_t187ap03_O,2026-08-16
16631735,凱碩科技股份有限公司,"10 F., No.99, Sec.5, Nanjing E. Rd., Songshan Dist.,Taipei City 105031, Taiwan (R.O.C.)",1164313000,TPEX,27,8059,src_tw_tpex_portal,證券櫃檯買賣中心,上櫃公司基本資料 mopsfin_t187ap03_O,2026-08-16
16491312,東捷科技股份有限公司,"NO.9,Nan-Ke 6th Rd.,Tainan Science-Based Industrial Park Tainan City, TaiwanTainan City, Taiwan",1848178360,TPEX,26,8064,src_tw_tpex_portal,證券櫃檯買賣中心,上櫃公司基本資料 mopsfin_t187ap03_O,2026-08-16
84149821,來思達國際企業股份有限公司,"3F., No.86, Xinhu 1st Rd.,Neihu Dist., Taipei  114, Taiwan (R.O.C)",366423040,TPEX,38,8066,src_tw_tpex_portal,證券櫃檯買賣中心,上櫃公司基本資料 mopsfin_t187ap03_O,2026-08-16
23286631,志旭國際股份有限公司,"14FL.,NO.260   Sec 2  New Taipei Blvd.SANCHUNG Dist ,NEW TAIPEI, TAIWAN ,ROC",207000000,TPEX,29,8067,src_tw_tpex_portal,證券櫃檯買賣中心,上櫃公司基本資料 mopsfin_t187ap03_O,2026-08-16
16003714,全達國際股份有限公司,"8th Floor, No. 15, Lane 360, Section 1, Neihu RoadNeihu District, Taipei City",807659490,TPEX,29,8068,src_tw_tpex_portal,證券櫃檯買賣中心,上櫃公司基本資料 mopsfin_t187ap03_O,2026-08-16
22099890,元太科技工業股份有限公司,"3, LI  SHIN  RD.  1,  SCIENCE-BASED.  INDUSTRIAL  PARK  HSINCHU, TAIWAN, R.O.C.",11543605550,TPEX,26,8069,src_tw_tpex_portal,證券櫃檯買賣中心,上櫃公司基本資料 mopsfin_t187ap03_O,2026-08-16
84415355,能率網通股份有限公司,"13F-1, No. 27, Lane 169, Kang-Ning St.,Hsi-Chih Dist.,New Taipei City, Taiwan",600842830,TPEX,28,8071,src_tw_tpex_portal,證券櫃檯買賣中心,上櫃公司基本資料 mopsfin_t187ap03_O,2026-08-16
96865657,鉅橡企業股份有限公司,"NO. 12-27, LAI  GUAN  LIAU , CHIA  LIE  CHENG TAINAN  SHIENG,  R.O.C .",869744660,TPEX,28,8074,src_tw_tpex_portal,證券櫃檯買賣中心,上櫃公司基本資料 mopsfin_t187ap03_O,2026-08-16
89961466,伍豐科技股份有限公司,"10F, No.75, Sec. 1 Hsin Tai Wu  Rd., Xizhi Dist.,New Taipei City, Taiwan R. O. C.",2922135920,TPEX,25,8076,src_tw_tpex_portal,證券櫃檯買賣中心,上櫃公司基本資料 mopsfin_t187ap03_O,2026-08-16
89211393,洛碁實業股份有限公司,"3F., No.69, Sec. 2, Nanjing E. Rd., Zhongshan Dist.  Taipei City 104, Taiwan, R.O.C.",219456690,TPEX,16,8077,src_tw_tpex_portal,證券櫃檯買賣中心,上櫃公司基本資料 mopsfin_t187ap03_O,2026-08-16
84492351,泰霖事業股份有限公司,"3F., No. 308, Zhifu Rd., Zhongshan Dist., Taipei CityTaipei City 104, Taiwan (R.O.C.)",671638210,TPEX,14,8080,src_tw_tpex_portal,證券櫃檯買賣中心,上櫃公司基本資料 mopsfin_t187ap03_O,2026-08-16
16264415,瑞穎股份有限公司,"NO.8, WU-CHUAN 3RD ROAD NEW TAIPEI INDUSTRIAL PARK XINZHUANG DISTRICT, NEW TAIPEI CITY, TAIWAN",351331930,TPEX,05,8083,src_tw_tpex_portal,證券櫃檯買賣中心,上櫃公司基本資料 mopsfin_t187ap03_O,2026-08-16
84630087,巨虹電子股份有限公司,"9F-1  NO.258, Liancheng Rd.,Junghe City, Taipei, Taiwan",695141490,TPEX,29,8084,src_tw_tpex_portal,證券櫃檯買賣中心,上櫃公司基本資料 mopsfin_t187ap03_O,2026-08-16
11825450,福華電子股份有限公司,"22, Chungshan N. Rd., 3rd Sec.Taipei, Taiwan.",1399830600,TPEX,31,8085,src_tw_tpex_portal,證券櫃檯買賣中心,上櫃公司基本資料 mopsfin_t187ap03_O,2026-08-16
16130423,宏捷科技股份有限公司,"NO.6 DA-LI 1ST RD. TAINAN SCIENCE-BASED INDUSTRIAL PARK  HSIN-SHI DIST,TAINAN CITY TAIWAN,ROC",1965161230,TPEX,24,8086,src_tw_tpex_portal,證券櫃檯買賣中心,上櫃公司基本資料 mopsfin_t187ap03_O,2026-08-16
16203494,麗升能源科技股份有限公司,"10F-1, No. 1, Songgao Rd.Xinyi Dist., Taipei City, Taiwan, ROC",386691420,TPEX,35,8087,src_tw_tpex_portal,證券櫃檯買賣中心,上櫃公司基本資料 mopsfin_t187ap03_O,2026-08-16
84750054,品安科技股份有限公司,"9F ,No.460, Sec.5 ChenggongRd.,Neihu District,Taipei City 114,Taiwan (R.O.C)Taipei Taiwan 114, R.O.C",609217499,TPEX,24,8088,src_tw_tpex_portal,證券櫃檯買賣中心,上櫃公司基本資料 mopsfin_t187ap03_O,2026-08-16
23727877,康全電訊股份有限公司,"3F-1, 10 Lane 609, Chung Hsin Road, Section 5Sanchong Dist., New Taipei City, Taiwan",659987180,TPEX,27,8089,src_tw_tpex_portal,證券櫃檯買賣中心,上櫃公司基本資料 mopsfin_t187ap03_O,2026-08-16
86436593,翔名科技股份有限公司,"No.221,Nioupu S.Rd.,Siangshan District,Hsinchu City 30091,Taiwan,R.O.C",536084560,TPEX,24,8091,src_tw_tpex_portal,證券櫃檯買賣中心,上櫃公司基本資料 mopsfin_t187ap03_O,2026-08-16
76470282,建暐精密科技股份有限公司,"20-16,Chen Pei Pei Hsiang,Chen Pei Li   Fengshan,Kaohsiung Hsien,Taiwan,R.O.C.",571723250,TPEX,31,8092,src_tw_tpex_portal,證券櫃檯買賣中心,上櫃公司基本資料 mopsfin_t187ap03_O,2026-08-16
23725553,保銳科技股份有限公司,"9F, No. 50, Minquan Road, Xindian District,New Taipei City, Taiwan 231",565675670,TPEX,28,8093,src_tw_tpex_portal,證券櫃檯買賣中心,上櫃公司基本資料 mopsfin_t187ap03_O,2026-08-16
16099112,擎亞電子股份有限公司,"13F,No.3-2,Yuanqu St.Nangang District,Taipei 115,Taiwan,R.O.C",1493430660,TPEX,29,8096,src_tw_tpex_portal,證券櫃檯買賣中心,上櫃公司基本資料 mopsfin_t187ap03_O,2026-08-16
22206879,常珵科技股份有限公司,"1F., No.236, Bo’ai St.Shulin Dist., New Taipei City , Taiwan",638024680,TPEX,27,8097,src_tw_tpex_portal,證券櫃檯買賣中心,上櫃公司基本資料 mopsfin_t187ap03_O,2026-08-16
70771557,大同世界科技股份有限公司,"22 CHUNGSHAN N. RD., 3RD SEC., TAIPEI, TAIWAN, 104, R. O.C.TAIPEI-CITY, R. O. C.",1000728000,TPEX,30,8099,src_tw_tpex_portal,證券櫃檯買賣中心,上櫃公司基本資料 mopsfin_t187ap03_O,2026-08-16
86976198,傑霖科技股份有限公司,"8F, No. 179, Jian 1ST Rd., Zhonghe Dist.,New Taipei City 235045 ,Taiwan (R.O.C.)",233583500,TPEX,24,8102,src_tw_tpex_portal,證券櫃檯買賣中心,上櫃公司基本資料 mopsfin_t187ap03_O,2026-08-16
16359284,大億金茂股份有限公司,"No.39, Xinle Rd., South Dist.,Tainan City 702, Taiwan (R.O.C.)",750000000,TPEX,05,8107,src_tw_tpex_portal,證券櫃檯買賣中心,上櫃公司基本資料 mopsfin_t187ap03_O,2026-08-16
86757291,博大科技股份有限公司,"NO.36,ROAD22TH,TAICHUNGINDUSTRIALPARK,TAICHUNG,TAIWAN,R.O.C.",821612360,TPEX,28,8109,src_tw_tpex_portal,證券櫃檯買賣中心,上櫃公司基本資料 mopsfin_t187ap03_O,2026-08-16
23378792,立碁電子工業股份有限公司,"No.238,Bo'ai StShulin District, New Taipei City R.O.C.",1091022230,TPEX,26,8111,src_tw_tpex_portal,證券櫃檯買賣中心,上櫃公司基本資料 mopsfin_t187ap03_O,2026-08-16
86124395,越峰電子材料股份有限公司,"8th Floor, No. 39, Ji-Hu Rd., Nei-Hu Dist.,Taipei, Taiwan, R.O.C.",2129937430,TPEX,28,8121,src_tw_tpex_portal,證券櫃檯買賣中心,上櫃公司基本資料 mopsfin_t187ap03_O,2026-08-16
22324051,正淩精密工業股份有限公司,"1F , No.5 , Lane. 169, Kangning St.,Xizhi Dist., New Taipei City 221, Taiwan",416346660,TPEX,28,8147,src_tw_tpex_portal,證券櫃檯買賣中心,上櫃公司基本資料 mopsfin_t187ap03_O,2026-08-16
89495531,博智電子股份有限公司,"128 Gong 2nd Rd., Wu Lin Village.Tao Yuan, TAIWAN, R.O.C",606934260,TPEX,28,8155,src_tw_tpex_portal,證券櫃檯買賣中心,上櫃公司基本資料 mopsfin_t187ap03_O,2026-08-16
38426929,天宇工業股份有限公司,"5F,NO.8,Lane130,Ming Chuan Rd.,  Hsin Tien Dist., New Taipei City,Taiwan",1128533260,TPEX,35,8171,src_tw_tpex_portal,證券櫃檯買賣中心,上櫃公司基本資料 mopsfin_t187ap03_O,2026-08-16
84149408,智捷科技股份有限公司,"5F,NO.8 HSIN-ANN RD,HSINCHU SCIENCE PARK,HSINCHU TAIWANHsinchu,Taiwan R.O.C.",717010000,TPEX,27,8176,src_tw_tpex_portal,證券櫃檯買賣中心,上櫃公司基本資料 mopsfin_t187ap03_O,2026-08-16
75914885,加高電子股份有限公司,"No.39, Huadong Rd., Tafa industrial Park.,Daliao DistKaohsiung City 831, Taiwan (R.O.C.)",1070412150,TPEX,28,8182,src_tw_tpex_portal,證券櫃檯買賣中心,上櫃公司基本資料 mopsfin_t187ap03_O,2026-08-16
23984925,台灣精星科技股份有限公司,"12 Shyr Jiann Road, Hsin-Chu Industrial District.Hsin-Chu,Taiwan.",1212510680,TPEX,31,8183,src_tw_tpex_portal,證券櫃檯買賣中心,上櫃公司基本資料 mopsfin_t187ap03_O,2026-08-16
86169913,巨有科技股份有限公司,"8TH FL., NO.88, SEC.1, NEI HU RD.  TAIPEI 114, TAIWAN, R.O.C.",395430000,TPEX,24,8227,src_tw_tpex_portal,證券櫃檯買賣中心,上櫃公司基本資料 mopsfin_t187ap03_O,2026-08-16
86891972,新漢股份有限公司,"9F., No.920, Zhongzheng Rd., Zhonghe Dist.,New Taipei City 235, Taiwan, R.O.C.",1412264720,TPEX,25,8234,src_tw_tpex_portal,證券櫃檯買賣中心,上櫃公司基本資料 mopsfin_t187ap03_O,2026-08-16
83428825,華宏新技股份有限公司,"6&7,11F,NO.235,Chung Cheng 4th Road  Kaohsiung,Taiwan,R.O.C",1000044140,TPEX,26,8240,src_tw_tpex_portal,證券櫃檯買賣中心,上櫃公司基本資料 mopsfin_t187ap03_O,2026-08-16
16748101,朋程科技股份有限公司,"1F,No 22 ,Sec 2, Nan-Kan Rd.,Luchu Hsiang, Taoyuan, R.O.C.",1017974800,TPEX,05,8255,src_tw_tpex_portal,證券櫃檯買賣中心,上櫃公司基本資料 mopsfin_t187ap03_O,2026-08-16
16325089,全景軟體股份有限公司,"2F, 48 Park Ave.2, Hsinchu Science Park,Hsinchu 30844,TaiwanHsinchin ,Taiwan",189977550,TPEX,30,8272,src_tw_tpex_portal,證券櫃檯買賣中心,上櫃公司基本資料 mopsfin_t187ap03_O,2026-08-16
84783772,商丞科技股份有限公司,"3F.-6, No. 5, Aly. 22, Ln. 513, Ruiguang Rd., Neihu Dist.Taipei City 114063 , Taiwan (R.O.C.)",395000000,TPEX,24,8277,src_tw_tpex_portal,證券櫃檯買賣中心,上櫃公司基本資料 mopsfin_t187ap03_O,2026-08-16
16130471,生展生物科技股份有限公司,"Building A, NO.154,Kai-Yuan Road,Hsin-Ying(730), Tainan, Taiwan",271008510,TPEX,22,8279,src_tw_tpex_portal,證券櫃檯買賣中心,上櫃公司基本資料 mopsfin_t187ap03_O,2026-08-16
86136982,三竹資訊股份有限公司,"11F, No. 39, Sec. 2, Hsin Sheng N. Rd.Taipei, Taiwan, R.O.C.",473420000,TPEX,30,8284,src_tw_tpex_portal,證券櫃檯買賣中心,上櫃公司基本資料 mopsfin_t187ap03_O,2026-08-16
70540563,泰藝電子股份有限公司,"No.5, Shutan St., Shulin DistNew Taipei City, Taiwan (R.O.C.)",683337650,TPEX,28,8289,src_tw_tpex_portal,證券櫃檯買賣中心,上櫃公司基本資料 mopsfin_t187ap03_O,2026-08-16
16431363,尚茂電子材料股份有限公司,"No.208, Sec. 2, Binhai Rd., Dayuan Dist.,Taoyuan City 337, Taiwan (R.O.C.)",174784500,TPEX,28,8291,src_tw_tpex_portal,證券櫃檯買賣中心,上櫃公司基本資料 mopsfin_t187ap03_O,2026-08-16
12649951,群聯電子股份有限公司,"10F-6, No.251, Fuxing 1st St.Zhubei City, Hsinchu County 302, Taiwan",2210857470,TPEX,24,8299,src_tw_tpex_portal,證券櫃檯買賣中心,上櫃公司基本資料 mopsfin_t187ap03_O,2026-08-16
22492367,益張實業股份有限公司,"4,HSING  KUNG  RD.,LUN  CHIAO  VILLAGE , PITOU  HSIANG  CHANG  HUA  HSIEN ,TAIWAN",335366920,TPEX,20,8342,src_tw_tpex_portal,證券櫃檯買賣中心,上櫃公司基本資料 mopsfin_t187ap03_O,2026-08-16
69916350,恒耀國際股份有限公司,"3F, NO.203, SEC.1,  CHANG-RONG  ROAD,TAINAN,  TAIWAN, R.O.C.",2188213910,TPEX,10,8349,src_tw_tpex_portal,證券櫃檯買賣中心,上櫃公司基本資料 mopsfin_t187ap03_O,2026-08-16
86779099,冠好科技股份有限公司,"No. 239, Chenggong 3rd RdNantou City, TAIWA",785322630,TPEX,20,8354,src_tw_tpex_portal,證券櫃檯買賣中心,上櫃公司基本資料 mopsfin_t187ap03_O,2026-08-16
16447610,金居開發股份有限公司,"18F,392,Ruey Kuang Road, Neihu, TaipeiTaipei, Taiwan, R.O.C.",2525880000,TPEX,28,8358,src_tw_tpex_portal,證券櫃檯買賣中心,上櫃公司基本資料 mopsfin_t187ap03_O,2026-08-16
12378253,千附實業股份有限公司,"9F, No. 99, Sec. 1, Nan-Kan Road, Lu-Chu Dist. , Taoyuan City , TaiwanTaoyuan   Taiwan",1137604820,TPEX,24,8383,src_tw_tpex_portal,證券櫃檯買賣中心,上櫃公司基本資料 mopsfin_t187ap03_O,2026-08-16
97419282,金益鼎企業股份有限公司,"599, Sec. 6, Xibin Rd.,Hsinchu Taiwan",961161280,TPEX,35,8390,src_tw_tpex_portal,證券櫃檯買賣中心,上櫃公司基本資料 mopsfin_t187ap03_O,2026-08-16
70730281,白紗科技印刷股份有限公司,"No.116, Sec. 1, Xiangshun Rd.,Taiping City, Taichung , Taiwan, R.O.C",706690580,TPEX,20,8401,src_tw_tpex_portal,證券櫃檯買賣中心,上櫃公司基本資料 mopsfin_t187ap03_O,2026-08-16
80563852,盛弘醫藥股份有限公司,"19F., No. 168, Jingguo Rd.,Taoyuan 330,Taiwan",1376403430,TPEX,22,8403,src_tw_tpex_portal,證券櫃檯買賣中心,上櫃公司基本資料 mopsfin_t187ap03_O,2026-08-16
22743619,商之器科技股份有限公司,"5Fl., No.516, sec.1,Neihu Rd.Taipei 114,Taiwan",320000000,TPEX,22,8409,src_tw_tpex_portal,證券櫃檯買賣中心,上櫃公司基本資料 mopsfin_t187ap03_O,2026-08-16
68682185,森田印刷廠股份有限公司,"No.85, Keji 5th Rd., Annan Dist., Tainan City 709, Taiwan (R.O.C.)Tainan Taiwan R.O.C.",365892000,TPEX,25,8410,src_tw_tpex_portal,證券櫃檯買賣中心,上櫃公司基本資料 mopsfin_t187ap03_O,2026-08-16
28754606,大成國際鋼鐵股份有限公司,"No. 122, Yilin RoadRende Township, Tainan, Taiwan",10315000000,TPEX,10,8415,src_tw_tpex_portal,證券櫃檯買賣中心,上櫃公司基本資料 mopsfin_t187ap03_O,2026-08-16
27746072,實威國際股份有限公司,"5F-5, NO. 28, LANE 78, XING-AI RD.,NEI HU, TAIPEI, TAIWAN, ROC",282107100,TPEX,30,8416,src_tw_tpex_portal,證券櫃檯買賣中心,上櫃公司基本資料 mopsfin_t187ap03_O,2026-08-16
27476083,旭源包裝科技股份有限公司,"No. 10, Lane 33, Lane 98, Xinlong Road, Xinpu TownshHSINCHU COUNTY, TAIWAN, R.O.C.",548171400,TPEX,20,8421,src_tw_tpex_portal,證券櫃檯買賣中心,上櫃公司基本資料 mopsfin_t187ap03_O,2026-08-16
53003483,保綠資源股份有限公司,"Suite 102,Cannon Place, P.O.Box712,North Sound Rd., Grand Cayman,KY1-9006 Cayman Islands",417140300,TPEX,35,8423,src_tw_tpex_portal,證券櫃檯買賣中心,上櫃公司基本資料 mopsfin_t187ap03_O,2026-08-16
12371385,惠普股份有限公司,"5 F., No. 8, Xinhu 1st Rd., Neihu DistTaipei City , Taiwan (R.O.C.)",360543680,TPEX,14,8424,src_tw_tpex_portal,證券櫃檯買賣中心,上櫃公司基本資料 mopsfin_t187ap03_O,2026-08-16
53003863,紅木集團有限公司,25 Sungei Kadut Street 2Singapore,502425000,TPEX,20,8426,src_tw_tpex_portal,證券櫃檯買賣中心,上櫃公司基本資料 mopsfin_t187ap03_O,2026-08-16
29061764,匯鑽科技股份有限公司,"7F., No.151, Xinhu 1st Rd., Neihu Dist.,Taipei City 114, Taiwan (R.O.C.)",487783310,TPEX,31,8431,src_tw_tpex_portal,證券櫃檯買賣中心,上櫃公司基本資料 mopsfin_t187ap03_O,2026-08-16
53093421,東生華製藥股份有限公司,"3F-1,No.3-1, Park St., Nangang Dist.,Taipei,Taiwan, R.O.C.",383981400,TPEX,22,8432,src_tw_tpex_portal,證券櫃檯買賣中心,上櫃公司基本資料 mopsfin_t187ap03_O,2026-08-16
12547173,弘帆股份有限公司,"5F,NO.17,360 LANE,SEC.1 NE-HU ROAD,TAIPEI, TAIWAN R.O.C.",545060980,TPEX,38,8433,src_tw_tpex_portal,證券櫃檯買賣中心,上櫃公司基本資料 mopsfin_t187ap03_O,2026-08-16
12137902,台灣鉅邁股份有限公司,"5F-4,No77,Sec.1,Xintai 5Th Rd.,Xizhi Dist.,New Taipei City22101,Taiwan",352004500,TPEX,20,8435,src_tw_tpex_portal,證券櫃檯買賣中心,上櫃公司基本資料 mopsfin_t187ap03_O,2026-08-16
12292039,大江生醫股份有限公司,"8F, NO.187  Kang Chien Rd.,Taipei , Taiwan R.O.C",1177288300,TPEX,22,8436,src_tw_tpex_portal,證券櫃檯買賣中心,上櫃公司基本資料 mopsfin_t187ap03_O,2026-08-16
41421434,大地幼教股份有限公司,"Rm. 217, 11F., No. 51, Hengyang Rd., Zhongzheng Dist.,Taipei City 100504 , Taiwan (R.O.C.)",470140700,TPEX,20,8437,src_tw_tpex_portal,證券櫃檯買賣中心,上櫃公司基本資料 mopsfin_t187ap03_O,2026-08-16
16636181,綠電再生股份有限公司,"No.128, Ln. 313, Taizun Rd., Touhu Vil., Yangmei Dist.,Taoyuan City 32669, Taiwan (R.O.C.)",502552990,TPEX,35,8440,src_tw_tpex_portal,證券櫃檯買賣中心,上櫃公司基本資料 mopsfin_t187ap03_O,2026-08-16
54387326,綠河股份有限公司,"222 Moo 4, T.Thachang, A.BangklumSongkhla, Thailand",1251048450,TPEX,20,8444,src_tw_tpex_portal,證券櫃檯買賣中心,上櫃公司基本資料 mopsfin_t187ap03_O,2026-08-16
16842491,華研國際音樂股份有限公司,"15 F., No 135, Sec.2 , Jian Guo N Rd.Taipei, Taiwan",529144050,TPEX,32,8446,src_tw_tpex_portal,證券櫃檯買賣中心,上櫃公司基本資料 mopsfin_t187ap03_O,2026-08-16
97053241,霹靂國際多媒體股份有限公司,"32F., No. 95, Sec. 1, Xintai 5th Rd.,Xizhi Dist., New Taipei City,Taiwan",513099470,TPEX,32,8450,src_tw_tpex_portal,證券櫃檯買賣中心,上櫃公司基本資料 mopsfin_t187ap03_O,2026-08-16
54385657,蓋曼群島商日本大拓股份有限公司,"190 ElginAvenue,George TownGrand Cayman KY1-9005,Cayman Islands",252190560,TPEX,31,8455,src_tw_tpex_portal,證券櫃檯買賣中心,上櫃公司基本資料 mopsfin_t187ap03_O,2026-08-16
25145643,納維康生技股份有限公司,"Rm. 6, 2F., No. 262, Sec. 2, Beixin Rd., Xindian DistNew Taipei City , Taiwan (R.O.C.)",177358000,TPEX,36,8472,src_tw_tpex_portal,證券櫃檯買賣中心,上櫃公司基本資料 mopsfin_t187ap03_O,2026-08-16
53761823,創業家數位股份有限公司,"4F., No. 6, Zhongshan Rd., Rende Dist.Tainan City 717, Taiwan (R.O.C.)",841706160,TPEX,36,8477,src_tw_tpex_portal,證券櫃檯買賣中心,上櫃公司基本資料 mopsfin_t187ap03_O,2026-08-16
28443147,三貝德數位文創股份有限公司,"5F., No.2, Ln. 609, Sec. 5, Chongxin Rd., Sanchong Dist., New Taipei City 241New Taipei City 241, Taiwan(R.O.C)",599489600,TPEX,20,8489,src_tw_tpex_portal,證券櫃檯買賣中心,上櫃公司基本資料 mopsfin_t187ap03_O,2026-08-16
23641978,裕國冷凍冷藏股份有限公司,NO.3 Industrial 2ND RD.  Taichung  Taiwan,1194400000,TPEX,20,8905,src_tw_tpex_portal,證券櫃檯買賣中心,上櫃公司基本資料 mopsfin_t187ap03_O,2026-08-16
33742362,花王企業股份有限公司,"No.65 Chung Shan Rd., Tu Cheng Dist.New Taipei City, Taiwan, R.O.C.",440373700,TPEX,20,8906,src_tw_tpex_portal,證券櫃檯買賣中心,上櫃公司基本資料 mopsfin_t187ap03_O,2026-08-16
07861475,欣雄天然氣股份有限公司,"99 KUO TAI ROAD SEC.1 FENG SHAN,KAOHSIUNG COUNTY TAIWAN",3153327420,TPEX,23,8908,src_tw_tpex_portal,證券櫃檯買賣中心,上櫃公司基本資料 mopsfin_t187ap03_O,2026-08-16
33111800,光隆實業股份有限公司,"16TH FL.NO.105,THN-HWA S.RD SEC.2 TAIWAN.R.O.C  TAIPEI TAIWAN",1505791510,TPEX,20,8916,src_tw_tpex_portal,證券櫃檯買賣中心,上櫃公司基本資料 mopsfin_t187ap03_O,2026-08-16
22000004,欣泰石油氣股份有限公司,"No.221, Sec. 2, Zhonghua Rd.,Tucheng Dist.,New Taipei City 236, Taiwan (R.O.C.)",1626524590,TPEX,23,8917,src_tw_tpex_portal,證券櫃檯買賣中心,上櫃公司基本資料 mopsfin_t187ap03_O,2026-08-16
15820097,沈氏藝術印刷股份有限公司,"No.7,Lane365,Sec.1,Chung-Yung Road,To-Chen,Taipei Hsien,Taiwan,R.O.C.",465921590,TPEX,20,8921,src_tw_tpex_portal,證券櫃檯買賣中心,上櫃公司基本資料 mopsfin_t187ap03_O,2026-08-16
01405937,時報文化出版企業股份有限公司,"1-7F, No.240, Sec. 3, Heping W. Rd., Wanhua Dist.,    TAIPEI,  R.O.C.",303758000,TPEX,32,8923,src_tw_tpex_portal,證券櫃檯買賣中心,上櫃公司基本資料 mopsfin_t187ap03_O,2026-08-16
23060009,大田精密工業股份有限公司,"NO.8 CHIEN-FU ROAD, NEI-PU INDUSTRIAL ZONEPING-TUNG HSIEN, TAIWAN, R.O.C.",838000000,TPEX,37,8924,src_tw_tpex_portal,證券櫃檯買賣中心,上櫃公司基本資料 mopsfin_t187ap03_O,2026-08-16
23218091,北基國際股份有限公司,"No.137, Shinhai Rd., Banqiao Dist., New Taipei City 220",4190683670,TPEX,23,8927,src_tw_tpex_portal,證券櫃檯買賣中心,上櫃公司基本資料 mopsfin_t187ap03_O,2026-08-16
85634075,鉅明股份有限公司,"No. 8, Hoye 8th Rd., Daliao Dist.,Kaohsiung City,Taiwan,R.O.C.",508540150,TPEX,37,8928,src_tw_tpex_portal,證券櫃檯買賣中心,上櫃公司基本資料 mopsfin_t187ap03_O,2026-08-16
30851864,富堡工業股份有限公司,"2F-3,NO,130,sec.2,Zhong-Xiao E,Road.,Taipei TaiwanTaipei, Taiwan 100, R.O.C.",505808620,TPEX,20,8929,src_tw_tpex_portal,證券櫃檯買賣中心,上櫃公司基本資料 mopsfin_t187ap03_O,2026-08-16
69797158,青鋼應用材料股份有限公司,"No.9, Gongye Rd., Guantian DistTainan City,Taiwan,R.O.C.",818094060,TPEX,10,8930,src_tw_tpex_portal,證券櫃檯買賣中心,上櫃公司基本資料 mopsfin_t187ap03_O,2026-08-16
84526079,大園汽電共生股份有限公司,"NO.276, CHAOYIN N RDDAYUAN  DIST.,  TAOYUAN  CITY ,  TAIWAN.",1222548620,TPEX,23,8931,src_tw_tpex_portal,證券櫃檯買賣中心,上櫃公司基本資料 mopsfin_t187ap03_O,2026-08-16
35892013,智通科創股份有限公司,"7F,NO.196,JOUTZ ST,NEIHU DIST.,TAIPEI 114, TAIWAN, R.O.C.",894908210,TPEX,36,8932,src_tw_tpex_portal,證券櫃檯買賣中心,上櫃公司基本資料 mopsfin_t187ap03_O,2026-08-16
97506791,愛地雅工業股份有限公司,"No. 497, Sec. 1, Gangbu Rd., Caonan Vil., Wuqi Dist.,Taichung City 435054, Taiwan (R.O.C.)",3267243050,TPEX,37,8933,src_tw_tpex_portal,證券櫃檯買賣中心,上櫃公司基本資料 mopsfin_t187ap03_O,2026-08-16
52784171,邦泰複合材料股份有限公司,"No.23-6, Longxing Ln., Sec. 2, Fengxing Rd., Tanzi Dist.,Taichung Taiwan",1134950000,TPEX,20,8935,src_tw_tpex_portal,證券櫃檯買賣中心,上櫃公司基本資料 mopsfin_t187ap03_O,2026-08-16
91888619,國統國際股份有限公司,"400,Matzu Rd., Xinyuan Township,Pingtung County, Taiwan, R.O.C.",2480781570,TPEX,20,8936,src_tw_tpex_portal,證券櫃檯買賣中心,上櫃公司基本資料 mopsfin_t187ap03_O,2026-08-16
66338721,合騏工業股份有限公司,"No.2 YI-KUNG 2 ROAD. YI-CHU INDUSTRIAL AREA, YI-CHU HSIANG,CHIA-YI HSIEN, TAIWAN, R.O.C",1079200680,TPEX,20,8937,src_tw_tpex_portal,證券櫃檯買賣中心,上櫃公司基本資料 mopsfin_t187ap03_O,2026-08-16
22532826,明安國際企業股份有限公司,"NO. 26  CHUNG LIN RD, LIN HAI INDUSTRIAL DISTRICTKAOHSIUNG, TAIWAN, R.O.C.",1569864900,TPEX,37,8938,src_tw_tpex_portal,證券櫃檯買賣中心,上櫃公司基本資料 mopsfin_t187ap03_O,2026-08-16
14062738,關中股份有限公司,"9TH, NO. 298, RUEIGUANG RD., NEIHU,TAIPEI, TAIWAN, R.O.C.",349720710,TPEX,38,8941,src_tw_tpex_portal,證券櫃檯買賣中心,上櫃公司基本資料 mopsfin_t187ap03_O,2026-08-16
89845559,森鉅科技材料股份有限公司,"No. 16, Lane 10, Zhongshan RoadRende District, Tainan City, Taiwan",1988422550,TPEX,20,8942,src_tw_tpex_portal,證券櫃檯買賣中心,上櫃公司基本資料 mopsfin_t187ap03_O,2026-08-16
84767175,琉園股份有限公司,"22F., No.80, Sec. 1, Chenggong Rd., Yonghe Dist.,New Taipei City 23452, Taiwan (R.O.C.)",448607630,TPEX,32,9949,src_tw_tpex_portal,證券櫃檯買賣中心,上櫃公司基本資料 mopsfin_t187ap03_O,2026-08-16
73644351,萬國通路股份有限公司,"NO. 1, SEC. 2, ZHONGZHENG S. RD., GUIREN DIST.,TAINAN CITY 711, TAIWAN (R.O.C.)",1677160000,TPEX,03,9950,src_tw_tpex_portal,證券櫃檯買賣中心,上櫃公司基本資料 mopsfin_t187ap03_O,2026-08-16
73707377,皇田工業股份有限公司,"No.6, Yongke 5th Rd.,Yongkang Dist., Tainan City, Taiwan",733000000,TPEX,05,9951,src_tw_tpex_portal,證券櫃檯買賣中心,上櫃公司基本資料 mopsfin_t187ap03_O,2026-08-16
16824183,邁達康網路事業股份有限公司,"2F #29  HAI  BIAN  ROADKAOHSIUNG,  TAIWAN  R.O.C",335925000,TPEX,37,9960,src_tw_tpex_portal,證券櫃檯買賣中心,上櫃公司基本資料 mopsfin_t187ap03_O,2026-08-16
96862363,有益鋼鐵股份有限公司,"NO.2 YEONG GONG 10TH ROAD, YEONG AN DISTRICTKAOHSIUNG CITY, TAIWAN, R.O.C.",902202600,TPEX,10,9962,src_tw_tpex_portal,證券櫃檯買賣中心,上櫃公司基本資料 mopsfin_t187ap03_O,2026-08-16
28428390,臺銀綜合證券股份有限公司,臺北市重慶南路1段58號4~9樓,3000000000,PUBLIC,XX,000104,src_tw_twse_portal,臺灣證券交易所,公開發行公司基本資料 t187ap03_P,2026-08-15
36552651,亞東證券股份有限公司,新北市板橋區新站路16號13、14樓,4222789020,PUBLIC,XX,000218,src_tw_twse_portal,臺灣證券交易所,公開發行公司基本資料 t187ap03_P,2026-08-15
22956788,富隆證券股份有限公司,北市南京東路三段287號3樓,738680030,PUBLIC,XX,000511,src_tw_twse_portal,臺灣證券交易所,公開發行公司基本資料 t187ap03_P,2026-08-15
22958842,高橋證券股份有限公司,桃園市中壢區中和路９６號,478555090,PUBLIC,XX,000532,src_tw_twse_portal,臺灣證券交易所,公開發行公司基本資料 t187ap03_P,2026-08-15
22959223,第一金證券股份有限公司,台北市長安東路一段22號4樓,6700000000,PUBLIC,XX,000538,src_tw_twse_portal,臺灣證券交易所,公開發行公司基本資料 t187ap03_P,2026-08-15
23111648,寶盛證券股份有限公司,台中市北屯區北興街43號一樓及二樓,312000000,PUBLIC,XX,000546,src_tw_twse_portal,臺灣證券交易所,公開發行公司基本資料 t187ap03_P,2026-08-15
22957745,永興證券股份有限公司,台北市中正區南海路20號2樓,297000000,PUBLIC,XX,000560,src_tw_twse_portal,臺灣證券交易所,公開發行公司基本資料 t187ap03_P,2026-08-15
23226260,(牛牛牛)亞證券股份有限公司,台北市復興北路99號三樓,1137554000,PUBLIC,XX,000601,src_tw_twse_portal,臺灣證券交易所,公開發行公司基本資料 t187ap03_P,2026-08-15
23416851,中國信託綜合證券股份有限公司,台北市南港區經貿二路168號3樓,7904542390,PUBLIC,XX,000616,src_tw_twse_portal,臺灣證券交易所,公開發行公司基本資料 t187ap03_P,2026-08-15
23417015,光和證券股份有限公司,彰化縣北斗鎮光復路166號3.4樓,440783130,PUBLIC,XX,000638,src_tw_twse_portal,臺灣證券交易所,公開發行公司基本資料 t187ap03_P,2026-08-15
23469771,大昌證券股份有限公司,新北市板橋區東門街三十之二號二樓之一至八十五及九樓之一、二,900000000,PUBLIC,XX,000646,src_tw_twse_portal,臺灣證券交易所,公開發行公司基本資料 t187ap03_P,2026-08-15
23470904,福勝證券股份有限公司,新北市淡水區中正路63號3.4.5F,255000000,PUBLIC,XX,000695,src_tw_twse_portal,臺灣證券交易所,公開發行公司基本資料 t187ap03_P,2026-08-15
23474649,兆豐證券股份有限公司,台北市忠孝東路2段95號3樓,12100000000,PUBLIC,XX,000700,src_tw_twse_portal,臺灣證券交易所,公開發行公司基本資料 t187ap03_P,2026-08-15
23474227,石橋證券股份有限公司,桃園市平鎮區環南路二段16號,202000000,PUBLIC,XX,000708,src_tw_twse_portal,臺灣證券交易所,公開發行公司基本資料 t187ap03_P,2026-08-15
23530972,北城證券股份有限公司,新北市永和區永和路二段116號3樓,203465290,PUBLIC,XX,000775,src_tw_twse_portal,臺灣證券交易所,公開發行公司基本資料 t187ap03_P,2026-08-15
23535744,國票綜合證券股份有限公司,台北市中山區樂群三路128號5樓,11500000000,PUBLIC,XX,000779,src_tw_twse_portal,臺灣證券交易所,公開發行公司基本資料 t187ap03_P,2026-08-15
23534956,台新綜合證券股份有限公司,台北市中山區中山北路二段44號2樓,25054070680,PUBLIC,XX,000815,src_tw_twse_portal,臺灣證券交易所,公開發行公司基本資料 t187ap03_P,2026-08-15
23827117,安泰證券股份有限公司,高雄市鳳山區五褔二路36號,300000000,PUBLIC,XX,000838,src_tw_twse_portal,臺灣證券交易所,公開發行公司基本資料 t187ap03_P,2026-08-15
84703412,新光證券股份有限公司,台北市重慶南路1段66-1號5樓,3234000000,PUBLIC,XX,000856,src_tw_twse_portal,臺灣證券交易所,公開發行公司基本資料 t187ap03_P,2026-08-15
27236155,國泰綜合證券股份有限公司,台北市敦化南路二段218號3樓、4樓、7樓,7700000000,PUBLIC,XX,000888,src_tw_twse_portal,臺灣證券交易所,公開發行公司基本資料 t187ap03_P,2026-08-15
22955774,華南永昌綜合證券股份有限公司,臺北市民生東路4段54號5樓,6547743460,PUBLIC,XX,000930,src_tw_twse_portal,臺灣證券交易所,公開發行公司基本資料 t187ap03_P,2026-08-15
22957301,富邦綜合證券股份有限公司,臺北市大安區仁愛路4段169號3.4樓,16258551470,PUBLIC,XX,000960,src_tw_twse_portal,臺灣證券交易所,公開發行公司基本資料 t187ap03_P,2026-08-15
97160609,元大證券股份有限公司,台北市南京東路3段219號11樓,65924526430,PUBLIC,XX,000980,src_tw_twse_portal,臺灣證券交易所,公開發行公司基本資料 t187ap03_P,2026-08-15
23113343,永豐金證券股份有限公司,台北市中正區重慶南路一段二號七樓、十八樓及二十樓,16892430000,PUBLIC,XX,0009A0,src_tw_twse_portal,臺灣證券交易所,公開發行公司基本資料 t187ap03_P,2026-08-15
36513594,欣欣水泥企業股份有限公司,花蓮市國聯二路95號,930330840,PUBLIC,01,1111,src_tw_twse_portal,臺灣證券交易所,公開發行公司基本資料 t187ap03_P,2026-08-15
03794905,台灣糖業股份有限公司,臺南市東區生產路68號,56367498650,PUBLIC,02,1237,src_tw_twse_portal,臺灣證券交易所,公開發行公司基本資料 t187ap03_P,2026-08-15
15319335,新東陽股份有限公司,台北市大安區忠孝東路四段289號8樓,880000000,PUBLIC,02,1242,src_tw_twse_portal,臺灣證券交易所,公開發行公司基本資料 t187ap03_P,2026-08-15
89480404,中聯油脂股份有限公司,台中市清水區海濱里北堤路1-8號,600000000,PUBLIC,02,1246,src_tw_twse_portal,臺灣證券交易所,公開發行公司基本資料 t187ap03_P,2026-08-15
84478111,京華堂實業股份有限公司,台北市內湖區瑞光路258巷52號1樓,235460320,PUBLIC,02,1267,src_tw_twse_portal,臺灣證券交易所,公開發行公司基本資料 t187ap03_P,2026-08-15
03707901,台灣中油股份有限公司,高雄市楠梓區宏南里左楠路2號,130100000000,PUBLIC,03,1328,src_tw_twse_portal,臺灣證券交易所,公開發行公司基本資料 t187ap03_P,2026-08-15
35082604,中興紡織廠股份有限公司,台北市信義區基隆路一段200號6樓之1,5450703820,PUBLIC,04,1408,src_tw_twse_portal,臺灣證券交易所,公開發行公司基本資料 t187ap03_P,2026-08-15
11824327,台全電機股份有限公司,台北市南京東路3段346號7樓,425250000,PUBLIC,05,1550,src_tw_twse_portal,臺灣證券交易所,公開發行公司基本資料 t187ap03_P,2026-08-15
58303609,金豐機器工業股份有限公司,彰化市莿桐里彰水路186號,1685554000,PUBLIC,05,1557,src_tw_twse_portal,臺灣證券交易所,公開發行公司基本資料 t187ap03_P,2026-08-15
12642444,鎧鉅科技股份有限公司,新北市三峽區介壽路一段412巷18號,577000000,PUBLIC,20,1585,src_tw_twse_portal,臺灣證券交易所,公開發行公司基本資料 t187ap03_P,2026-08-15
41134952,英瑞國際股份有限公司,台南市安平區慶平路573號10樓,1109782500,PUBLIC,12,1592,src_tw_twse_portal,臺灣證券交易所,公開發行公司基本資料 t187ap03_P,2026-08-15
03064800,太平洋電線電纜股份有限公司,桃園市楊梅區快速路五段858號,7359000000,PUBLIC,06,1602,src_tw_twse_portal,臺灣證券交易所,公開發行公司基本資料 t187ap03_P,2026-08-15
34284955,台一國際股份有限公司,台北市民生東路三段129號10樓,2274184710,PUBLIC,06,1613,src_tw_twse_portal,臺灣證券交易所,公開發行公司基本資料 t187ap03_P,2026-08-15
05024240,大展電線電纜股份有限公司,桃園市觀音區富源里新富路855號,857460020,PUBLIC,06,1619,src_tw_twse_portal,臺灣證券交易所,公開發行公司基本資料 t187ap03_P,2026-08-15
56065601,永信藥品工業股份有限公司,台中市大甲區中山路一段1191號,1096225280,PUBLIC,07,1716,src_tw_twse_portal,臺灣證券交易所,公開發行公司基本資料 t187ap03_P,2026-08-15
22820164,欣雲天然氣股份有限公司,斗六市鎮西路3號,871355700,PUBLIC,07,1739,src_tw_twse_portal,臺灣證券交易所,公開發行公司基本資料 t187ap03_P,2026-08-15
43147546,欣桃天然氣股份有限公司,桃園市法治路10號,1828449170,PUBLIC,07,1740,src_tw_twse_portal,臺灣證券交易所,公開發行公司基本資料 t187ap03_P,2026-08-15
22658633,欣嘉石油氣股份有限公司,嘉義市和平路45號,437661770,PUBLIC,07,1745,src_tw_twse_portal,臺灣證券交易所,公開發行公司基本資料 t187ap03_P,2026-08-15
68387705,奇美實業股份有限公司,台南市仁德區中正路一段398號,18167379930,PUBLIC,07,1763,src_tw_twse_portal,臺灣證券交易所,公開發行公司基本資料 t187ap03_P,2026-08-15
11384806,長春石油化學股份有限公司,台北市中山區松江路301號7樓,7151862870,PUBLIC,07,1764,src_tw_twse_portal,臺灣證券交易所,公開發行公司基本資料 t187ap03_P,2026-08-15
11384708,長春人造樹脂廠股份有限公司,高雄市大寮區華西路8號,4375171350,PUBLIC,07,1765,src_tw_twse_portal,臺灣證券交易所,公開發行公司基本資料 t187ap03_P,2026-08-15
12233428,大連化學工業股份有限公司,高雄市大寮區華西路8-1號,4935573680,PUBLIC,07,1766,src_tw_twse_portal,臺灣證券交易所,公開發行公司基本資料 t187ap03_P,2026-08-15
29705246,陽明山瓦斯股份有限公司,台北市北投區中央南路二段七十二號,744093430,PUBLIC,07,1767,src_tw_twse_portal,臺灣證券交易所,公開發行公司基本資料 t187ap03_P,2026-08-15
51326774,欣中天然氣股份有限公司,台中市西屯區天水中街36號,1803073160,PUBLIC,07,1769,src_tw_twse_portal,臺灣證券交易所,公開發行公司基本資料 t187ap03_P,2026-08-15
43211700,信東生技股份有限公司,桃園市介壽路22號,3200000000,PUBLIC,07,1770,src_tw_twse_portal,臺灣證券交易所,公開發行公司基本資料 t187ap03_P,2026-08-15
51008069,大東樹脂化學股份有限公司,台中市西屯區工業區34路35號,880000000,PUBLIC,07,1775,src_tw_twse_portal,臺灣證券交易所,公開發行公司基本資料 t187ap03_P,2026-08-15
89321602,豐鼎光波奈米科技股份有限公司,台北市中山區林森北路554號5樓,335043550,PUBLIC,14,1819,src_tw_twse_portal,臺灣證券交易所,公開發行公司基本資料 t187ap03_P,2026-08-15
76480628,燁茂實業股份有限公司,高雄市路竹區後鄉里順安路345號,3261058840,PUBLIC,10,2041,src_tw_twse_portal,臺灣證券交易所,公開發行公司基本資料 t187ap03_P,2026-08-15
84613756,中龍鋼鐵股份有限公司,台中市龍井區龍昌路100號,86125861230,PUBLIC,10,2048,src_tw_twse_portal,臺灣證券交易所,公開發行公司基本資料 t187ap03_P,2026-08-15
59315006,璋釔鋼鐵廠股份有限公司,彰化縣伸港鄉新港路60之2號,1203640000,PUBLIC,10,2056,src_tw_twse_portal,臺灣證券交易所,公開發行公司基本資料 t187ap03_P,2026-08-15
23929418,優頻科技材料股份有限公司,桃園市觀音區廣興一路205巷36號,600680430,PUBLIC,20,2068,src_tw_twse_portal,臺灣證券交易所,公開發行公司基本資料 t187ap03_P,2026-08-15
83446817,匯豐汽車股份有限公司,臺北市南港區成功路一段36巷20號5F,3221815820,PUBLIC,12,2215,src_tw_twse_portal,臺灣證券交易所,公開發行公司基本資料 t187ap03_P,2026-08-15
85961513,高都汽車股份有限公司,高雄市三民區民族一路558號,1108057500,PUBLIC,12,2218,src_tw_twse_portal,臺灣證券交易所,公開發行公司基本資料 t187ap03_P,2026-08-15
64998780,鍾慶科技開發股份有限公司,雲林縣麥寮鄉興華村忠興路61號,368000000,PUBLIC,05,2219,src_tw_twse_portal,臺灣證券交易所,公開發行公司基本資料 t187ap03_P,2026-08-15
86120567,南都汽車股份有限公司,台南縣永康市中正南路214號3樓,625439180,PUBLIC,12,2220,src_tw_twse_portal,臺灣證券交易所,公開發行公司基本資料 t187ap03_P,2026-08-15
22817885,桃苗汽車股份有限公司,桃園市中壢區中園路162號,757678630,PUBLIC,12,2222,src_tw_twse_portal,臺灣證券交易所,公開發行公司基本資料 t187ap03_P,2026-08-15
22663848,國都汽車股份有限公司,台北市北投區大業路2號8樓,869918040,PUBLIC,12,2225,src_tw_twse_portal,臺灣證券交易所,公開發行公司基本資料 t187ap03_P,2026-08-15
22819125,中部汽車股份有限公司,台中市西屯區工業區工業二路二號,750000000,PUBLIC,12,2226,src_tw_twse_portal,臺灣證券交易所,公開發行公司基本資料 t187ap03_P,2026-08-15
53823551,台灣電動車股份有限公司,高雄市前鎮區一心二路128號8樓之2,426130000,PUBLIC,05,2246,src_tw_twse_portal,臺灣證券交易所,公開發行公司基本資料 t187ap03_P,2026-08-15
22100398,勝華科技股份有限公司,台中市潭子區建國路10號,20477784150,PUBLIC,13,2384,src_tw_twse_portal,臺灣證券交易所,公開發行公司基本資料 t187ap03_P,2026-08-15
97165506,昶虹國際股份有限公司,台北市中山區長春路368號4樓之一,1509090000,PUBLIC,20,2443,src_tw_twse_portal,臺灣證券交易所,公開發行公司基本資料 t187ap03_P,2026-08-15
11367406,泛亞工程建設股份有限公司,臺北市大安區忠孝東路四段二一九號七樓,1487742400,PUBLIC,14,2557,src_tw_twse_portal,臺灣證券交易所,公開發行公司基本資料 t187ap03_P,2026-08-15
86386622,世正開發股份有限公司,台北市南港區三重路66號4樓,3600290360,PUBLIC,14,2568,src_tw_twse_portal,臺灣證券交易所,公開發行公司基本資料 t187ap03_P,2026-08-15
22298292,鈺通營造工程股份有限公司,嘉義市和平路319號,253788000,PUBLIC,14,2579,src_tw_twse_portal,臺灣證券交易所,公開發行公司基本資料 t187ap03_P,2026-08-15
84271110,樂揚建設股份有限公司,10476台北市中山區民權東路三段37號13樓,985242030,PUBLIC,14,2599,src_tw_twse_portal,臺灣證券交易所,公開發行公司基本資料 t187ap03_P,2026-08-15
46480100,新竹物流股份有限公司,新竹縣新豐鄉松柏村德昌街228號,2494931040,PUBLIC,15,2619,src_tw_twse_portal,臺灣證券交易所,公開發行公司基本資料 t187ap03_P,2026-08-15
22958771,立榮航空股份有限公司,臺北市中山區長安東路2段117號8樓,3767837850,PUBLIC,15,2621,src_tw_twse_portal,臺灣證券交易所,公開發行公司基本資料 t187ap03_P,2026-08-15
12499670,凱撒大飯店股份有限公司,屏東縣恒春鎮墾丁路六號,585394700,PUBLIC,16,2711,src_tw_twse_portal,臺灣證券交易所,公開發行公司基本資料 t187ap03_P,2026-08-15
53353122,咖碼股份有限公司,台北市大安區安和路一段27號18樓,162000000,PUBLIC,16,2759,src_tw_twse_portal,臺灣證券交易所,公開發行公司基本資料 t187ap03_P,2026-08-15
46479103,渣打國際商業銀行股份有限公司,臺北市中山區遼寧街177號1樓及179號3~6、18樓,29105719760,PUBLIC,17,2807,src_tw_twse_portal,臺灣證券交易所,公開發行公司基本資料 t187ap03_P,2026-08-15
68921101,京城商業銀行股份有限公司,台南市西門路一段506號,11112342650,PUBLIC,17,2809,src_tw_twse_portal,臺灣證券交易所,公開發行公司基本資料 t187ap03_P,2026-08-15
03434016,凱基人壽保險股份有限公司,臺北市松山區敦化北路135號3、4、5、6、7樓,52184896720,PUBLIC,17,2823,src_tw_twse_portal,臺灣證券交易所,公開發行公司基本資料 t187ap03_P,2026-08-15
03557017,台灣人壽保險股份有限公司,台北市南港區經貿二路188號8樓,62267319530,PUBLIC,17,2833,src_tw_twse_portal,臺灣證券交易所,公開發行公司基本資料 t187ap03_P,2026-08-15
86517321,凱基商業銀行股份有限公司,臺北市松山區敦化北路135號9樓、10樓、11樓及18樓,47036253780,PUBLIC,17,2837,src_tw_twse_portal,臺灣證券交易所,公開發行公司基本資料 t187ap03_P,2026-08-15
03415101,華南產物保險股份有限公司,台北市忠孝東路四段560號5樓,2001386250,PUBLIC,17,2848,src_tw_twse_portal,臺灣證券交易所,公開發行公司基本資料 t187ap03_P,2026-08-15
05072925,中租迪和股份有限公司,台北市內湖區瑞光路362號8-12樓,53961807000,PUBLIC,20,2858,src_tw_twse_portal,臺灣證券交易所,公開發行公司基本資料 t187ap03_P,2026-08-15
03336704,泰安產物保險股份有限公司,台北市長春路145號,2974118920,PUBLIC,17,2863,src_tw_twse_portal,臺灣證券交易所,公開發行公司基本資料 t187ap03_P,2026-08-15
89396292,台灣票券金融股份有限公司,台北市大同區南京西路62號5樓,5161650000,PUBLIC,17,2872,src_tw_twse_portal,臺灣證券交易所,公開發行公司基本資料 t187ap03_P,2026-08-15
89391748,大中票券金融股份有限公司,台北市松山區敦化北路88號4樓,4851000000,PUBLIC,17,2873,src_tw_twse_portal,臺灣證券交易所,公開發行公司基本資料 t187ap03_P,2026-08-15
89398334,萬通票券金融股份有限公司,台北市信義區忠孝東路四段560號11樓,5408000000,PUBLIC,17,2874,src_tw_twse_portal,臺灣證券交易所,公開發行公司基本資料 t187ap03_P,2026-08-15
84894313,宏泰人壽保險股份有限公司,台北市松山區民生東路三段156號3樓之2,2560376100,PUBLIC,17,2876,src_tw_twse_portal,臺灣證券交易所,公開發行公司基本資料 t187ap03_P,2026-08-15
84445772,國泰世紀產物保險股份有限公司,臺北市大安區仁愛路四段二九六號,2000000000,PUBLIC,17,2877,src_tw_twse_portal,臺灣證券交易所,公開發行公司基本資料 t187ap03_P,2026-08-15
97172648,臺灣新光商業銀行股份有限公司,"北市松仁路32號4F-1,5F-1,36號1F,32&36號3~5,9F-1,10,19~21F",49815329440,PUBLIC,17,2893,src_tw_twse_portal,臺灣證券交易所,公開發行公司基本資料 t187ap03_P,2026-08-15
97172915,大慶票券金融股份有限公司,台北市松江路152號14樓,3291112500,PUBLIC,17,2894,src_tw_twse_portal,臺灣證券交易所,公開發行公司基本資料 t187ap03_P,2026-08-15
16091049,陽信商業銀行股份有限公司,臺北市中山區中山北路二段156號,40403056200,PUBLIC,17,2895,src_tw_twse_portal,臺灣證券交易所,公開發行公司基本資料 t187ap03_P,2026-08-15
16095410,台北金融大樓股份有限公司,台北市信義路五段7號59樓,14700000000,PUBLIC,20,2899,src_tw_twse_portal,臺灣證券交易所,公開發行公司基本資料 t187ap03_P,2026-08-15
70739971,海景世界企業股份有限公司,屏東縣車城鄉後灣村後灣路2號,1536733550,PUBLIC,16,2920,src_tw_twse_portal,臺灣證券交易所,公開發行公司基本資料 t187ap03_P,2026-08-15
16130893,源河生技應用股份有限公司,新北市五股區中興路一段6號7樓,2050120370,PUBLIC,13,3197,src_tw_twse_portal,臺灣證券交易所,公開發行公司基本資料 t187ap03_P,2026-08-15
39607700,樺晟電子股份有限公司,台北市南港區南港路三段50巷16號4樓,1293448700,PUBLIC,20,3202,src_tw_twse_portal,臺灣證券交易所,公開發行公司基本資料 t187ap03_P,2026-08-15
22764634,飛虹高科股份有限公司,新竹科學工業園區新竹市研新二路一號,409095090,PUBLIC,13,3342,src_tw_twse_portal,臺灣證券交易所,公開發行公司基本資料 t187ap03_P,2026-08-15
97272386,鐵研科技股份有限公司,桃園市蘆竹區安中街28巷5號,289460350,PUBLIC,13,3369,src_tw_twse_portal,臺灣證券交易所,公開發行公司基本資料 t187ap03_P,2026-08-15
79952755,津綻石英科技股份有限公司,新北市中和區員山路504號3樓之5,302768930,PUBLIC,13,3405,src_tw_twse_portal,臺灣證券交易所,公開發行公司基本資料 t187ap03_P,2026-08-15
36319254,宏塑工業股份有限公司,桃園市大園區大園工業區民權路七之一號,716638730,PUBLIC,13,3463,src_tw_twse_portal,臺灣證券交易所,公開發行公司基本資料 t187ap03_P,2026-08-15
27560639,聯禾有線電視股份有限公司,宜蘭縣宜蘭市女中路一段179號,1704632800,PUBLIC,20,3509,src_tw_twse_portal,臺灣證券交易所,公開發行公司基本資料 t187ap03_P,2026-08-15
96856411,易鼎股份有限公司,桃園市中壢區松江南路1號,220000000,PUBLIC,13,3510,src_tw_twse_portal,臺灣證券交易所,公開發行公司基本資料 t187ap03_P,2026-08-15
16795238,就業情報資訊股份有限公司,台北市大安區信義路四段296號12樓,156038430,PUBLIC,13,3525,src_tw_twse_portal,臺灣證券交易所,公開發行公司基本資料 t187ap03_P,2026-08-15
80308207,宏芯科技股份有限公司,23553新北市中和區建一路186號6樓之四,118172900,PUBLIC,13,3572,src_tw_twse_portal,臺灣證券交易所,公開發行公司基本資料 t187ap03_P,2026-08-15
70803848,前源科技股份有限公司,苗栗縣竹南鎮聖福里公教路41號,348874670,PUBLIC,20,3601,src_tw_twse_portal,臺灣證券交易所,公開發行公司基本資料 t187ap03_P,2026-08-15
84900048,仲博科技股份有限公司,台北市內湖區民善街129號5樓,637776680,PUBLIC,13,3683,src_tw_twse_portal,臺灣證券交易所,公開發行公司基本資料 t187ap03_P,2026-08-15
16592888,友合生化科技股份有限公司,台北市內湖區瑞光路208號六樓,319930000,PUBLIC,07,4118,src_tw_twse_portal,臺灣證券交易所,公開發行公司基本資料 t187ap03_P,2026-08-15
80280616,國鼎生物科技股份有限公司,新北市淡水區中正東路2段27-6號15樓,1879412840,PUBLIC,07,4132,src_tw_twse_portal,臺灣證券交易所,公開發行公司基本資料 t187ap03_P,2026-08-15
22927617,展頌股份有限公司,(407)台中市西屯區市政路386號19樓之6,2125415070,PUBLIC,04,4427,src_tw_twse_portal,臺灣證券交易所,公開發行公司基本資料 t187ap03_P,2026-08-15
53729177,台灣智慧光網股份有限公司,台北市內湖區民權東路6段11巷37之1號4樓,1831141970,PUBLIC,05,4539,src_tw_twse_portal,臺灣證券交易所,公開發行公司基本資料 t187ap03_P,2026-08-15
22540430,長亨精密股份有限公司,高雄市路竹區竹南里路科十路9號,337750450,PUBLIC,05,4546,src_tw_twse_portal,臺灣證券交易所,公開發行公司基本資料 t187ap03_P,2026-08-15
20819325,名超企業股份有限公司,桃園市八德區大發里後庄街51號,375000000,PUBLIC,13,4548,src_tw_twse_portal,臺灣證券交易所,公開發行公司基本資料 t187ap03_P,2026-08-15
28068917,能海電能科技股份有限公司,台中市西屯區至善里臺灣大道三段 660 號 9 樓之 3,412559100,PUBLIC,05,4586,src_tw_twse_portal,臺灣證券交易所,公開發行公司基本資料 t187ap03_P,2026-08-15
43696296,福格創新股份有限公司,桃園市桃園區中正路1086號23樓,184226850,PUBLIC,20,4712,src_tw_twse_portal,臺灣證券交易所,公開發行公司基本資料 t187ap03_P,2026-08-15
11846954,通用矽酮股份有限公司,(300) 新竹市香山區南港街52巷9-1號,278680000,PUBLIC,03,4730,src_tw_twse_portal,臺灣證券交易所,公開發行公司基本資料 t187ap03_P,2026-08-15
23819587,富相科技股份有限公司,台北巿內湖區行忠路42號5樓,605803020,PUBLIC,13,4985,src_tw_twse_portal,臺灣證券交易所,公開發行公司基本資料 t187ap03_P,2026-08-15
16772832,台灣優燈股份有限公司,(30077)新竹科學園區研新二路1號6樓,178470000,PUBLIC,13,5216,src_tw_twse_portal,臺灣證券交易所,公開發行公司基本資料 t187ap03_P,2026-08-15
69810321,懷藝精密科技股份有限公司,(70955)台南市安南區工業二路59號,291400000,PUBLIC,13,5295,src_tw_twse_portal,臺灣證券交易所,公開發行公司基本資料 t187ap03_P,2026-08-15
12910264,合盈光電科技股份有限公司,臺中市大雅區中部科學園區科雅路18號,200000000,PUBLIC,13,5298,src_tw_twse_portal,臺灣證券交易所,公開發行公司基本資料 t187ap03_P,2026-08-15
84149385,力晶創新投資控股股份有限公司,台北市南京東路三段70號15樓,13661608610,PUBLIC,13,5346,src_tw_twse_portal,臺灣證券交易所,公開發行公司基本資料 t187ap03_P,2026-08-15
84149809,茂德科技股份有限公司,新竹市科學園區力行一路1號3樓A3,450000000,PUBLIC,13,5387,src_tw_twse_portal,臺灣證券交易所,公開發行公司基本資料 t187ap03_P,2026-08-15
80665204,廣朋實業股份有限公司,台北市中山區長安東路一段18號7樓,264274120,PUBLIC,14,5541,src_tw_twse_portal,臺灣證券交易所,公開發行公司基本資料 t187ap03_P,2026-08-15
16831570,華泰商業銀行股份有限公司,台北市長安東路二段二四六號,14012394890,PUBLIC,17,5827,src_tw_twse_portal,臺灣證券交易所,公開發行公司基本資料 t187ap03_P,2026-08-15
70826461,富邦產物保險股份有限公司,台北市中山區遼寧街179號7-14樓,3000000000,PUBLIC,17,5828,src_tw_twse_portal,臺灣證券交易所,公開發行公司基本資料 t187ap03_P,2026-08-15
16832487,三信商業銀行股份有限公司,台中市中區市府路59號,13814809670,PUBLIC,17,5830,src_tw_twse_portal,臺灣證券交易所,公開發行公司基本資料 t187ap03_P,2026-08-15
05067113,元大證券金融股份有限公司,台北市松山區敦化南路1段66號12樓,4000000000,PUBLIC,17,5833,src_tw_twse_portal,臺灣證券交易所,公開發行公司基本資料 t187ap03_P,2026-08-15
03090217,兆豐產物保險股份有限公司,台北市中正區武昌街一段五十八號,3286066080,PUBLIC,17,5834,src_tw_twse_portal,臺灣證券交易所,公開發行公司基本資料 t187ap03_P,2026-08-15
04231910,國泰世華商業銀行股份有限公司,台北市松仁路7號1樓,137626153950,PUBLIC,17,5835,src_tw_twse_portal,臺灣證券交易所,公開發行公司基本資料 t187ap03_P,2026-08-15
03750168,台北富邦商業銀行股份有限公司,台北市中山北路二段50號,171800000560,PUBLIC,17,5836,src_tw_twse_portal,臺灣證券交易所,公開發行公司基本資料 t187ap03_P,2026-08-15
03742301,華南商業銀行股份有限公司,台北市信義區松仁路123號,106305000000,PUBLIC,17,5838,src_tw_twse_portal,臺灣證券交易所,公開發行公司基本資料 t187ap03_P,2026-08-15
11147207,中華開發資本股份有限公司,台北市松山區敦化北路135號12及18樓,20411159130,PUBLIC,20,5839,src_tw_twse_portal,臺灣證券交易所,公開發行公司基本資料 t187ap03_P,2026-08-15
12100285,國際票券金融股份有限公司,台北市樂群三路128號8-10樓,18730000000,PUBLIC,17,5840,src_tw_twse_portal,臺灣證券交易所,公開發行公司基本資料 t187ap03_P,2026-08-15
03077208,中國信託商業銀行股份有限公司,臺北市南港區經貿二路166、168、170號,171284526880,PUBLIC,17,5841,src_tw_twse_portal,臺灣證券交易所,公開發行公司基本資料 t187ap03_P,2026-08-15
14067826,兆豐票券金融股份有限公司,台北市中正區衡陽路91號地下1樓、地上2-5樓、10樓,15114410840,PUBLIC,17,5842,src_tw_twse_portal,臺灣證券交易所,公開發行公司基本資料 t187ap03_P,2026-08-15
03705903,兆豐國際商業銀行股份有限公司,台北市中山區吉林路100號,100000000000,PUBLIC,17,5843,src_tw_twse_portal,臺灣證券交易所,公開發行公司基本資料 t187ap03_P,2026-08-15
05052322,第一商業銀行股份有限公司,台北市重慶南路一段三十號,122846000000,PUBLIC,17,5844,src_tw_twse_portal,臺灣證券交易所,公開發行公司基本資料 t187ap03_P,2026-08-15
03374707,國泰人壽保險股份有限公司,台北市大安區仁愛路四段296號,63515273950,PUBLIC,17,5846,src_tw_twse_portal,臺灣證券交易所,公開發行公司基本資料 t187ap03_P,2026-08-15
86517510,玉山商業銀行股份有限公司,台北市松山區民生東路3段115、117號,146320000000,PUBLIC,17,5847,src_tw_twse_portal,臺灣證券交易所,公開發行公司基本資料 t187ap03_P,2026-08-15
86519539,台新國際商業銀行股份有限公司,台北市中山區中山北路2段44號1樓及地下1樓,122991645930,PUBLIC,17,5848,src_tw_twse_portal,臺灣證券交易所,公開發行公司基本資料 t187ap03_P,2026-08-15
86517384,永豐商業銀行股份有限公司,台北市中山區南京東路3段36號1樓,110735376580,PUBLIC,17,5849,src_tw_twse_portal,臺灣證券交易所,公開發行公司基本資料 t187ap03_P,2026-08-15
86517315,元大商業銀行股份有限公司,臺北市大安區仁愛路三段157號1至2樓及5至20樓,87303495790,PUBLIC,17,5852,src_tw_twse_portal,臺灣證券交易所,公開發行公司基本資料 t187ap03_P,2026-08-15
70799128,合作金庫商業銀行股份有限公司,臺北市松山區長安東路2段225號,130694300000,PUBLIC,17,5854,src_tw_twse_portal,臺灣證券交易所,公開發行公司基本資料 t187ap03_P,2026-08-15
03700301,臺灣土地銀行,台北市館前路四十六號,86200000000,PUBLIC,17,5857,src_tw_twse_portal,臺灣證券交易所,公開發行公司基本資料 t187ap03_P,2026-08-15
03557311,臺灣銀行股份有限公司,臺北市重慶南路一段120號,109000000000,PUBLIC,17,5858,src_tw_twse_portal,臺灣證券交易所,公開發行公司基本資料 t187ap03_P,2026-08-15
16093877,板信商業銀行股份有限公司,新北市板橋區縣民大道二段68號,20936143200,PUBLIC,17,5862,src_tw_twse_portal,臺灣證券交易所,公開發行公司基本資料 t187ap03_P,2026-08-15
27935073,富邦人壽保險股份有限公司,臺北市信義區松高路77號8樓,118420450000,PUBLIC,17,5865,src_tw_twse_portal,臺灣證券交易所,公開發行公司基本資料 t187ap03_P,2026-08-15
84310042,統一期貨股份有限公司,台北市松山區東興路8號B1之1,771200000,PUBLIC,98,5866,src_tw_twse_portal,臺灣證券交易所,公開發行公司基本資料 t187ap03_P,2026-08-15
16848544,康和期貨股份有限公司,台北市復興北路143號5樓、6樓,815000000,PUBLIC,98,5867,src_tw_twse_portal,臺灣證券交易所,公開發行公司基本資料 t187ap03_P,2026-08-15
28428379,臺灣金融控股股份有限公司,台北市中正區重慶南路一段120號,103125000000,PUBLIC,17,5868,src_tw_twse_portal,臺灣證券交易所,公開發行公司基本資料 t187ap03_P,2026-08-15
28421312,花旗〈台灣〉商業銀行(股),臺北市信義區松智路1號12、13、14、15、16樓,34433000000,PUBLIC,17,5870,src_tw_twse_portal,臺灣證券交易所,公開發行公司基本資料 t187ap03_P,2026-08-15
28990720,匯豐(台灣)商業銀行股份有限公司,臺北市信義區信義路五段7號54樓,34800000000,PUBLIC,17,5872,src_tw_twse_portal,臺灣證券交易所,公開發行公司基本資料 t187ap03_P,2026-08-15
70817744,全球人壽保險股份有限公司,台北市信義區市民大道六段288號16樓,6435000000,PUBLIC,17,5873,src_tw_twse_portal,臺灣證券交易所,公開發行公司基本資料 t187ap03_P,2026-08-15
11456006,南山人壽保險股份有限公司,台北市信義區莊敬路168號,146992460000,PUBLIC,17,5874,src_tw_twse_portal,臺灣證券交易所,公開發行公司基本資料 t187ap03_P,2026-08-15
53017509,星展(台灣)商業銀行股份有限公司,"台北市信義區松仁路32, 36號15, 17樓",84250000000,PUBLIC,17,5875,src_tw_twse_portal,臺灣證券交易所,公開發行公司基本資料 t187ap03_P,2026-08-15
23824097,中友百貨股份有限公司,台中市西屯區福和里臺灣大道四段925號28F之2,229066770,PUBLIC,18,5901,src_tw_twse_portal,臺灣證券交易所,公開發行公司基本資料 t187ap03_P,2026-08-15
23111915,凱基證券股份有限公司,台北市中山區明水路698號3樓700號3樓,18174785440,PUBLIC,XX,6008,src_tw_twse_portal,臺灣證券交易所,公開發行公司基本資料 t187ap03_P,2026-08-15
28428384,臺銀人壽保險股份有限公司,臺北市大安區敦化南路二段69號6樓,63500000000,PUBLIC,17,6025,src_tw_twse_portal,臺灣證券交易所,公開發行公司基本資料 t187ap03_P,2026-08-15
03435009,和泰產物保險股份有限公司,臺北市中山區敬業二路55號5樓,2000000000,PUBLIC,17,6029,src_tw_twse_portal,臺灣證券交易所,公開發行公司基本資料 t187ap03_P,2026-08-15
83794245,樂天國際商業銀行股份有限公司,台北市中山區松江路433號11樓,10000000000,PUBLIC,17,6030,src_tw_twse_portal,臺灣證券交易所,公開發行公司基本資料 t187ap03_P,2026-08-15
83477590,連線商業銀行股份有限公司,台北市內湖區瑞光路333號3樓及4樓,20000000000,PUBLIC,17,6031,src_tw_twse_portal,臺灣證券交易所,公開發行公司基本資料 t187ap03_P,2026-08-15
54376691,一卡通票證股份有限公司,高雄市前鎮區中安路1號4樓,1346000000,PUBLIC,17,6033,src_tw_twse_portal,臺灣證券交易所,公開發行公司基本資料 t187ap03_P,2026-08-15
54650114,愛金卡股份有限公司,臺北市內湖區石潭路163號4樓,700000000,PUBLIC,17,6034,src_tw_twse_portal,臺灣證券交易所,公開發行公司基本資料 t187ap03_P,2026-08-15
24706576,橘子支行動支付股份有限公司,臺北市內湖區瑞湖街111 號,630000000,PUBLIC,17,6036,src_tw_twse_portal,臺灣證券交易所,公開發行公司基本資料 t187ap03_P,2026-08-15
54352706,簡單行動支付股份有限公司,台北市南港區南港路2段97號8樓,514000000,PUBLIC,17,6037,src_tw_twse_portal,臺灣證券交易所,公開發行公司基本資料 t187ap03_P,2026-08-15
52799857,街口電子支付股份有限公司,台北市長安東路2段225號C棟7-8樓,500000000,PUBLIC,17,6038,src_tw_twse_portal,臺灣證券交易所,公開發行公司基本資料 t187ap03_P,2026-08-15
83504978,將來商業銀行股份有限公司,臺北市大安區敦化南路2段95號6、7、8、9樓,10000000000,PUBLIC,17,6039,src_tw_twse_portal,臺灣證券交易所,公開發行公司基本資料 t187ap03_P,2026-08-15
83190786,全支付電子支付股份有限公司,臺北市中山區敬業四路33號9樓,825030000,PUBLIC,17,6040,src_tw_twse_portal,臺灣證券交易所,公開發行公司基本資料 t187ap03_P,2026-08-15
89396315,聯嘉光電股份有限公司,(35053)新竹科學工業園區苗栗縣竹南鎮科東一路二號,2148454450,PUBLIC,12,6288,src_tw_twse_portal,臺灣證券交易所,公開發行公司基本資料 t187ap03_P,2026-08-15
54395965,康友製藥控股有限公司,台北市中正區林森北路5巷10號5樓之1,1001313070,PUBLIC,07,6452,src_tw_twse_portal,臺灣證券交易所,公開發行公司基本資料 t187ap03_P,2026-08-15
12943883,智賦科技股份有限公司,新北市土城區民權街17號,347842140,PUBLIC,13,6475,src_tw_twse_portal,臺灣證券交易所,公開發行公司基本資料 t187ap03_P,2026-08-15
28861633,瑞寶基因股份有限公司,台北市內湖區民權東路六段160號13樓,573000000,PUBLIC,20,6479,src_tw_twse_portal,臺灣證券交易所,公開發行公司基本資料 t187ap03_P,2026-08-15
80661122,擎力科技股份有限公司,臺北市南港區園區街3-1號G棟7樓之二,220800000,PUBLIC,20,6545,src_tw_twse_portal,臺灣證券交易所,公開發行公司基本資料 t187ap03_P,2026-08-15
24626617,聯亞藥業股份有限公司,新竹縣湖口鄉光復北路45號,1181902050,PUBLIC,07,6562,src_tw_twse_portal,臺灣證券交易所,公開發行公司基本資料 t187ap03_P,2026-08-15
54240554,施吉生技應材股份有限公司,新竹縣湖口鄉光復北路10號1樓,237582560,PUBLIC,13,6623,src_tw_twse_portal,臺灣證券交易所,公開發行公司基本資料 t187ap03_P,2026-08-15
22424994,合迪股份有限公司,台北市內湖區瑞光路362號5樓,30309635000,PUBLIC,20,6647,src_tw_twse_portal,臺灣證券交易所,公開發行公司基本資料 t187ap03_P,2026-08-15
70507157,厚美德生物科技股份有限公司,新竹縣新埔鎮民生街181號,426270340,PUBLIC,07,6660,src_tw_twse_portal,臺灣證券交易所,公開發行公司基本資料 t187ap03_P,2026-08-15
80258993,智慧光科技股份有限公司,新北市汐止區中興路43號11樓,249365620,PUBLIC,20,6717,src_tw_twse_portal,臺灣證券交易所,公開發行公司基本資料 t187ap03_P,2026-08-15
16296444,鑫亞電通股份有限公司,新北市新店區寶橋路233之2號5樓,176700000,PUBLIC,20,6726,src_tw_twse_portal,臺灣證券交易所,公開發行公司基本資料 t187ap03_P,2026-08-15
28220737,全科綜電股份有限公司,新北市汐止區大同路一段237號14樓之2,249051960,PUBLIC,20,6746,src_tw_twse_portal,臺灣證券交易所,公開發行公司基本資料 t187ap03_P,2026-08-15
53065641,錫安生技股份有限公司,新竹縣竹北市生醫路2段16號6樓,472522630,PUBLIC,07,6772,src_tw_twse_portal,臺灣證券交易所,公開發行公司基本資料 t187ap03_P,2026-08-15
54365575,台灣安麗莎醫療器材科技(股)公司,台北市南港區園區街3-1號6樓之2,278168000,PUBLIC,07,6778,src_tw_twse_portal,臺灣證券交易所,公開發行公司基本資料 t187ap03_P,2026-08-15
16476467,鋐昇實業股份有限公司,高雄市苓雅區三多四路110號15樓之6,444176000,PUBLIC,20,6779,src_tw_twse_portal,臺灣證券交易所,公開發行公司基本資料 t187ap03_P,2026-08-15
12878686,洹藝科技股份有限公司,新竹縣寶山鄉工業東九路七號一樓,265280000,PUBLIC,07,6795,src_tw_twse_portal,臺灣證券交易所,公開發行公司基本資料 t187ap03_P,2026-08-15
28653781,森崴能源股份有限公司,新北市土城區中央路四段49號,2746429020,PUBLIC,20,6806,src_tw_twse_portal,臺灣證券交易所,公開發行公司基本資料 t187ap03_P,2026-08-15
54214275,富利康科技股份有限公司,高雄市大寮區和業五路85號,328242500,PUBLIC,20,6837,src_tw_twse_portal,臺灣證券交易所,公開發行公司基本資料 t187ap03_P,2026-08-15
70774816,仲信資融股份有限公司,台北市內湖區內湖路一段392號6樓,12930175000,PUBLIC,20,6845,src_tw_twse_portal,臺灣證券交易所,公開發行公司基本資料 t187ap03_P,2026-08-15
28715392,立視科技股份有限公司,台北市松山區八德路四段760號6樓,553803660,PUBLIC,20,6851,src_tw_twse_portal,臺灣證券交易所,公開發行公司基本資料 t187ap03_P,2026-08-15
54156063,精能醫學股份有限公司,新北市汐止區新台五路1段97號9樓之5,239654510,PUBLIC,07,6852,src_tw_twse_portal,臺灣證券交易所,公開發行公司基本資料 t187ap03_P,2026-08-15
64451000,中大生醫股份有限公司,台南市中西區民權路二段158號2樓,758456260,PUBLIC,07,6866,src_tw_twse_portal,臺灣證券交易所,公開發行公司基本資料 t187ap03_P,2026-08-15
22764579,新鑫股份有限公司,台北市大安區敦化南路二段二號十四樓,9841354800,PUBLIC,20,6871,src_tw_twse_portal,臺灣證券交易所,公開發行公司基本資料 t187ap03_P,2026-08-15
24978128,微電能源股份有限公司,新竹縣竹北市文興路二段186號,762735810,PUBLIC,20,6883,src_tw_twse_portal,臺灣證券交易所,公開發行公司基本資料 t187ap03_P,2026-08-15
83766965,盛新材料科技股份有限公司,桃園市中壢區中壢工業區自強一路5號,900000000,PUBLIC,13,6930,src_tw_twse_portal,臺灣證券交易所,公開發行公司基本資料 t187ap03_P,2026-08-15
53073939,威達高科股份有限公司,新竹科學園區研新三路4號3樓,384768800,PUBLIC,13,6942,src_tw_twse_portal,臺灣證券交易所,公開發行公司基本資料 t187ap03_P,2026-08-15
34491075,明緯企業股份有限公司,新北市五股區五權三路28號,1942500000,PUBLIC,13,6943,src_tw_twse_portal,臺灣證券交易所,公開發行公司基本資料 t187ap03_P,2026-08-15
90527949,全盈支付金融科技股份有限公司,臺北市中山區中山北路2段96號5樓,629180430,PUBLIC,17,6954,src_tw_twse_portal,臺灣證券交易所,公開發行公司基本資料 t187ap03_P,2026-08-15
11099303,南山產物保險股份有限公司,臺北市中正區黎明里忠孝西路1段6號15、17、18及19樓,2524000000,PUBLIC,17,6960,src_tw_twse_portal,臺灣證券交易所,公開發行公司基本資料 t187ap03_P,2026-08-15
54273029,愛盛科技股份有限公司,新北市汐止區新台五路一段77號21樓之4,302732550,PUBLIC,13,6978,src_tw_twse_portal,臺灣證券交易所,公開發行公司基本資料 t187ap03_P,2026-08-15
70789634,新光人壽保險股份有限公司,台北市中正區忠孝西路一段66號31~43樓,92022741360,PUBLIC,17,6985,src_tw_twse_portal,臺灣證券交易所,公開發行公司基本資料 t187ap03_P,2026-08-15
69745737,精準健康股份有限公司,桃園市桃園區經國路168號 (19樓),429918750,PUBLIC,07,6991,src_tw_twse_portal,臺灣證券交易所,公開發行公司基本資料 t187ap03_P,2026-08-15
54581222,凱納股份有限公司,台中市南屯區精科北路25號,190545000,PUBLIC,20,6993,src_tw_twse_portal,臺灣證券交易所,公開發行公司基本資料 t187ap03_P,2026-08-15
27635744,友上科技股份有限公司,台南市新市區南科一路8號,363587090,PUBLIC,05,6998,src_tw_twse_portal,臺灣證券交易所,公開發行公司基本資料 t187ap03_P,2026-08-15
27965076,紫金堂股份有限公司,台北市內湖區堤頂大道二段293號8樓,185888880,PUBLIC,20,7570,src_tw_twse_portal,臺灣證券交易所,公開發行公司基本資料 t187ap03_P,2026-08-15
29045104,安美得生醫股份有限公司,新北市五股區五權七路14號之一,300000000,PUBLIC,07,7575,src_tw_twse_portal,臺灣證券交易所,公開發行公司基本資料 t187ap03_P,2026-08-15
13049603,元勛國際股份有限公司,新北市新店區中興路2段196號2樓,406446680,PUBLIC,07,7660,src_tw_twse_portal,臺灣證券交易所,公開發行公司基本資料 t187ap03_P,2026-08-15
70565326,藍新科技股份有限公司,台北市南港區南港路二段99-10號,755427310,PUBLIC,20,7739,src_tw_twse_portal,臺灣證券交易所,公開發行公司基本資料 t187ap03_P,2026-08-15
28849815,智安電子股份有限公司,新竹縣竹北市台元街30號六樓之2,361600000,PUBLIC,13,7746,src_tw_twse_portal,臺灣證券交易所,公開發行公司基本資料 t187ap03_P,2026-08-15
50860497,禾馨股份有限公司,臺北市中正區懷寧街78號8樓,895000000,PUBLIC,07,7775,src_tw_twse_portal,臺灣證券交易所,公開發行公司基本資料 t187ap03_P,2026-08-15
53054763,上峰科技股份有限公司,新竹縣竹北市環科一路23號9樓之1,153972500,PUBLIC,13,7793,src_tw_twse_portal,臺灣證券交易所,公開發行公司基本資料 t187ap03_P,2026-08-15
96800542,日盛台駿全實業股份有限公司,臺北市中山區松江路68號2樓,1300000000,PUBLIC,20,7817,src_tw_twse_portal,臺灣證券交易所,公開發行公司基本資料 t187ap03_P,2026-08-15
89126777,安能複材科技股份有限公司,臺中市梧棲區草湳里梧南路20之8號,298000000,PUBLIC,20,7830,src_tw_twse_portal,臺灣證券交易所,公開發行公司基本資料 t187ap03_P,2026-08-15
80141354,揚堡實業股份有限公司,桃園市觀音區經建四路2-26號,786810000,PUBLIC,20,7844,src_tw_twse_portal,臺灣證券交易所,公開發行公司基本資料 t187ap03_P,2026-08-15
90355903,翰可能源股份有限公司,台北市內湖區堤頂大道二段409號9樓,362000000,PUBLIC,20,7859,src_tw_twse_portal,臺灣證券交易所,公開發行公司基本資料 t187ap03_P,2026-08-15
28112580,聖洋科技股份有限公司,台北市大安區基隆路二段172-1號13樓,183557000,PUBLIC,20,7864,src_tw_twse_portal,臺灣證券交易所,公開發行公司基本資料 t187ap03_P,2026-08-15
66557154,勤億蛋品科技股份有限公司,嘉義市西區新民路37號,560000000,PUBLIC,20,7884,src_tw_twse_portal,臺灣證券交易所,公開發行公司基本資料 t187ap03_P,2026-08-15
28724771,燁鋒輕合金股份有限公司,桃園市新屋區東明里埔工路588號,557750000,PUBLIC,20,7906,src_tw_twse_portal,臺灣證券交易所,公開發行公司基本資料 t187ap03_P,2026-08-15
12660131,昱鐳應材股份有限公司,桃園市中壢區安東路5號5樓,500000000,PUBLIC,20,7932,src_tw_twse_portal,臺灣證券交易所,公開發行公司基本資料 t187ap03_P,2026-08-15
28324177,鋒霈環境科技股份有限公司,新竹縣竹北市台元二街10號10樓之8,238294000,PUBLIC,20,7934,src_tw_twse_portal,臺灣證券交易所,公開發行公司基本資料 t187ap03_P,2026-08-15
04717913,久尹股份有限公司,(32651)桃園市楊梅區東流里18鄰甡甡路623巷160號,780173460,PUBLIC,13,8029,src_tw_twse_portal,臺灣證券交易所,公開發行公司基本資料 t187ap03_P,2026-08-15
11491382,帝聞企業股份有限公司,(231029)新北市新店區寶高路5號,700000000,PUBLIC,20,8115,src_tw_twse_portal,臺灣證券交易所,公開發行公司基本資料 t187ap03_P,2026-08-15
43245671,泰山電子股份有限公司,桃園市桃園區興隆路4號,672000000,PUBLIC,13,8134,src_tw_twse_portal,臺灣證券交易所,公開發行公司基本資料 t187ap03_P,2026-08-15
97324075,利翔航太電子股份有限公司,新竹市科學園區研發二路30號2樓,379405000,PUBLIC,13,8140,src_tw_twse_portal,臺灣證券交易所,公開發行公司基本資料 t187ap03_P,2026-08-15
86297564,峻新電腦股份有限公司,桃園縣中壢市安東路6號,544830000,PUBLIC,13,8152,src_tw_twse_portal,臺灣證券交易所,公開發行公司基本資料 t187ap03_P,2026-08-15
97632713,輝城電子股份有限公司,新北市中和區連城路258號13樓之2,668308610,PUBLIC,13,8218,src_tw_twse_portal,臺灣證券交易所,公開發行公司基本資料 t187ap03_P,2026-08-15
43869091,英格爾科技股份有限公司,桃園市龜山區民生北路一段536號5樓,242666600,PUBLIC,13,8287,src_tw_twse_portal,臺灣證券交易所,公開發行公司基本資料 t187ap03_P,2026-08-15
97176779,佳聯有線電視股份有限公司,雲林縣虎尾鎮平和里光復路66號1樓,652900000,PUBLIC,20,8304,src_tw_twse_portal,臺灣證券交易所,公開發行公司基本資料 t187ap03_P,2026-08-15
16085969,群健有線電視股份有限公司,"台中市北屯區文心路四段934號12F之1,之2及936號之1",2581283930,PUBLIC,20,8305,src_tw_twse_portal,臺灣證券交易所,公開發行公司基本資料 t187ap03_P,2026-08-15
97176790,大台中數位有線電視股份有限公司,412台中市大里區新里里愛心路55號,1300000000,PUBLIC,20,8307,src_tw_twse_portal,臺灣證券交易所,公開發行公司基本資料 t187ap03_P,2026-08-15
16085715,中投有線電視股份有限公司,南投縣竹山鎮竹山里大明路320號,600000000,PUBLIC,20,8308,src_tw_twse_portal,臺灣證券交易所,公開發行公司基本資料 t187ap03_P,2026-08-15
16085145,吉元有線電視股份有限公司,"苗栗縣苗栗市北安街150號12樓之1,2,3,5,6",856074110,PUBLIC,20,8309,src_tw_twse_portal,臺灣證券交易所,公開發行公司基本資料 t187ap03_P,2026-08-15
16085813,長德有線電視股份有限公司,台北市中山區吉林路345號1樓,199999760,PUBLIC,20,8310,src_tw_twse_portal,臺灣證券交易所,公開發行公司基本資料 t187ap03_P,2026-08-15
16080958,東亞有線電視股份有限公司,花蓮縣玉里鎮中華路365之1號,200000000,PUBLIC,20,8312,src_tw_twse_portal,臺灣證券交易所,公開發行公司基本資料 t187ap03_P,2026-08-15
16449841,洄瀾有線電視股份有限公司,花蓮縣吉安鄉吉安路1段135號,300000000,PUBLIC,20,8327,src_tw_twse_portal,臺灣證券交易所,公開發行公司基本資料 t187ap03_P,2026-08-15
16130319,科學城物流股份有限公司,台南市南部科學園區大業一路8號,716666670,PUBLIC,20,8343,src_tw_twse_portal,臺灣證券交易所,公開發行公司基本資料 t187ap03_P,2026-08-15
22318868,榮輪科技股份有限公司,彰化縣福興鄉福興工業區興業路七號,603229800,PUBLIC,20,8350,src_tw_twse_portal,臺灣證券交易所,公開發行公司基本資料 t187ap03_P,2026-08-15
20516997,中華電視股份有限公司,台北市光復南路100號,1690646280,PUBLIC,20,8360,src_tw_twse_portal,臺灣證券交易所,公開發行公司基本資料 t187ap03_P,2026-08-15
16446470,屏南有線電視股份有限公司,屏東縣東港鎮船頭路26-69號,965775830,PUBLIC,20,8368,src_tw_twse_portal,臺灣證券交易所,公開發行公司基本資料 t187ap03_P,2026-08-15
00146877,欣隆天然氣股份有限公司,201基隆市信義區信一路57號4樓,699000000,PUBLIC,20,8370,src_tw_twse_portal,臺灣證券交易所,公開發行公司基本資料 t187ap03_P,2026-08-15
22266828,遠鼎投資股份有限公司,台北市大安區敦化南路二段207號34樓,18338262300,PUBLIC,20,8376,src_tw_twse_portal,臺灣證券交易所,公開發行公司基本資料 t187ap03_P,2026-08-15
04779353,欣湖天然氣股份有限公司,台北市內湖區新湖二路180號5樓,1184742680,PUBLIC,20,8379,src_tw_twse_portal,臺灣證券交易所,公開發行公司基本資料 t187ap03_P,2026-08-15
20913187,緯來電視網股份有限公司,台北市內湖區瑞光路480號3樓,1141324160,PUBLIC,20,8387,src_tw_twse_portal,臺灣證券交易所,公開發行公司基本資料 t187ap03_P,2026-08-15
70783499,森霸電力股份有限公司,台北市內湖區瑞光路392號5樓,12300000000,PUBLIC,20,8391,src_tw_twse_portal,臺灣證券交易所,公開發行公司基本資料 t187ap03_P,2026-08-15
70783765,星能電力股份有限公司,台北市內湖區瑞光路392號6樓,3000000000,PUBLIC,20,8392,src_tw_twse_portal,臺灣證券交易所,公開發行公司基本資料 t187ap03_P,2026-08-15
03787101,台灣菸酒股份有限公司,台北市中正區南昌路1段4號1樓,41637541340,PUBLIC,20,8394,src_tw_twse_portal,臺灣證券交易所,公開發行公司基本資料 t187ap03_P,2026-08-15
89507038,聯美林業股份有限公司,彰化縣線西鄉彰濱工業區彰濱東八路8號,215000000,PUBLIC,20,8399,src_tw_twse_portal,臺灣證券交易所,公開發行公司基本資料 t187ap03_P,2026-08-15
54348464,北都數位有線電視股份有限公司,台北市中山區八德路2段260號5樓,420000000,PUBLIC,20,8452,src_tw_twse_portal,臺灣證券交易所,公開發行公司基本資料 t187ap03_P,2026-08-15
54279620,全國數位有線電視股份有限公司,新北市板橋區三民路一段210號13樓,1500000000,PUBLIC,20,8453,src_tw_twse_portal,臺灣證券交易所,公開發行公司基本資料 t187ap03_P,2026-08-15
54293088,天外天數位有線電視股份有限公司,新北巿三重區重新路二段78號9樓,800000000,PUBLIC,20,8456,src_tw_twse_portal,臺灣證券交易所,公開發行公司基本資料 t187ap03_P,2026-08-15
54693824,數位天空服務股份有限公司,新北市土城區明德路2段58號3樓,445075490,PUBLIC,20,8459,src_tw_twse_portal,臺灣證券交易所,公開發行公司基本資料 t187ap03_P,2026-08-15
54383460,新高雄有線電視股份有限公司,高雄市苓雅區義勇路147巷40號,600000000,PUBLIC,20,8469,src_tw_twse_portal,臺灣證券交易所,公開發行公司基本資料 t187ap03_P,2026-08-15
96978934,寶福有線電視股份有限公司,台北市長沙街2段151號4樓,200000000,PUBLIC,20,8943,src_tw_twse_portal,臺灣證券交易所,公開發行公司基本資料 t187ap03_P,2026-08-15
96972100,大新店民主有線電視股份有限公司,新北市新店區北新路一段311號四樓,2406852930,PUBLIC,20,8945,src_tw_twse_portal,臺灣證券交易所,公開發行公司基本資料 t187ap03_P,2026-08-15
97160397,雙子星有線電視股份有限公司,台南市北成路186巷60號,498585000,PUBLIC,20,8946,src_tw_twse_portal,臺灣證券交易所,公開發行公司基本資料 t187ap03_P,2026-08-15
97161136,北視有線電視(股)公司,新竹縣竹東鎮中興路1段153巷11號,1206089660,PUBLIC,20,8948,src_tw_twse_portal,臺灣證券交易所,公開發行公司基本資料 t187ap03_P,2026-08-15
97162178,新竹振道有線電視股份有限公司,新竹市中華路三段126號2樓,1457454180,PUBLIC,20,8951,src_tw_twse_portal,臺灣證券交易所,公開發行公司基本資料 t187ap03_P,2026-08-15
97161298,金頻道有線電視(股)公司,台北市中山區八德路二段260號8樓,748880200,PUBLIC,20,8952,src_tw_twse_portal,臺灣證券交易所,公開發行公司基本資料 t187ap03_P,2026-08-15
97162515,吉隆有線電視股份有限公司,基隆市七堵區崇孝街6號,784105540,PUBLIC,20,8953,src_tw_twse_portal,臺灣證券交易所,公開發行公司基本資料 t187ap03_P,2026-08-15
97161945,北健有線電視股份有限公司,桃園市桃園區民有東路55號2樓,1124111190,PUBLIC,20,8955,src_tw_twse_portal,臺灣證券交易所,公開發行公司基本資料 t187ap03_P,2026-08-15
97164529,台灣數位寬頻有線電視(股)公司,新北市板橋區信義路163巷5號9樓,548489320,PUBLIC,20,8956,src_tw_twse_portal,臺灣證券交易所,公開發行公司基本資料 t187ap03_P,2026-08-15
97165153,新唐城有線電視事業股份有限公司,新北市新店區中正路37號1樓,689056030,PUBLIC,20,8957,src_tw_twse_portal,臺灣證券交易所,公開發行公司基本資料 t187ap03_P,2026-08-15
96971616,紅樹林有線電視股份有限公司,新北市淡水區中正東路一段3巷33號5樓,211600000,PUBLIC,20,8960,src_tw_twse_portal,臺灣證券交易所,公開發行公司基本資料 t187ap03_P,2026-08-15
97166364,新視波有線電視股份有限公司,新北市永和區中和路343號16樓,893705820,PUBLIC,20,8962,src_tw_twse_portal,臺灣證券交易所,公開發行公司基本資料 t187ap03_P,2026-08-15
97167238,新台北有線電視(股)公司,台北市內湖區洲子街98號12樓,606939820,PUBLIC,20,8963,src_tw_twse_portal,臺灣證券交易所,公開發行公司基本資料 t187ap03_P,2026-08-15
97167650,家和有線電視股份有限公司,新北市樹林區東順街八二之三號七樓,200000470,PUBLIC,20,8965,src_tw_twse_portal,臺灣證券交易所,公開發行公司基本資料 t187ap03_P,2026-08-15
97163747,鳳信有線電視股份有限公司,高雄市大寮區鳳屏一路312號,680901980,PUBLIC,20,8966,src_tw_twse_portal,臺灣證券交易所,公開發行公司基本資料 t187ap03_P,2026-08-15
97164582,慶聯有線電視股份有限公司,高雄市左營區立文路42號,960903400,PUBLIC,20,8967,src_tw_twse_portal,臺灣證券交易所,公開發行公司基本資料 t187ap03_P,2026-08-15
97168320,陽明山有線電視(股)公司,台北市北投區北投路二段13號5樓之1,1327730550,PUBLIC,20,8968,src_tw_twse_portal,臺灣證券交易所,公開發行公司基本資料 t187ap03_P,2026-08-15
97169897,北桃園有線電視股份有限公司,桃園市大興西路二段63號10樓,1186755410,PUBLIC,20,8969,src_tw_twse_portal,臺灣證券交易所,公開發行公司基本資料 t187ap03_P,2026-08-15
97165169,大揚有線電視股份有限公司,嘉義縣朴子市德興里新吉庄536號,651856000,PUBLIC,20,8970,src_tw_twse_portal,臺灣證券交易所,公開發行公司基本資料 t187ap03_P,2026-08-15
97170775,南桃園有線電視(股)公司,桃園縣平鎮市環南路二段２７號１６樓之２,2137979340,PUBLIC,20,8971,src_tw_twse_portal,臺灣證券交易所,公開發行公司基本資料 t187ap03_P,2026-08-15
97170304,澎湖有線電視股份有限公司,澎湖縣馬公市中正路17號2樓,200000000,PUBLIC,20,8973,src_tw_twse_portal,臺灣證券交易所,公開發行公司基本資料 t187ap03_P,2026-08-15
97168074,世新有線電視股份有限公司,嘉義市西區北港路225號6樓,660000000,PUBLIC,20,8974,src_tw_twse_portal,臺灣證券交易所,公開發行公司基本資料 t187ap03_P,2026-08-15
97168406,觀昇有線電視股份有限公司,屏東縣屏東市工業路10號,1410430500,PUBLIC,20,8975,src_tw_twse_portal,臺灣證券交易所,公開發行公司基本資料 t187ap03_P,2026-08-15
97161895,聯維有線電視股份有限公司,台北市長沙街2段91號4樓,200000000,PUBLIC,20,8976,src_tw_twse_portal,臺灣證券交易所,公開發行公司基本資料 t187ap03_P,2026-08-15
97170965,南國有線電視股份有限公司,高雄市岡山區岡山路158號,520000000,PUBLIC,20,8977,src_tw_twse_portal,臺灣證券交易所,公開發行公司基本資料 t187ap03_P,2026-08-15
97172470,大安文山有線電視(股)公司,台北市大安區光復南路438號8樓,1501713950,PUBLIC,20,8978,src_tw_twse_portal,臺灣證券交易所,公開發行公司基本資料 t187ap03_P,2026-08-15
97173392,萬象有線電視股份有限公司,台北市文山區興隆路二段331號1樓,694610910,PUBLIC,20,8980,src_tw_twse_portal,臺灣證券交易所,公開發行公司基本資料 t187ap03_P,2026-08-15
97173512,麗冠有線電視股份有限公司,台北市內湖區民權東路6段15巷33.35號2樓,1052577760,PUBLIC,20,8981,src_tw_twse_portal,臺灣證券交易所,公開發行公司基本資料 t187ap03_P,2026-08-15
97175429,信和有線電視股份有限公司,苗栗縣竹南鎮山佳里9鄰山佳198號,565653750,PUBLIC,20,8982,src_tw_twse_portal,臺灣證券交易所,公開發行公司基本資料 t187ap03_P,2026-08-15
97171107,豐盟有線電視股份有限公司,台中市神岡區東洲路33號,1917081380,PUBLIC,20,8983,src_tw_twse_portal,臺灣證券交易所,公開發行公司基本資料 t187ap03_P,2026-08-15
97176412,國聲有線電視股份有限公司,嘉義縣中埔鄉中山路5段505號,200000000,PUBLIC,20,8985,src_tw_twse_portal,臺灣證券交易所,公開發行公司基本資料 t187ap03_P,2026-08-15
97173528,台灣佳光電訊股份有限公司,台中市梧棲區中華路一段1080號,1250000000,PUBLIC,20,8986,src_tw_twse_portal,臺灣證券交易所,公開發行公司基本資料 t187ap03_P,2026-08-15
97177762,東台有線電視事業股份有限公司,台東市漢陽北路273號,200000000,PUBLIC,20,8987,src_tw_twse_portal,臺灣證券交易所,公開發行公司基本資料 t187ap03_P,2026-08-15
97174358,大屯有線電視股份有限公司,台中市大里區國光路一段68號,630000000,PUBLIC,20,8988,src_tw_twse_portal,臺灣證券交易所,公開發行公司基本資料 t187ap03_P,2026-08-15
97178452,港都有線電視股份有限公司,高雄市前鎮區三多三路209號,799794220,PUBLIC,20,8990,src_tw_twse_portal,臺灣證券交易所,公開發行公司基本資料 t187ap03_P,2026-08-15
97176736,三大有線電視股份有限公司,彰化縣永靖鄉中山路三段151號,310000000,PUBLIC,20,8991,src_tw_twse_portal,臺灣證券交易所,公開發行公司基本資料 t187ap03_P,2026-08-15
97176807,新頻道有線電視股份有限公司,彰化縣花壇鄉中山路二段768號,1002310260,PUBLIC,20,8992,src_tw_twse_portal,臺灣證券交易所,公開發行公司基本資料 t187ap03_P,2026-08-15
97176757,北港有線電視股份有限公司,雲林縣元長鄉元長南路80號,220000000,PUBLIC,20,8995,src_tw_twse_portal,臺灣證券交易所,公開發行公司基本資料 t187ap03_P,2026-08-15
03795904,台灣電力股份有限公司,台北市羅斯福路3段242號,580000000000,PUBLIC,20,9963,src_tw_twse_portal,臺灣證券交易所,公開發行公司基本資料 t187ap03_P,2026-08-15
11819788,欣泉投資股份有限公司,台北市南京東路二段165號4樓,759276250,PUBLIC,20,9964,src_tw_twse_portal,臺灣證券交易所,公開發行公司基本資料 t187ap03_P,2026-08-15
43409251,台灣華歌爾股份有限公司,桃園縣桃園市經國路15號,800000000,PUBLIC,20,9968,src_tw_twse_portal,臺灣證券交易所,公開發行公司基本資料 t187ap03_P,2026-08-15
11220403,立大開發投資股份有限公司,臺北市大同區南京西路22號12樓,637664760,PUBLIC,20,9971,src_tw_twse_portal,臺灣證券交易所,公開發行公司基本資料 t187ap03_P,2026-08-15
84999365,新永安有線電視股份有限公司,台南市永康區西勢里廣興街95巷3號,930600000,PUBLIC,20,9977,src_tw_twse_portal,臺灣證券交易所,公開發行公司基本資料 t187ap03_P,2026-08-15
84476394,長榮空廚股份有限公司,桃園市大園區航勤北路3號,1537305000,PUBLIC,20,9978,src_tw_twse_portal,臺灣證券交易所,公開發行公司基本資料 t187ap03_P,2026-08-15
96973683,三冠王有線電視股份有限公司,台南市永成路3段409號,825218000,PUBLIC,20,9982,src_tw_twse_portal,臺灣證券交易所,公開發行公司基本資料 t187ap03_P,2026-08-15
89860312,永佳樂有線電視股份有限公司,新北市新莊區中正路651-5號10樓,339400000,PUBLIC,20,9983,src_tw_twse_portal,臺灣證券交易所,公開發行公司基本資料 t187ap03_P,2026-08-15
96973620,全聯有線電視股份有限公司,新北市蘆洲區中山一路十二號三樓,1219630920,PUBLIC,20,9984,src_tw_twse_portal,臺灣證券交易所,公開發行公司基本資料 t187ap03_P,2026-08-15
89406714,觀天下有線電視事業股份有限公司,新北市汐止區大同路二段206號,560000000,PUBLIC,20,9985,src_tw_twse_portal,臺灣證券交易所,公開發行公司基本資料 t187ap03_P,2026-08-15
89407740,南天有線電視股份有限公司,台南市新營區長榮路2段537號,903797240,PUBLIC,20,9986,src_tw_twse_portal,臺灣證券交易所,公開發行公司基本資料 t187ap03_P,2026-08-15
